{
    "OBTResult": {
        "Env": {
            "BuildSystem": "CentOS_Linux_7",
            "Hardware": "CPU/Cores: 16, RAM: 30 GB",
            "IPAddress": "10.20.0.45 (OBT-AWS02)"
        },
        "BuildSet": {
            "Branch": "candidate-9.6.x",
            "BranchDate": "Thu Mar 20 17:40:08 2025",
            "BranchSHA": "64c4775a95a2125435b3ef81453d0ef6440d1505",
            "BuildType": "RelWithDebInfo",
            "Target": "BM/VM"
        },
        "Exclusion": {
            "Build": "MAKE_CASSANDRAEMBED, COUCHBASEEMBED, USE_AZURE, USE_AWS",
            "Unittest": "JlibReaderWriterTestTiming, AtomicTimingTest, AtomicTimingStressTest, RWLockStressTest",
            "MLtest": "ClassicTestModified.ecl, SVCTest.ecl",
            "Regression": "embedded-r, embedded-js, 3rdpartyservice, mongodb, python2"
        },
        "ThorConfig": {
            "Slaves": "4",
            "Channels": "1"
        },
        "Tasks": [
            {
                "Build": {
                    "Result": "PASSED",
                    "CMake": {
                        "Formatted": "13 sec (00:00:13)",
                        "RawSec": "13"
                    },
                    "Build": {
                        "Formatted": "633 sec (00:10:33)",
                        "RawSec": "633"
                    },
                    "Package": {
                        "Formatted": "405 sec (00:06:45)",
                        "RawSec": "405"
                    },
                    "Altogether": {
                        "Formatted": "1051 sec (00:17:31)",
                        "RawSec": "1051"
                    }
                }
            },
            {
                "Install": {
                    "Elaps": "No data"
                }
            },
            {
                "Unittests": {
                    "Result": "FAILED",
                    "Elaps": {
                        "Formatted": "3396 sec (00:56:36)",
                        "RawSec": "3396"
                    },
                    "Total": 378,
                    "Pass": 377,
                    "Fail": 0,
                    "Error": 1,
                    "Timeout": 0
                }
            },
            {
                "Wutooltests": {
                    "Result": "PASSED",
                    "Elaps": {
                        "Formatted": "1 sec (00:00:01)",
                        "RawSec": "1"
                    },
                    "Total": 19,
                    "Pass": 19,
                    "Fail": 0,
                    "Error": 0,
                    "Timeout": 0
                }
            },
            {
                "MLtests": {
                    "Result": "PASSED",
                    "DBSCAN": {
                        "Elaps": {
                            "Formatted": "12 sec  (00:00:12)",
                            "RawSec": "12"
                        },
                        "Total": 2,
                        "Pass": 2,
                        "Fail": 0,
                        "Result": "PASSED"
                    },
                    "GLM": {
                        "Elaps": {
                            "Formatted": "90 sec  (00:01:30)",
                            "RawSec": "90"
                        },
                        "Total": 7,
                        "Pass": 7,
                        "Fail": 0,
                        "Result": "PASSED"
                    },
                    "GNN": {
                        "Elaps": {
                            "Formatted": "77 sec  (00:01:17)",
                            "RawSec": "77"
                        },
                        "Total": 4,
                        "Pass": 4,
                        "Fail": 0,
                        "Result": "PASSED"
                    },
                    "KMeans": {
                        "Elaps": {
                            "Formatted": "5 sec  (00:00:05)",
                            "RawSec": "5"
                        },
                        "Total": 1,
                        "Pass": 1,
                        "Fail": 0,
                        "Result": "PASSED"
                    },
                    "LearningTrees": {
                        "Elaps": {
                            "Formatted": "148 sec  (00:02:28)",
                            "RawSec": "148"
                        },
                        "Total": 3,
                        "Pass": 3,
                        "Fail": 0,
                        "Result": "PASSED"
                    },
                    "PBblas": {
                        "Elaps": {
                            "Formatted": "20 sec  (00:00:20)",
                            "RawSec": "20"
                        },
                        "Total": 2,
                        "Pass": 2,
                        "Fail": 0,
                        "Result": "PASSED"
                    },
                    "SupportVectorMachines": {
                        "Elaps": {
                            "Formatted": "15 sec  (00:00:15)",
                            "RawSec": "15"
                        },
                        "Total": 1,
                        "Pass": 1,
                        "Fail": 0,
                        "Result": "PASSED"
                    },
                    "TextVectors": {
                        "Elaps": {
                            "Formatted": "14 sec  (00:00:14)",
                            "RawSec": "14"
                        },
                        "Total": 5,
                        "Pass": 5,
                        "Fail": 0,
                        "Result": "PASSED"
                    }
                }
            },
            {
                "Setup": {
                    "Result": "PASSED",
                    "hthor": {
                        "Elaps": {
                            "Formatted": "37 sec  (00:00:37)",
                            "RawSec": "37"
                        },
                        "Total": 9,
                        "Pass": 9,
                        "Fail": 0,
                        "Result": "PASSED"
                    },
                    "thor": {
                        "Elaps": {
                            "Formatted": "18 sec  (00:00:18)",
                            "RawSec": "18"
                        },
                        "Total": 9,
                        "Pass": 9,
                        "Fail": 0,
                        "Result": "PASSED"
                    },
                    "roxie": {
                        "Elaps": {
                            "Formatted": "38 sec  (00:00:38)",
                            "RawSec": "38"
                        },
                        "Total": 24,
                        "Pass": 24,
                        "Fail": 0,
                        "Result": "PASSED"
                    }
                }
            },
            {
                "Regress": {
                    "Result": "PASSED",
                    "Hthor": {
                        "Result": "PASSED",
                        "Elaps": {
                            "Formatted": "430 sec  (00:07:10)",
                            "RawSec": "430"
                        },
                        "Total": 1043,
                        "Pass": 1043,
                        "Fail": 0
                    },
                    "Thor": {
                        "Result": "PASSED",
                        "Elaps": {
                            "Formatted": "767 sec  (00:12:47)",
                            "RawSec": "767"
                        },
                        "Total": 932,
                        "Pass": 932,
                        "Fail": 0
                    },
                    "Roxie": {
                        "Result": "PASSED",
                        "Elaps": {
                            "Formatted": "595 sec  (00:09:55)",
                            "RawSec": "595"
                        },
                        "Total": 1148,
                        "Pass": 1148,
                        "Fail": 0
                    }
                }
            },
            {
                "Uninstall": {
                    "Elaps": "No data"
                }
            }
        ],
        "Errors": [
            {}
        ]
    }
}