{
    "OBTResult": {
        "Env": {
            "BuildSystem": "CentOS_Linux_7",
            "Hardware": "CPU/Cores: 16, RAM: 30 GB",
            "IPAddress": "10.20.0.45 (OBT-AWS02)"
        },
        "BuildSet": {
            "Branch": "master",
            "BranchDate": "Thu Mar 20 17:36:16 2025",
            "BranchSHA": "0178f35ef0b0a5870b993699224bd27d48891bb1",
            "BuildType": "Debug",
            "Target": "BM/VM"
        },
        "Exclusion": {
            "Build": "MAKE_CASSANDRAEMBED, COUCHBASEEMBED, USE_AZURE, USE_AWS",
            "Unittest": "JlibReaderWriterTestTiming, AtomicTimingTest, AtomicTimingStressTest, RWLockStressTest",
            "MLtest": "ClassicTestModified.ecl, SVCTest.ecl"
        },
        "ThorConfig": {
            "Slaves": "4",
            "Channels": "1"
        },
        "Tasks": [
            {
                "Build": {
                    "Result": "FAILED",
                    "CMake": {
                        "Formatted": "13 sec (00:00:13)",
                        "RawSec": "13"
                    },
                    "Build": {
                        "Formatted": "165 sec (00:02:45)",
                        "RawSec": "165"
                    },
                    "Package": {
                        "Formatted": "224 sec (00:03:44)",
                        "RawSec": "224"
                    },
                    "Altogether": {
                        "Formatted": "402 sec (00:06:42)",
                        "RawSec": "402"
                    }
                }
            }
        ],
        "Errors": []
    }
}