{
  "OBTResult": {
    "Env": {
      "BuildSystem": "CentOS_Linux_7",
      "Hardware": "vCPU: 8, RAM: 16 GB",
      "IPAddress": "10.20.0.45"
    },
    "Remote": {
      "System": "Minikube",
      "Hardware": "CPU/Cores: 16, RAM: 64 GB",
      "HthorConfig": {
        "Replicas": "3",
        "MaxActive": "4",
        "UseChildProcesses": "true",
        "AllowedPipePrograms": "*"
      },
      "ThorConfig": {
        "NumWorkers": "2",
        "MaxJobs": "4",
        "MaxGraph": "2",
        "MultiJobLinger": "true",
        "LingerPeriod": "200",
        "AllowedPipePrograms": "*"
      },
      "RoxieWorkunitConfig": {
        "Replicas": "1",
        "MaxActive": "20",
        "UseChildProcesses": "true",
        "AllowedPipePrograms": "*"
      }
    },
    "BuildSet": {
      "Branch": "community_9.10.10-rc1",
      "BranchDate": "N/A",
      "BranchSHA": "N/A",
      "BuildType": "Release",
      "Target": "K8s"
    },
    "Exclusion": {
      "Build": "N/A",
      "Documentation": "N/A",
      "Unittest": "N/A",
      "MLtest": "N/A",
      "Regression": "--ef pipefail.ecl -e embedded-r,embedded-js,3rdpartyservice,mongodb,spray"
    },
    "Tasks": [
      {
        "UpdateHelmRepo": {
          "Result": "Done",
          "Elaps": {
            "Formatted": "0 sec 0 sec (00:00:00)",
            "RawSec": "0"
          }
        }
      },
      {
        "CheckLocalPlatform": {
          "Result": "Done",
          "Version": "",
          "Elaps": {
            "Formatted": "38 sec 38 sec (00:00:38)",
            "RawSec": "38"
          }
        }
      },
      {
        "StartMinikube": {
          "Result": "Done",
          "Elaps": {
            "Formatted": "29 sec 29 sec (00:00:29)",
            "RawSec": "29"
          }
        }
      },
      {
        "DeployHPCC": {
          "Result": "Done",
          "Elaps": {
            "Formatted": "1 sec 1 sec (00:00:01)",
            "RawSec": "1"
          }
        }
      },
      {
        "WaitForPODs": {
          "Result": "Done",
          "NumberOfPODs": 52,
          "Elaps": {
            "Formatted": "232 sec 232 sec (00:03:52)",
            "RawSec": "232"
          }
        }
      },
      {
        "ECLWatchAnnotation": {
          "Result": "",
          "Elaps": {
            "Formatted": "39 sec 39 sec (00:00:39)",
            "RawSec": "39"
          }
        }
      },
      {
        "Setup": {
          "Result": "PASSED",
          "hthor": {
            "Elaps": {
              "Formatted": "0 sec (00:00:00)",
              "RawSec": "0"
            },
            "Total": 0,
            "Pass": 0,
            "Fail": 0,
            "Result": "N/A"
          },
          "thor": {
            "Elaps": {
              "Formatted": "85 sec (00:01:25)",
              "RawSec": "85"
            },
            "Total": 9,
            "Pass": 9,
            "Fail": 0,
            "Result": "PASSED"
          },
          "roxie": {
            "Elaps": {
              "Formatted": "78 sec (00:01:18)",
              "RawSec": "78"
            },
            "Total": 24,
            "Pass": 24,
            "Fail": 0,
            "Result": "PASSED"
          }
        }
      },
      {
        " PublishQueries": {
          "Result": "Done",
          "Total": 0,
          "Elaps": {
            "Formatted": "0 sec 0 sec (00:00:00)",
            "RawSec": "0"
          }
        }
      },
      {
        "Regress": {
          "Result": "FAILED",
          "Hthor": {
            "Result": "FAILED",
            "Elaps": {
              "Formatted": "1982 sec (00:33:02)",
              "RawSec": "1982"
            },
            "Total": 1070,
            "Pass": 1063,
            "Fail": 7
          },
          "Thor": {
            "Result": "FAILED",
            "Elaps": {
              "Formatted": "2009 sec (00:33:29)",
              "RawSec": "2009"
            },
            "Total": 945,
            "Pass": 943,
            "Fail": 2
          },
          "Roxie": {
            "Result": "FAILED",
            "Elaps": {
              "Formatted": "2915 sec (00:48:35)",
              "RawSec": "2915"
            },
            "Total": 1141,
            "Pass": 1133,
            "Fail": 8
          }
        }
      },
      {
        "CollectTimings": {
          "Result": "Done",
          "Elaps": {
            "Formatted": "25 sec 25 sec (00:00:25).",
            "RawSec": "25"
          }
        }
      },
      {
        "CollectPODLogs": {
          "Result": "Done",
          "Elaps": {
            "Formatted": "24 sec 24 sec (00:00:24).",
            "RawSec": "24"
          }
        }
      },
      {
        "UninstallPODs": {
          "Result": "Done",
          "Elaps": {
            "Formatted": "101 sec 101 sec (00:01:41)",
            "RawSec": "101"
          }
        }
      },
      {
        "StopMinikube": {
          "Result": "Done",
          "Elaps": {
            "Formatted": "7 sec 7 sec (00:00:07).",
            "RawSec": "7"
          }
        }
      },
      {
        "RunLogProcessor": {
          "Result": "Done",
          "Elaps": {
            "Formatted": "0 sec 0 sec (00:00:00).",
            "RawSec": "0"
          }
        }
      }
    ],
    "Errors": [
      {
        "HthorRegress": [
          "[Failure] 140. Fail cryptoplugin_pke_lfn.ecl - W20250304-165256-1 (2 sec)",
          "[Failure] 586. Fail parquetTypes.ecl ( version: compressionType='UNCOMPRESSED' ) - W20250304-170259 (3 sec)",
          "[Failure] 587. Fail parquetTypes.ecl ( version: compressionType='Snappy' ) - W20250304-170300 (3 sec)",
          "[Failure] 588. Fail parquetTypes.ecl ( version: compressionType='GZip' ) - W20250304-170302 (3 sec)",
          "[Failure] 589. Fail parquetTypes.ecl ( version: compressionType='Brotli' ) - W20250304-170303 (3 sec)",
          "[Failure] 590. Fail parquetTypes.ecl ( version: compressionType='LZ4' ) - W20250304-170306 (3 sec)",
          "[Failure] 591. Fail parquetTypes.ecl ( version: compressionType='ZSTD' ) - W20250304-170307 (3 sec)"
        ]
      },
      {
        "ThorRegress": [
          "[Failure] 137. Fail cryptoplugin_pke_lfn.ecl - W20250304-172524 (2 sec)",
          "[Failure] 258. Fail external.ecl - W20250304-172755 (3 sec)"
        ]
      },
      {
        "RoxieRegress": [
          "[Failure] 151. Fail cryptoplugin_pke_lfn.ecl - W20250304-180144 (3 sec)",
          "[Failure] 285. Fail external.ecl - W20250304-180542 (3 sec)",
          "[Failure] 287. Fail externalplane.ecl - W20250304-180546 (3 sec)",
          "[Failure] 729. Fail rewrite.ecl - W20250304-182134 (3 sec)",
          "[Failure] 1099. Fail workflow_9b.ecl ( version: parallel=false ) - W20250304-184214 (3 sec)",
          "[Failure] 1100. Fail workflow_9b.ecl ( version: parallel=true ) - W20250304-184217 (3 sec)",
          "[Failure] 1102. Fail workflow_9c.ecl ( version: parallel=true ) - W20250304-184220 (41 sec)",
          "[Failure] 1101. Fail workflow_9c.ecl ( version: parallel=false ) - W20250304-184218 (52 sec)"
        ]
      }
    ]
  }
}
