{
    "OBTResult": {
        "Env": {
            "BuildSystem" : "Ubuntu_22_04_5_LTS",
            "Hardware": "CPU/Cores: 8, RAM: 16 GB",
            "IPAddress": "192.168.1.54"
        },
         "Remote" : {
            "System" : "AKS",
            "VmSize" : "Standard_D16s_v4",
            "Hardware": "CPU/Cores: 16, RAM: 64 GB",
            "HthorConfig": {
                "Replicas": "3",
                "MaxActive": "4",
                "UseChildProcesses" : "true",
                "AllowedPipePrograms" : "*"
            },
            "ThorConfig":{
                "NumWorkers": "2",
                "MaxJobs": "4",
                "MaxGraph" : "2",
                "MultiJobLinger" : "true",
                "LingerPeriod" : "200",
                "AllowedPipePrograms" : "*"
            },
            "RoxieWorkunitConfig": {
                "Replicas": "1",
                "MaxActive":"20",
                "UseChildProcesses" : "true",
                "AllowedPipePrograms" : "*"
            }
        },
        "BuildSet": {
            "Branch": "community_9.10.12-rc1",
            "BranchDate": "N/A",
            "BranchSHA": "N/A",
            "BuildType": "Release",
            "Target": "K8s"
        },
        "Exclusion": {
            "Build": "N/A",
            "Documentation": "N/A",
            "Unittest": "N/A",
            "MLtest": "N/A",
            "Regression": "--ef pipefail.ecl -e embedded-r,embedded-js,3rdpartyservice,mongodb,spray"
        },
        "Tasks": [
            {
                "UpdateHelmRepo": {
                    "Result" : "Done",
                    "Elaps": {
                        "Formatted": "6 sec (00:00:06)",
                        "RawSec": "6"
                    }
                }
            },
            {
                "UpgradeTerraform": {
                    "Result" : "Done",
                    "Version" : "Terraform v1.11.0",
                    "Elaps": {
                        "Formatted": "72 sec (00:01:12)",
                        "RawSec": "72"
                    }
                }
            },
            {
                "CreateVirtualNetwork": {
                    "Result" : "Done (retCode: 0)",
                    "NumberOfResources" : 11,
                    "Elaps": {
                        "Formatted": "147 sec (00:02:27)",
                        "RawSec": "147"
                    }
                }
            },
            {
                "CreateStorage": {
                    "Result" : "Done (retCode: 0)",
                    "NumberOfResources" : 17,
                    "Elaps": {
                        "Formatted": "210 sec (00:03:30)",
                        "RawSec": "210"
                    }
                }
            },
            {
                "CreateAKS": {
                    "Result" : "Done",
                    "NumberOfResources" : 20,
                    "Elaps": {
                        "Formatted": "529 sec (00:08:49)",
                        "RawSec": "529"
                    }
                }
            },
            {
                "ECLWatchAnnotation": {
                    "Result": "Done",
                    "Elaps": {
                        "Formatted": "66 sec (00:01:06)",
                        "RawSec": "66"
                    }
                }
            },
            {
                "Setup": {
                    "Result": "PASSED",
                    "hthor": {
                        "Elaps": {
                            "Formatted": "0 sec (00:00:00)",
                            "RawSec": "0"
                        },
                        "Total": 0,
                        "Pass": 0,
                        "Fail": 0,
                        "Result": "N/A"
                    },
                    "thor": {
                        "Elaps": {
                            "Formatted": "66 sec (00:01:06)",
                            "RawSec": "66"
                        },
                        "Total": 9,
                        "Pass": 9,
                        "Fail": 0,
                        "Result": "PASSED"
                    },
                    "roxie": {
                        "Elaps": {
                            "Formatted": "117 sec (00:01:57)",
                            "RawSec": "117"
                        },
                        "Total": 24,
                        "Pass": 24,
                        "Fail": 0,
                        "Result": "PASSED"
                    }
                }
            },
            {
                "PublishQueries": {
                    "Result" : "Done",
                    "Total" : 0,
                    "Elaps": {
                        "Formatted": "1 sec (00:00:01)",
                        "RawSec": "1"
                    }
                }
            },
            {
                "Regress": {
                    "Result": "FAILED",
                    "Hthor": {
                        "Result": "FAILED",
                        "Elaps": {
                            "Formatted": "4269 sec (01:11:09)",
                            "RawSec": "4269"
                        },
                        "Total": 1070,
                        "Pass": 1063,
                        "Fail": 7
                    },
                    "Thor": {
                        "Result": "FAILED",
                        "Elaps": {
                            "Formatted": "3767 sec (01:02:47)",
                            "RawSec": "3767"
                        },
                        "Total":  945,
                        "Pass": 943,
                        "Fail": 2
                    },
                    "Roxie": {
                        "Result": "FAILED",
                        "Elaps": {
                            "Formatted": "5194 sec (01:26:34)",
                            "RawSec": "5194"
                        },
                        "Total":  1141,
                        "Pass": 1095,
                        "Fail": 46
                    }
                }
            },
            {
                "CollectTimings": {
                    "Result" : "Done",
                    "Elaps": {
                        "Formatted": "1052 sec (00:17:32).",
                        "RawSec": "1052"
                    }
                }
            },
            {
                "CollectPODLogs": {
                    "Result" : "Done",
                    "Elaps": {
                        "Formatted": "398 sec (00:06:38).",
                        "RawSec": "398"
                    }
                }
            },
            {
                "DestroyAKS": {
                    "Result" : "Done (retCode: 0)",
                    "NumberOfResources" : 20,
                    "Elaps": {
                        "Formatted": "1169 sec (00:19:29)",
                        "RawSec": "1169"
                    }
                }
            },
            {
                "DestroyStorage": {
                    "Result" : "Done (retCode: 0)",
                    "NumberOfResources" : 17,
                    "Elaps": {
                        "Formatted": "148 sec (00:02:28)",
                        "RawSec": "148"
                    }
                }
            },
            {
                "DestroyVirtualNetwork": {
                    "Result" : "Done (retCode: 0)",
                    "NumberOfResources" : 11,
                    "Elaps": {
                        "Formatted": "170 sec (00:02:50)",
                        "RawSec": "170"
                    }
                }
            },
            {
                "RunLogProcessor": {
                   "Result": "Done",
                    "Elaps": {
                        "Formatted": "1 sec (00:00:01).",
                        "RawSec": "1"
                    }
                }
            }
        ],
        "Errors": [
            
            
            
            {
            "HthorRegress" : [
                "[Failure] 140. Fail cryptoplugin_pke_lfn.ecl - W20250310-102721 (6 sec)",
                "[Failure] 586. Fail parquetTypes.ecl ( version: compressionType='UNCOMPRESSED' ) - W20250310-105340 (8 sec)",
                "[Failure] 587. Fail parquetTypes.ecl ( version: compressionType='Snappy' ) - W20250310-105342 (8 sec)",
                "[Failure] 588. Fail parquetTypes.ecl ( version: compressionType='GZip' ) - W20250310-105349 (8 sec)",
                "[Failure] 589. Fail parquetTypes.ecl ( version: compressionType='Brotli' ) - W20250310-105351 (8 sec)",
                "[Failure] 590. Fail parquetTypes.ecl ( version: compressionType='LZ4' ) - W20250310-105359 (8 sec)",
                "[Failure] 591. Fail parquetTypes.ecl ( version: compressionType='ZSTD' ) - W20250310-105401 (8 sec)"
                ]
            },
            {
            "ThorRegress" : [
                "[Failure] 137. Fail cryptoplugin_pke_lfn.ecl - W20250310-113727 (6 sec)",
                "[Failure] 258. Fail external.ecl - W20250310-114410 (6 sec)"
            ]
        },
            {
            "RoxieRegress" : [
                "[Failure] 151. Fail cryptoplugin_pke_lfn.ecl - W20250310-124440 (7 sec)",
                "[Failure] 190. Fail dfs.ecl - W20250310-124709 (7 sec)",
                "[Failure] 195. Fail dfsfj.ecl - W20250310-124727 (7 sec)",
                "[Failure] 196. Fail dfsfj2.ecl - W20250310-124728 (7 sec)",
                "[Failure] 200. Fail dfsrecordof.ecl - W20250310-124744 (7 sec)",
                "[Failure] 285. Fail external.ecl - W20250310-125321 (7 sec)",
                "[Failure] 287. Fail externalplane.ecl - W20250310-125330 (7 sec)",
                "[Failure] 389. Fail indexmerge.ecl ( version: multiPart=false ) - W20250310-130037 (8 sec)",
                "[Failure] 575. Fail mergechild.ecl ( version: multiPart=false ) - W20250310-131421-1 (7 sec)",
                "[Failure] 671. Fail pullindex2.ecl ( version: multiPart=false ) - W20250310-132106 (7 sec)",
                "[Failure] 729. Fail rewrite.ecl - W20250310-132507 (7 sec)",
                "[Failure] 880. Fail steplimit1.ecl ( version: multiPart=false ) - W20250310-133700-3 (7 sec)",
                "[Failure] 882. Fail steplimit2.ecl ( version: multiPart=false ) - W20250310-133709 (7 sec)",
                "[Failure] 902. Fail stepping7.ecl ( version: multiPart=false ) - W20250310-133830 (8 sec)",
                "[Failure] 904. Fail stepping7a.ecl ( version: multiPart=false ) - W20250310-133839 (8 sec)",
                "[Failure] 906. Fail stepping7b.ecl ( version: multiPart=false ) - W20250310-133848 (7 sec)",
                "[Failure] 908. Fail stepping7c.ecl ( version: multiPart=false ) - W20250310-133857 (7 sec)",
                "[Failure] 910. Fail stepping7d.ecl ( version: multiPart=false ) - W20250310-133906 (7 sec)",
                "[Failure] 912. Fail stepping7e.ecl ( version: multiPart=false ) - W20250310-133915 (7 sec)",
                "[Failure] 914. Fail stepping7f.ecl ( version: multiPart=false ) - W20250310-133924 (7 sec)",
                "[Failure] 916. Fail stepping7g.ecl ( version: multiPart=false ) - W20250310-133932 (7 sec)",
                "[Failure] 918. Fail stepping7h.ecl ( version: multiPart=false ) - W20250310-133941 (7 sec)",
                "[Failure] 920. Fail stepping8.ecl ( version: multiPart=false ) - W20250310-133950 (7 sec)",
                "[Failure] 922. Fail stepping8a.ecl ( version: multiPart=false ) - W20250310-133959 (8 sec)",
                "[Failure] 924. Fail stepping8b.ecl ( version: multiPart=false ) - W20250310-134008 (8 sec)",
                "[Failure] 926. Fail stepping9a.ecl ( version: multiPart=false ) - W20250310-134017 (7 sec)",
                "[Failure] 928. Fail stepping9b.ecl ( version: multiPart=false ) - W20250310-134026 (7 sec)",
                "[Failure] 937. Fail stresstext.ecl ( version: multiPart=false ) - W20250310-134058 (11 sec)",
                "[Failure] 939. Fail stresstext.ecl ( version: multiPart=false, variant='default' ) - W20250310-134110 (10 sec)",
                "[Failure] 940. Fail stresstext.ecl ( version: multiPart=false, variant='inplace' ) - W20250310-134120 (11 sec)",
                "[Failure] 941. Fail stresstext.ecl ( version: multiPart=false, variant='inplace_row' ) - W20250310-134122 (10 sec)",
                "[Failure] 942. Fail stresstext.ecl ( version: multiPart=false, variant='inplace_lzw' ) - W20250310-134132 (10 sec)",
                "[Failure] 943. Fail stresstext.ecl ( version: multiPart=false, variant='inplace_lz4hc' ) - W20250310-134133 (10 sec)",
                "[Failure] 944. Fail stresstext_if.ecl ( version: multiPart=false ) - W20250310-134145 (8 sec)",
                "[Failure] 997. Fail textsearch4.ecl ( version: multiPart=false ) - W20250310-134849 (16 sec)",
                "[Failure] 1046. Fail verifytextindex.ecl ( version: multiPart=false, variant='default' ) - W20250310-135245 (7 sec)",
                "[Failure] 1047. Fail verifytextindex.ecl ( version: multiPart=false, variant='inplace' ) - W20250310-135246 (7 sec)",
                "[Failure] 1048. Fail verifytextindex.ecl ( version: multiPart=false, variant='inplace_row' ) - W20250310-135254 (8 sec)",
                "[Failure] 1049. Fail verifytextindex.ecl ( version: multiPart=false, variant='inplace_lzw' ) - W20250310-135254-3 (8 sec)",
                "[Failure] 1050. Fail verifytextindex.ecl ( version: multiPart=false, variant='inplace_lz4hc' ) - W20250310-135304-3 (8 sec)",
                "[Failure] 1097. Fail workflow_9a.ecl ( version: parallel=false ) - W20250310-135623-5 (8 sec)",
                "[Failure] 1098. Fail workflow_9a.ecl ( version: parallel=true ) - W20250310-135623 (9 sec)",
                "[Failure] 1099. Fail workflow_9b.ecl ( version: parallel=false ) - W20250310-135633 (9 sec)",
                "[Failure] 1100. Fail workflow_9b.ecl ( version: parallel=true ) - W20250310-135633-2 (9 sec)",
                "[Failure] 1102. Fail workflow_9c.ecl ( version: parallel=true ) - W20250310-135643 (27 sec)",
                "[Failure] 1101. Fail workflow_9c.ecl ( version: parallel=false ) - W20250310-135644 (28 sec)"
            ]
        }
        ]
    }
}
