{
    "OBTResult":{
        "Env":{
            "BuildSystem":"CentOS_Linux_7",
            "Hardware":"vCPU: 8, RAM: 16 GB",
            "IPAddress":"10.20.0.45"
        },
        "Remote" : {
            "System" : "Minikube",
            "Hardware": "CPU/Cores: 16, RAM: 64 GB",
            "HthorConfig" : {
                "Replicas" : "3",
                "MaxActive" : "4",
                "UseChildProcesses" : "true",
                "AllowedPipePrograms" : "*"
            },
            "ThorConfig" : {
                "NumWorkers" : "2",
                "MaxJobs" : "4",
                "MaxGraph" : "2",
                "MultiJobLinger" : "true",
                "LingerPeriod" : "200",
                "AllowedPipePrograms" : "*"
            },
            "RoxieWorkunitConfig" : {
                "Replicas" : "1",
                "MaxActive" : "20",
                "UseChildProcesses" : "true",
                "AllowedPipePrograms" : "*"
            },
        },
        "BuildSet":{
            "Branch" : "community_9.10.16-1 Gold",
            "BranchDate" : "N/A",
            "BranchSHA" : "N/A",
            "BuildType" : "Release",
            "Target" : "K8s"
        },
        "Exclusion":{
            "Build" : "N/A",
            "Documentation" : "N/A",
            "Unittest" : "N/A",
            "MLtest" : "N/A",
            "Regression" : "--ef pipefail.ecl -e embedded-r,embedded-js,3rdpartyservice,mongodb,spray"
        },
        "Tasks" : [
            {
                "UpdateHelmRepo" : {
                    "Result" : "Done",
                    "Elaps" : {
                        "Formatted":"0 sec 0 sec (00:00:00)",
                        "RawSec":"0"
                    }
                }
            },
            {
                "CheckLocalPlatform":{
                    "Result":"Done",
                    "Version":"",
                    "Elaps":{
                        "Formatted":"37 sec 37 sec (00:00:37)",
                        "RawSec":"37"
                    }
                }
            },
            {
                "StartMinikube":{
                    "Result":"Done",
                    "Elaps":{
                        "Formatted":"27 sec 27 sec (00:00:27)",
                        "RawSec":"27"
                    }
                }
            },
            {
                "DeployHPCC":{
                    "Result":"Done",
                    "Elaps":{
                        "Formatted":"1 sec 1 sec (00:00:01)",
                        "RawSec":"1"
                    }
                }
            },
            {
                "WaitForPODs":{
                    "Result":"Done",
                    "NumberOfPODs": 52,
                    "Elaps":{
                        "Formatted":"221 sec 221 sec (00:03:41)",
                        "RawSec":"221"
                    }
                }
            },
            {
                "ECLWatchAnnotation":{
                    "Result":"",
                    "Elaps":{
                        "Formatted":"39 sec 39 sec (00:00:39)",
                        "RawSec":"39"
                    }
                }
            },
            {
                "Setup":{
                    "Result":"PASSED",
                    "hthor":{
                        "Elaps":{
                            "Formatted":"0 sec (00:00:00)",
                            "RawSec":"0"
                        },
                        "Total": 0,
                        "Pass": 0,
                        "Fail": 0,
                        "Result":"N/A"
                    },
                    "thor":{
                        "Elaps":{
                            "Formatted":"90 sec (00:01:30)",
                            "RawSec":"90"
                        },
                        "Total": 9,
                        "Pass": 9,
                        "Fail": 0,
                        "Result": PASSED
                    },
                    "roxie":{
                        "Elaps":{
                            "Formatted":"76 sec (00:01:16)",
                            "RawSec":"76"
                        },
                        "Total": 24,
                        "Pass": 24,
                        "Fail": 0,
                        "Result":"PASSED"
                    }
                }
            },
            {
                " PublishQueries":{
                    "Result":"Done",
                    "Total": 0,
                    "Elaps":{
                        "Formatted":"0 sec 0 sec (00:00:00)",
                        "RawSec":"0"
                    }
                }
            },
            {
                "Regress":{
                    "Result":"FAILED",
                    "Hthor":{
                        "Result":"FAILED",
                        "Elaps":{
                            "Formatted":"1871 sec (00:31:11)",
                            "RawSec":"1871"
                        },
                        "Total": 1070,
                        "Pass": 1063,
                        "Fail": 7
                    },
                    "Thor":{
                        "Result":"FAILED",
                        "Elaps":{
                            "Formatted":"1890 sec (00:31:30)",
                            "RawSec":"1890"
                        },
                        "Total": 945,
                        "Pass": 943,
                        "Fail": 2
                    },
                    "Roxie":{
                        "Result":"FAILED",
                        "Elaps":{
                            "Formatted":"2738 sec (00:45:38)",
                            "RawSec":"2738"
                        },
                        "Total": 1141,
                        "Pass": 1133,
                        "Fail": 8
                    }
                }
            },
            {
                "CollectTimings":{
                    "Result":"Done",
                    "Elaps":{
                        "Formatted":"23 sec 23 sec (00:00:23).",
                        "RawSec":"23"
                    }
                }
            },
            {
                "CollectPODLogs":{
                    "Result":"Done",
                    "Elaps":{
                        "Formatted":"23 sec 23 sec (00:00:23).",
                        "RawSec":"23"
                    }
                }
            },
            {
                "UninstallPODs":{
                    "Result":"Done",
                    "Elaps":{
                        "Formatted":"101 sec 101 sec (00:01:41)",
                        "RawSec":"101"
                    }
                }
            },
            {
                "StopMinikube":{
                    "Result":"Done",
                    "Elaps":{
                        "Formatted":"12 sec 12 sec (00:00:12).",
                        "RawSec":"12"
                    }
                }
            },
            {
                "RunLogProcessor":{
                    "Result":"Done",
                    "Elaps":{
                        "Formatted":"0 sec 0 sec (00:00:00).",
                        "RawSec":"0"
                    }
                }
            }
        ],
        "Errors":[
            
            
            
            {
            "HthorRegress" : [
                "[Failure] 140. Fail cryptoplugin_pke_lfn.ecl - W20250329-174727 (1 sec)",
                "[Failure] 586. Fail parquetTypes.ecl ( version: compressionType='UNCOMPRESSED' ) - W20250329-175657 (3 sec)",
                "[Failure] 587. Fail parquetTypes.ecl ( version: compressionType='Snappy' ) - W20250329-175657-4 (3 sec)",
                "[Failure] 588. Fail parquetTypes.ecl ( version: compressionType='GZip' ) - W20250329-175700 (3 sec)",
                "[Failure] 589. Fail parquetTypes.ecl ( version: compressionType='Brotli' ) - W20250329-175700-1 (3 sec)",
                "[Failure] 590. Fail parquetTypes.ecl ( version: compressionType='LZ4' ) - W20250329-175703 (3 sec)",
                "[Failure] 591. Fail parquetTypes.ecl ( version: compressionType='ZSTD' ) - W20250329-175704 (3 sec)",
                ],
            },
            {
            "ThorRegress" : [
                "[Failure] 137. Fail cryptoplugin_pke_lfn.ecl - W20250329-181803 (1 sec)",
                "[Failure] 258. Fail external.ecl - W20250329-182021-2 (2 sec)",
            ],
        },
            {
            "RoxieRegress" : [
                "[Failure] 151. Fail cryptoplugin_pke_lfn.ecl - W20250329-185225 (3 sec)",
                "[Failure] 285. Fail external.ecl - W20250329-185612 (3 sec)",
                "[Failure] 287. Fail externalplane.ecl - W20250329-185615 (3 sec)",
                "[Failure] 729. Fail rewrite.ecl - W20250329-191109 (3 sec)",
                "[Failure] 1099. Fail workflow_9b.ecl ( version: parallel=false ) - W20250329-193014 (3 sec)",
                "[Failure] 1100. Fail workflow_9b.ecl ( version: parallel=true ) - W20250329-193016 (3 sec)",
                "[Failure] 1101. Fail workflow_9c.ecl ( version: parallel=false ) - W20250329-193017 (51 sec)",
                "[Failure] 1102. Fail workflow_9c.ecl ( version: parallel=true ) - W20250329-193019 (51 sec)",
            ],
        }
        ]
    }
}
