{
    "OBTResult": {
        "Env": {
            "BuildSystem" : "Ubuntu_22_04_5_LTS",
            "Hardware": "CPU/Cores: 8, RAM: 16 GB",
            "IPAddress": "192.168.1.54"
        },
         "Remote" : {
            "System" : "AKS",
            "VmSize" : "Standard_D16s_v4",
            "Hardware": "CPU/Cores: 16, RAM: 64 GB",
            "HthorConfig": {
                "Replicas": "3",
                "MaxActive": "4",
                "UseChildProcesses" : "true",
                "AllowedPipePrograms" : "*"
            },
            "ThorConfig":{
                "NumWorkers": "2",
                "MaxJobs": "4",
                "MaxGraph" : "2",
                "MultiJobLinger" : "true",
                "LingerPeriod" : "200",
                "AllowedPipePrograms" : "*"
            },
            "RoxieWorkunitConfig": {
                "Replicas": "1",
                "MaxActive":"20",
                "UseChildProcesses" : "true",
                "AllowedPipePrograms" : "*"
            }
        },
        "BuildSet": {
            "Branch": "community_9.10.14-2 Gold",
            "BranchDate": "N/A",
            "BranchSHA": "N/A",
            "BuildType": "Release",
            "Target": "K8s"
        },
        "Exclusion": {
            "Build": "N/A",
            "Documentation": "N/A",
            "Unittest": "N/A",
            "MLtest": "N/A",
            "Regression": "--ef pipefail.ecl -e embedded-r,embedded-js,3rdpartyservice,mongodb"
        },
        "Tasks": [
            {
                "UpdateHelmRepo": {
                    "Result" : "Done",
                    "Elaps": {
                        "Formatted": "6 sec (00:00:06)",
                        "RawSec": "6"
                    }
                }
            },
            {
                "UpgradeTerraform": {
                    "Result" : "Done",
                    "Version" : "Terraform v1.11.2",
                    "Elaps": {
                        "Formatted": "16 sec (00:00:16)",
                        "RawSec": "16"
                    }
                }
            },
            {
                "CreateVirtualNetwork": {
                    "Result" : "Done (retCode: 0)",
                    "NumberOfResources" : 11,
                    "Elaps": {
                        "Formatted": "114 sec (00:01:54)",
                        "RawSec": "114"
                    }
                }
            },
            {
                "CreateStorage": {
                    "Result" : "Done (retCode: 0)",
                    "NumberOfResources" : 17,
                    "Elaps": {
                        "Formatted": "93 sec (00:01:33)",
                        "RawSec": "93"
                    }
                }
            },
            {
                "CreateAKS": {
                    "Result" : "Done",
                    "NumberOfResources" : 20,
                    "Elaps": {
                        "Formatted": "491 sec (00:08:11)",
                        "RawSec": "491"
                    }
                }
            },
            {
                "ECLWatchAnnotation": {
                    "Result": "Done",
                    "Elaps": {
                        "Formatted": "66 sec (00:01:06)",
                        "RawSec": "66"
                    }
                }
            },
            {
                "Setup": {
                    "Result": "PASSED",
                    "hthor": {
                        "Elaps": {
                            "Formatted": "0 sec (00:00:00)",
                            "RawSec": "0"
                        },
                        "Total": 0,
                        "Pass": 0,
                        "Fail": 0,
                        "Result": "N/A"
                    },
                    "thor": {
                        "Elaps": {
                            "Formatted": "63 sec (00:01:03)",
                            "RawSec": "63"
                        },
                        "Total": 9,
                        "Pass": 9,
                        "Fail": 0,
                        "Result": "PASSED"
                    },
                    "roxie": {
                        "Elaps": {
                            "Formatted": "112 sec (00:01:52)",
                            "RawSec": "112"
                        },
                        "Total": 24,
                        "Pass": 24,
                        "Fail": 0,
                        "Result": "PASSED"
                    }
                }
            },
            {
                "PublishQueries": {
                    "Result" : "Done",
                    "Total" : 0,
                    "Elaps": {
                        "Formatted": "0 sec (00:00:00)",
                        "RawSec": "0"
                    }
                }
            },
            {
                "Regress": {
                    "Result": "FAILED",
                    "Hthor": {
                        "Result": "FAILED",
                        "Elaps": {
                            "Formatted": "65 sec (00:01:05)",
                            "RawSec": "65"
                        },
                        "Total": 18,
                        "Pass": 17,
                        "Fail": 1
                    },
                    "Thor": {
                        "Result": "FAILED",
                        "Elaps": {
                            "Formatted": "58 sec (00:00:58)",
                            "RawSec": "58"
                        },
                        "Total":  15,
                        "Pass": 13,
                        "Fail": 2
                    },
                    "Roxie": {
                        "Result": "FAILED",
                        "Elaps": {
                            "Formatted": "233 sec (00:03:53)",
                            "RawSec": "233"
                        },
                        "Total":  52,
                        "Pass": 29,
                        "Fail": 23
                    }
                }
            },
            {
                "CollectTimings": {
                    "Result" : "Done",
                    "Elaps": {
                        "Formatted": "40 sec (00:00:40).",
                        "RawSec": "40"
                    }
                }
            },
            {
                "CollectPODLogs": {
                    "Result" : "Done",
                    "Elaps": {
                        "Formatted": "269 sec (00:04:29).",
                        "RawSec": "269"
                    }
                }
            },
            {
                "DestroyAKS": {
                    "Result" : "Done (retCode: 0)",
                    "NumberOfResources" : 20,
                    "Elaps": {
                        "Formatted": "1035 sec (00:17:15)",
                        "RawSec": "1035"
                    }
                }
            },
            {
                "DestroyStorage": {
                    "Result" : "Done (retCode: 0)",
                    "NumberOfResources" : 17,
                    "Elaps": {
                        "Formatted": "139 sec (00:02:19)",
                        "RawSec": "139"
                    }
                }
            },
            {
                "DestroyVirtualNetwork": {
                    "Result" : "Done (retCode: 0)",
                    "NumberOfResources" : 11,
                    "Elaps": {
                        "Formatted": "146 sec (00:02:26)",
                        "RawSec": "146"
                    }
                }
            },
            {
                "RunLogProcessor": {
                   "Result": "Done",
                    "Elaps": {
                        "Formatted": "1 sec (00:00:01).",
                        "RawSec": "1"
                    }
                }
            }
        ],
        "Errors": [
            
            
            
            {
            "HthorRegress" : [
                "[Failure]   3. Fail cryptoplugin_pke_lfn.ecl - W20250319-215046 (6 sec)"
                ]
            },
            {
            "ThorRegress" : [
                "[Failure]   2. Fail cryptoplugin_pke_lfn.ecl - W20250319-215144 (6 sec)",
                "[Failure]   3. Fail external.ecl - W20250319-215151 (6 sec)"
            ]
        },
            {
            "RoxieRegress" : [
                "[Failure]   2. Fail cryptoplugin_pke_lfn.ecl - W20250319-215242 (7 sec)",
                "[Failure]   3. Fail external.ecl - W20250319-215251 (7 sec)",
                "[Failure]  32. Fail spray_dir_test.ecl - W20250319-215443 (8 sec)",
                "[Failure]  33. Fail spray_expire_test.ecl - W20250319-215444 (8 sec)",
                "[Failure]  34. Fail spray_header_test.ecl ( version: isTerminated=false ) - W20250319-215453 (8 sec)",
                "[Failure]  35. Fail spray_header_test.ecl ( version: isTerminated=true ) - W20250319-215454 (8 sec)",
                "[Failure]  37. Fail spray_replicate_test.ecl - W20250319-215503 (7 sec)",
                "[Failure]  38. Fail spray_test.ecl ( version: sprayFixed=true ) - W20250319-215512 (8 sec)",
                "[Failure]  36. Fail spray_queue_test.ecl - W20250319-215502 (23 sec)",
                "[Failure]  39. Fail spray_test.ecl ( version: sprayFixed=false, sprayEmpty=false ) - W20250319-215521 (8 sec)",
                "[Failure]  40. Fail spray_test.ecl ( version: sprayFixed=false, sprayEmpty=true ) - W20250319-215527 (8 sec)",
                "[Failure]  41. Fail spray_test_json.ecl ( version: isSmallFile=true, isUnBallanced=false ) - W20250319-215530 (8 sec)",
                "[Failure]  42. Fail spray_test_json.ecl ( version: isSmallFile=true, isUnBallanced=true ) - W20250319-215536 (8 sec)",
                "[Failure]  43. Fail spray_test_json.ecl ( version: isSmallFile=false ) - W20250319-215540 (8 sec)",
                "[Failure]  44. Fail spray_test_xml.ecl ( version: xml_header='none', xml_footer='none' ) - W20250319-215546 (8 sec)",
                "[Failure]  45. Fail spray_test_xml.ecl ( version: xml_header='none', xml_footer='short' ) - W20250319-215550 (8 sec)",
                "[Failure]  46. Fail spray_test_xml.ecl ( version: xml_header='none', xml_footer='long' ) - W20250319-215556 (8 sec)",
                "[Failure]  47. Fail spray_test_xml.ecl ( version: xml_header='short', xml_footer='none' ) - W20250319-215600 (8 sec)",
                "[Failure]  48. Fail spray_test_xml.ecl ( version: xml_header='short', xml_footer='short' ) - W20250319-215606 (8 sec)",
                "[Failure]  49. Fail spray_test_xml.ecl ( version: xml_header='short', xml_footer='long' ) - W20250319-215609 (8 sec)",
                "[Failure]  50. Fail spray_test_xml.ecl ( version: xml_header='long', xml_footer='none' ) - W20250319-215616 (8 sec)",
                "[Failure]  51. Fail spray_test_xml.ecl ( version: xml_header='long', xml_footer='short' ) - W20250319-215618 (8 sec)",
                "[Failure]  52. Fail spray_test_xml.ecl ( version: xml_header='long', xml_footer='long' ) - W20250319-215625 (8 sec)"
            ]
        }
        ]
    }
}
