{
    "OBTResult": {
        "Env": {
            "BuildSystem" : "Ubuntu_22_04_5_LTS",
            "Hardware": "CPU/Cores: 8, RAM: 16 GB",
            "IPAddress": "192.168.1.54"
        },
         "Remote" : {
            "System" : "AKS",
            "VmSize" : "Standard_D16s_v4",
            "Hardware": "CPU/Cores: 16, RAM: 64 GB",
            "HthorConfig": {
                "Replicas": "3",
                "MaxActive": "4",
                "UseChildProcesses" : "true",
                "AllowedPipePrograms" : "*"
            },
            "ThorConfig":{
                "NumWorkers": "2",
                "MaxJobs": "4",
                "MaxGraph" : "2",
                "MultiJobLinger" : "true",
                "LingerPeriod" : "200",
                "AllowedPipePrograms" : "*"
            },
            "RoxieWorkunitConfig": {
                "Replicas": "1",
                "MaxActive":"20",
                "UseChildProcesses" : "true",
                "AllowedPipePrograms" : "*"
            }
        },
        "BuildSet": {
            "Branch": "community_9.10.10-rc1",
            "BranchDate": "N/A",
            "BranchSHA": "N/A",
            "BuildType": "Release",
            "Target": "K8s"
        },
        "Exclusion": {
            "Build": "N/A",
            "Documentation": "N/A",
            "Unittest": "N/A",
            "MLtest": "N/A",
            "Regression": "--ef pipefail.ecl -e embedded-r,embedded-js,3rdpartyservice,mongodb,spray"
        },
        "Tasks": [
            {
                "UpdateHelmRepo": {
                    "Result" : "Done",
                    "Elaps": {
                        "Formatted": "4 sec (00:00:04)",
                        "RawSec": "4"
                    }
                }
            },
            {
                "UpgradeTerraform": {
                    "Result" : "Done",
                    "Version" : "Terraform v1.11.0",
                    "Elaps": {
                        "Formatted": "61 sec (00:01:01)",
                        "RawSec": "61"
                    }
                }
            },
            {
                "CreateVirtualNetwork": {
                    "Result" : "Done (retCode: 0)",
                    "NumberOfResources" : 11,
                    "Elaps": {
                        "Formatted": "123 sec (00:02:03)",
                        "RawSec": "123"
                    }
                }
            },
            {
                "CreateStorage": {
                    "Result" : "Done (retCode: 0)",
                    "NumberOfResources" : 17,
                    "Elaps": {
                        "Formatted": "150 sec (00:02:30)",
                        "RawSec": "150"
                    }
                }
            },
            {
                "CreateAKS": {
                    "Result" : "Done",
                    "NumberOfResources" : 20,
                    "Elaps": {
                        "Formatted": "502 sec (00:08:22)",
                        "RawSec": "502"
                    }
                }
            },
            {
                "ECLWatchAnnotation": {
                    "Result": "Done",
                    "Elaps": {
                        "Formatted": "66 sec (00:01:06)",
                        "RawSec": "66"
                    }
                }
            },
            {
                "Setup": {
                    "Result": "PASSED",
                    "hthor": {
                        "Elaps": {
                            "Formatted": "0 sec (00:00:00)",
                            "RawSec": "0"
                        },
                        "Total": 0,
                        "Pass": 0,
                        "Fail": 0,
                        "Result": "N/A"
                    },
                    "thor": {
                        "Elaps": {
                            "Formatted": "68 sec (00:01:08)",
                            "RawSec": "68"
                        },
                        "Total": 9,
                        "Pass": 9,
                        "Fail": 0,
                        "Result": "PASSED"
                    },
                    "roxie": {
                        "Elaps": {
                            "Formatted": "118 sec (00:01:58)",
                            "RawSec": "118"
                        },
                        "Total": 24,
                        "Pass": 24,
                        "Fail": 0,
                        "Result": "PASSED"
                    }
                }
            },
            {
                "PublishQueries": {
                    "Result" : "Done",
                    "Total" : 0,
                    "Elaps": {
                        "Formatted": "0 sec (00:00:00)",
                        "RawSec": "0"
                    }
                }
            },
            {
                "Regress": {
                    "Result": "FAILED",
                    "Hthor": {
                        "Result": "FAILED",
                        "Elaps": {
                            "Formatted": "4155 sec (01:09:15)",
                            "RawSec": "4155"
                        },
                        "Total": 1070,
                        "Pass": 1063,
                        "Fail": 7
                    },
                    "Thor": {
                        "Result": "FAILED",
                        "Elaps": {
                            "Formatted": "3695 sec (01:01:35)",
                            "RawSec": "3695"
                        },
                        "Total":  945,
                        "Pass": 943,
                        "Fail": 2
                    },
                    "Roxie": {
                        "Result": "FAILED",
                        "Elaps": {
                            "Formatted": "5050 sec (01:24:10)",
                            "RawSec": "5050"
                        },
                        "Total":  1141,
                        "Pass": 1099,
                        "Fail": 42
                    }
                }
            },
            {
                "CollectTimings": {
                    "Result" : "Done",
                    "Elaps": {
                        "Formatted": "1040 sec (00:17:20).",
                        "RawSec": "1040"
                    }
                }
            },
            {
                "CollectPODLogs": {
                    "Result" : "Done",
                    "Elaps": {
                        "Formatted": "318 sec (00:05:18).",
                        "RawSec": "318"
                    }
                }
            },
            {
                "DestroyAKS": {
                    "Result" : "Done (retCode: 0)",
                    "NumberOfResources" : 20,
                    "Elaps": {
                        "Formatted": "476 sec (00:07:56)",
                        "RawSec": "476"
                    }
                }
            },
            {
                "DestroyStorage": {
                    "Result" : "Done (retCode: 0)",
                    "NumberOfResources" : 17,
                    "Elaps": {
                        "Formatted": "132 sec (00:02:12)",
                        "RawSec": "132"
                    }
                }
            },
            {
                "DestroyVirtualNetwork": {
                    "Result" : "Done (retCode: 0)",
                    "NumberOfResources" : 11,
                    "Elaps": {
                        "Formatted": "150 sec (00:02:30)",
                        "RawSec": "150"
                    }
                }
            },
            {
                "RunLogProcessor": {
                   "Result": "Done",
                    "Elaps": {
                        "Formatted": "1 sec (00:00:01).",
                        "RawSec": "1"
                    }
                }
            }
        ],
        "Errors": [
            
            
            
            {
            "HthorRegress" : [
                "[Failure] 140. Fail cryptoplugin_pke_lfn.ecl - W20250306-105240 (6 sec)",
                "[Failure] 586. Fail parquetTypes.ecl ( version: compressionType='UNCOMPRESSED' ) - W20250306-111812-1 (8 sec)",
                "[Failure] 587. Fail parquetTypes.ecl ( version: compressionType='Snappy' ) - W20250306-111819 (8 sec)",
                "[Failure] 588. Fail parquetTypes.ecl ( version: compressionType='GZip' ) - W20250306-111822 (7 sec)",
                "[Failure] 589. Fail parquetTypes.ecl ( version: compressionType='Brotli' ) - W20250306-111828 (8 sec)",
                "[Failure] 590. Fail parquetTypes.ecl ( version: compressionType='LZ4' ) - W20250306-111830 (7 sec)",
                "[Failure] 591. Fail parquetTypes.ecl ( version: compressionType='ZSTD' ) - W20250306-111837 (7 sec)"
                ]
            },
            {
            "ThorRegress" : [
                "[Failure] 137. Fail cryptoplugin_pke_lfn.ecl - W20250306-120101 (8 sec)",
                "[Failure] 258. Fail external.ecl - W20250306-120743 (6 sec)"
            ]
        },
            {
            "RoxieRegress" : [
                "[Failure] 151. Fail cryptoplugin_pke_lfn.ecl - W20250306-130631-3 (7 sec)",
                "[Failure] 285. Fail external.ecl - W20250306-131457 (7 sec)",
                "[Failure] 287. Fail externalplane.ecl - W20250306-131506 (7 sec)",
                "[Failure] 389. Fail indexmerge.ecl ( version: multiPart=false ) - W20250306-132157 (7 sec)",
                "[Failure] 575. Fail mergechild.ecl ( version: multiPart=false ) - W20250306-133525 (7 sec)",
                "[Failure] 671. Fail pullindex2.ecl ( version: multiPart=false ) - W20250306-134156 (7 sec)",
                "[Failure] 729. Fail rewrite.ecl - W20250306-134555 (7 sec)",
                "[Failure] 880. Fail steplimit1.ecl ( version: multiPart=false ) - W20250306-135734 (7 sec)",
                "[Failure] 882. Fail steplimit2.ecl ( version: multiPart=false ) - W20250306-135742 (7 sec)",
                "[Failure] 902. Fail stepping7.ecl ( version: multiPart=false ) - W20250306-135900 (7 sec)",
                "[Failure] 904. Fail stepping7a.ecl ( version: multiPart=false ) - W20250306-135908 (7 sec)",
                "[Failure] 906. Fail stepping7b.ecl ( version: multiPart=false ) - W20250306-135917 (7 sec)",
                "[Failure] 908. Fail stepping7c.ecl ( version: multiPart=false ) - W20250306-135925 (7 sec)",
                "[Failure] 910. Fail stepping7d.ecl ( version: multiPart=false ) - W20250306-135934 (7 sec)",
                "[Failure] 912. Fail stepping7e.ecl ( version: multiPart=false ) - W20250306-135942 (7 sec)",
                "[Failure] 914. Fail stepping7f.ecl ( version: multiPart=false ) - W20250306-135951-1 (7 sec)",
                "[Failure] 916. Fail stepping7g.ecl ( version: multiPart=false ) - W20250306-135959 (7 sec)",
                "[Failure] 918. Fail stepping7h.ecl ( version: multiPart=false ) - W20250306-140008 (7 sec)",
                "[Failure] 920. Fail stepping8.ecl ( version: multiPart=false ) - W20250306-140016 (7 sec)",
                "[Failure] 922. Fail stepping8a.ecl ( version: multiPart=false ) - W20250306-140025 (7 sec)",
                "[Failure] 924. Fail stepping8b.ecl ( version: multiPart=false ) - W20250306-140033 (7 sec)",
                "[Failure] 926. Fail stepping9a.ecl ( version: multiPart=false ) - W20250306-140042-3 (7 sec)",
                "[Failure] 928. Fail stepping9b.ecl ( version: multiPart=false ) - W20250306-140051-5 (7 sec)",
                "[Failure] 937. Fail stresstext.ecl ( version: multiPart=false ) - W20250306-140122 (10 sec)",
                "[Failure] 939. Fail stresstext.ecl ( version: multiPart=false, variant='default' ) - W20250306-140133 (12 sec)",
                "[Failure] 940. Fail stresstext.ecl ( version: multiPart=false, variant='inplace' ) - W20250306-140144 (10 sec)",
                "[Failure] 941. Fail stresstext.ecl ( version: multiPart=false, variant='inplace_row' ) - W20250306-140146 (10 sec)",
                "[Failure] 942. Fail stresstext.ecl ( version: multiPart=false, variant='inplace_lzw' ) - W20250306-140156 (10 sec)",
                "[Failure] 943. Fail stresstext.ecl ( version: multiPart=false, variant='inplace_lz4hc' ) - W20250306-140158 (10 sec)",
                "[Failure] 944. Fail stresstext_if.ecl ( version: multiPart=false ) - W20250306-140208 (7 sec)",
                "[Failure] 997. Fail textsearch4.ecl ( version: multiPart=false ) - W20250306-140901 (15 sec)",
                "[Failure] 1046. Fail verifytextindex.ecl ( version: multiPart=false, variant='default' ) - W20250306-141245 (7 sec)",
                "[Failure] 1047. Fail verifytextindex.ecl ( version: multiPart=false, variant='inplace' ) - W20250306-141248 (7 sec)",
                "[Failure] 1048. Fail verifytextindex.ecl ( version: multiPart=false, variant='inplace_row' ) - W20250306-141253 (7 sec)",
                "[Failure] 1049. Fail verifytextindex.ecl ( version: multiPart=false, variant='inplace_lzw' ) - W20250306-141256 (7 sec)",
                "[Failure] 1050. Fail verifytextindex.ecl ( version: multiPart=false, variant='inplace_lz4hc' ) - W20250306-141302 (7 sec)",
                "[Failure] 1097. Fail workflow_9a.ecl ( version: parallel=false ) - W20250306-141615 (8 sec)",
                "[Failure] 1098. Fail workflow_9a.ecl ( version: parallel=true ) - W20250306-141615-4 (8 sec)",
                "[Failure] 1099. Fail workflow_9b.ecl ( version: parallel=false ) - W20250306-141625 (8 sec)",
                "[Failure] 1100. Fail workflow_9b.ecl ( version: parallel=true ) - W20250306-141625-4 (8 sec)",
                "[Failure] 1102. Fail workflow_9c.ecl ( version: parallel=true ) - W20250306-141634 (32 sec)",
                "[Failure] 1101. Fail workflow_9c.ecl ( version: parallel=false ) - W20250306-141634-5 (34 sec)"
            ]
        }
        ]
    }
}
