{
    "OBTResult": {
        "Env": {
            "BuildSystem" : "Ubuntu_22_04_5_LTS",
            "Hardware": "CPU/Cores: 8, RAM: 16 GB",
            "IPAddress": "192.168.1.54"
        },
         "Remote" : {
            "System" : "AKS",
            "VmSize" : "Standard_D16s_v4",
            "Hardware": "CPU/Cores: 16, RAM: 64 GB",
            "HthorConfig": {
                "Replicas": "3",
                "MaxActive": "4",
                "UseChildProcesses" : "true",
                "AllowedPipePrograms" : "*"
            },
            "ThorConfig":{
                "NumWorkers": "2",
                "MaxJobs": "4",
                "MaxGraph" : "2",
                "MultiJobLinger" : "true",
                "LingerPeriod" : "200",
                "AllowedPipePrograms" : "*"
            },
            "RoxieWorkunitConfig": {
                "Replicas": "1",
                "MaxActive":"20",
                "UseChildProcesses" : "true",
                "AllowedPipePrograms" : "*"
            }
        },
        "BuildSet": {
            "Branch": "community_9.10.14-2 Gold",
            "BranchDate": "N/A",
            "BranchSHA": "N/A",
            "BuildType": "Release",
            "Target": "K8s"
        },
        "Exclusion": {
            "Build": "N/A",
            "Documentation": "N/A",
            "Unittest": "N/A",
            "MLtest": "N/A",
            "Regression": "--ef pipefail.ecl -e embedded-r,embedded-js,3rdpartyservice,mongodb,spray"
        },
        "Tasks": [
            {
                "UpdateHelmRepo": {
                    "Result" : "Done",
                    "Elaps": {
                        "Formatted": "4 sec (00:00:04)",
                        "RawSec": "4"
                    }
                }
            },
            {
                "UpgradeTerraform": {
                    "Result" : "Done",
                    "Version" : "Terraform v1.11.2",
                    "Elaps": {
                        "Formatted": "11 sec (00:00:11)",
                        "RawSec": "11"
                    }
                }
            },
            {
                "CreateVirtualNetwork": {
                    "Result" : "Done (retCode: 0)",
                    "NumberOfResources" : 11,
                    "Elaps": {
                        "Formatted": "88 sec (00:01:28)",
                        "RawSec": "88"
                    }
                }
            },
            {
                "CreateStorage": {
                    "Result" : "Done (retCode: 0)",
                    "NumberOfResources" : 17,
                    "Elaps": {
                        "Formatted": "92 sec (00:01:32)",
                        "RawSec": "92"
                    }
                }
            },
            {
                "CreateAKS": {
                    "Result" : "Done",
                    "NumberOfResources" : 20,
                    "Elaps": {
                        "Formatted": "470 sec (00:07:50)",
                        "RawSec": "470"
                    }
                }
            },
            {
                "ECLWatchAnnotation": {
                    "Result": "Done",
                    "Elaps": {
                        "Formatted": "65 sec (00:01:05)",
                        "RawSec": "65"
                    }
                }
            },
            {
                "Setup": {
                    "Result": "PASSED",
                    "hthor": {
                        "Elaps": {
                            "Formatted": "0 sec (00:00:00)",
                            "RawSec": "0"
                        },
                        "Total": 0,
                        "Pass": 0,
                        "Fail": 0,
                        "Result": "N/A"
                    },
                    "thor": {
                        "Elaps": {
                            "Formatted": "78 sec (00:01:18)",
                            "RawSec": "78"
                        },
                        "Total": 9,
                        "Pass": 9,
                        "Fail": 0,
                        "Result": "PASSED"
                    },
                    "roxie": {
                        "Elaps": {
                            "Formatted": "118 sec (00:01:58)",
                            "RawSec": "118"
                        },
                        "Total": 24,
                        "Pass": 24,
                        "Fail": 0,
                        "Result": "PASSED"
                    }
                }
            },
            {
                "PublishQueries": {
                    "Result" : "Done",
                    "Total" : 0,
                    "Elaps": {
                        "Formatted": "0 sec (00:00:00)",
                        "RawSec": "0"
                    }
                }
            },
            {
                "Regress": {
                    "Result": "FAILED",
                    "Hthor": {
                        "Result": "FAILED",
                        "Elaps": {
                            "Formatted": "4841 sec (01:20:41)",
                            "RawSec": "4841"
                        },
                        "Total": 1070,
                        "Pass": 1063,
                        "Fail": 7
                    },
                    "Thor": {
                        "Result": "FAILED",
                        "Elaps": {
                            "Formatted": "3854 sec (01:04:14)",
                            "RawSec": "3854"
                        },
                        "Total":  945,
                        "Pass": 943,
                        "Fail": 2
                    },
                    "Roxie": {
                        "Result": "FAILED",
                        "Elaps": {
                            "Formatted": "5721 sec (01:35:21)",
                            "RawSec": "5721"
                        },
                        "Total":  1141,
                        "Pass": 1099,
                        "Fail": 42
                    }
                }
            },
            {
                "CollectTimings": {
                    "Result" : "Done",
                    "Elaps": {
                        "Formatted": "1030 sec (00:17:10).",
                        "RawSec": "1030"
                    }
                }
            },
            {
                "CollectPODLogs": {
                    "Result" : "Done",
                    "Elaps": {
                        "Formatted": "359 sec (00:05:59).",
                        "RawSec": "359"
                    }
                }
            },
            {
                "DestroyAKS": {
                    "Result" : "Done (retCode: 0)",
                    "NumberOfResources" : 20,
                    "Elaps": {
                        "Formatted": "529 sec (00:08:49)",
                        "RawSec": "529"
                    }
                }
            },
            {
                "DestroyStorage": {
                    "Result" : "Done (retCode: 0)",
                    "NumberOfResources" : 17,
                    "Elaps": {
                        "Formatted": "128 sec (00:02:08)",
                        "RawSec": "128"
                    }
                }
            },
            {
                "DestroyVirtualNetwork": {
                    "Result" : "Done (retCode: 0)",
                    "NumberOfResources" : 11,
                    "Elaps": {
                        "Formatted": "152 sec (00:02:32)",
                        "RawSec": "152"
                    }
                }
            },
            {
                "RunLogProcessor": {
                   "Result": "Done",
                    "Elaps": {
                        "Formatted": "1 sec (00:00:01).",
                        "RawSec": "1"
                    }
                }
            }
        ],
        "Errors": [
            
            
            
            {
            "HthorRegress" : [
                "[Failure] 140. Fail cryptoplugin_pke_lfn.ecl - W20250320-113858 (6 sec)",
                "[Failure] 586. Fail parquetTypes.ecl ( version: compressionType='UNCOMPRESSED' ) - W20250320-120934 (9 sec)",
                "[Failure] 587. Fail parquetTypes.ecl ( version: compressionType='Snappy' ) - W20250320-120942 (9 sec)",
                "[Failure] 588. Fail parquetTypes.ecl ( version: compressionType='GZip' ) - W20250320-120945 (9 sec)",
                "[Failure] 589. Fail parquetTypes.ecl ( version: compressionType='Brotli' ) - W20250320-120952 (10 sec)",
                "[Failure] 590. Fail parquetTypes.ecl ( version: compressionType='LZ4' ) - W20250320-120956 (9 sec)",
                "[Failure] 591. Fail parquetTypes.ecl ( version: compressionType='ZSTD' ) - W20250320-121004 (10 sec)"
                ]
            },
            {
            "ThorRegress" : [
                "[Failure] 137. Fail cryptoplugin_pke_lfn.ecl - W20250320-125850-3 (6 sec)",
                "[Failure] 258. Fail external.ecl - W20250320-130528 (6 sec)"
            ]
        },
            {
            "RoxieRegress" : [
                "[Failure] 151. Fail cryptoplugin_pke_lfn.ecl - W20250320-140818-3 (8 sec)",
                "[Failure] 285. Fail external.ecl - W20250320-141754 (9 sec)",
                "[Failure] 287. Fail externalplane.ecl - W20250320-141804 (8 sec)",
                "[Failure] 389. Fail indexmerge.ecl ( version: multiPart=false ) - W20250320-142556 (8 sec)",
                "[Failure] 575. Fail mergechild.ecl ( version: multiPart=false ) - W20250320-144105 (9 sec)",
                "[Failure] 671. Fail pullindex2.ecl ( version: multiPart=false ) - W20250320-144829 (8 sec)",
                "[Failure] 729. Fail rewrite.ecl - W20250320-145257 (8 sec)",
                "[Failure] 880. Fail steplimit1.ecl ( version: multiPart=false ) - W20250320-150526 (8 sec)",
                "[Failure] 882. Fail steplimit2.ecl ( version: multiPart=false ) - W20250320-150537 (9 sec)",
                "[Failure] 902. Fail stepping7.ecl ( version: multiPart=false ) - W20250320-150709 (9 sec)",
                "[Failure] 904. Fail stepping7a.ecl ( version: multiPart=false ) - W20250320-150717 (8 sec)",
                "[Failure] 906. Fail stepping7b.ecl ( version: multiPart=false ) - W20250320-150728 (9 sec)",
                "[Failure] 908. Fail stepping7c.ecl ( version: multiPart=false ) - W20250320-150737-5 (8 sec)",
                "[Failure] 910. Fail stepping7d.ecl ( version: multiPart=false ) - W20250320-150746-3 (8 sec)",
                "[Failure] 912. Fail stepping7e.ecl ( version: multiPart=false ) - W20250320-150756-2 (9 sec)",
                "[Failure] 914. Fail stepping7f.ecl ( version: multiPart=false ) - W20250320-150806 (9 sec)",
                "[Failure] 916. Fail stepping7g.ecl ( version: multiPart=false ) - W20250320-150816 (10 sec)",
                "[Failure] 918. Fail stepping7h.ecl ( version: multiPart=false ) - W20250320-150826 (9 sec)",
                "[Failure] 920. Fail stepping8.ecl ( version: multiPart=false ) - W20250320-150836 (8 sec)",
                "[Failure] 922. Fail stepping8a.ecl ( version: multiPart=false ) - W20250320-150846 (8 sec)",
                "[Failure] 924. Fail stepping8b.ecl ( version: multiPart=false ) - W20250320-150856 (9 sec)",
                "[Failure] 926. Fail stepping9a.ecl ( version: multiPart=false ) - W20250320-150906 (8 sec)",
                "[Failure] 928. Fail stepping9b.ecl ( version: multiPart=false ) - W20250320-150915 (8 sec)",
                "[Failure] 937. Fail stresstext.ecl ( version: multiPart=false ) - W20250320-150948 (11 sec)",
                "[Failure] 939. Fail stresstext.ecl ( version: multiPart=false, variant='default' ) - W20250320-151000 (13 sec)",
                "[Failure] 940. Fail stresstext.ecl ( version: multiPart=false, variant='inplace' ) - W20250320-151012 (11 sec)",
                "[Failure] 941. Fail stresstext.ecl ( version: multiPart=false, variant='inplace_row' ) - W20250320-151015 (11 sec)",
                "[Failure] 942. Fail stresstext.ecl ( version: multiPart=false, variant='inplace_lzw' ) - W20250320-151026 (12 sec)",
                "[Failure] 943. Fail stresstext.ecl ( version: multiPart=false, variant='inplace_lz4hc' ) - W20250320-151028 (12 sec)",
                "[Failure] 944. Fail stresstext_if.ecl ( version: multiPart=false ) - W20250320-151039 (9 sec)",
                "[Failure] 997. Fail textsearch4.ecl ( version: multiPart=false ) - W20250320-151838 (17 sec)",
                "[Failure] 1046. Fail verifytextindex.ecl ( version: multiPart=false, variant='default' ) - W20250320-152247 (8 sec)",
                "[Failure] 1047. Fail verifytextindex.ecl ( version: multiPart=false, variant='inplace' ) - W20250320-152249 (8 sec)",
                "[Failure] 1048. Fail verifytextindex.ecl ( version: multiPart=false, variant='inplace_row' ) - W20250320-152257 (8 sec)",
                "[Failure] 1049. Fail verifytextindex.ecl ( version: multiPart=false, variant='inplace_lzw' ) - W20250320-152259 (8 sec)",
                "[Failure] 1050. Fail verifytextindex.ecl ( version: multiPart=false, variant='inplace_lz4hc' ) - W20250320-152307 (9 sec)",
                "[Failure] 1097. Fail workflow_9a.ecl ( version: parallel=false ) - W20250320-152645 (8 sec)",
                "[Failure] 1098. Fail workflow_9a.ecl ( version: parallel=true ) - W20250320-152646 (9 sec)",
                "[Failure] 1100. Fail workflow_9b.ecl ( version: parallel=true ) - W20250320-152656 (9 sec)",
                "[Failure] 1099. Fail workflow_9b.ecl ( version: parallel=false ) - W20250320-152656-5 (9 sec)",
                "[Failure] 1101. Fail workflow_9c.ecl ( version: parallel=false ) - W20250320-152707 (69 sec)",
                "[Failure] 1102. Fail workflow_9c.ecl ( version: parallel=true ) - W20250320-152707-2 (70 sec)"
            ]
        }
        ]
    }
}
