{
    "OBTResult": {
        "Env": {
            "BuildSystem" : "Ubuntu_22_04_5_LTS",
            "Hardware": "CPU/Cores: 8, RAM: 16 GB",
            "IPAddress": "192.168.1.54"
        },
         "Remote" : {
            "System" : "AKS",
            "VmSize" : "Standard_D16s_v4",
            "Hardware": "CPU/Cores: 16, RAM: 64 GB",
            "HthorConfig": {
                "Replicas": "3",
                "MaxActive": "4",
                "UseChildProcesses" : "true",
                "AllowedPipePrograms" : "*"
            },
            "ThorConfig":{
                "NumWorkers": "2",
                "MaxJobs": "4",
                "MaxGraph" : "2",
                "MultiJobLinger" : "true",
                "LingerPeriod" : "200",
                "AllowedPipePrograms" : "*"
            },
            "RoxieWorkunitConfig": {
                "Replicas": "1",
                "MaxActive":"20",
                "UseChildProcesses" : "true",
                "AllowedPipePrograms" : "*"
            }
        },
        "BuildSet": {
            "Branch": "community_9.10.12-1 Gold",
            "BranchDate": "N/A",
            "BranchSHA": "N/A",
            "BuildType": "Release",
            "Target": "K8s"
        },
        "Exclusion": {
            "Build": "N/A",
            "Documentation": "N/A",
            "Unittest": "N/A",
            "MLtest": "N/A",
            "Regression": "--ef pipefail.ecl -e embedded-r,embedded-js,3rdpartyservice,mongodb,spray"
        },
        "Tasks": [
            {
                "UpdateHelmRepo": {
                    "Result" : "Done",
                    "Elaps": {
                        "Formatted": "7 sec (00:00:07)",
                        "RawSec": "7"
                    }
                }
            },
            {
                "UpgradeTerraform": {
                    "Result" : "Done",
                    "Version" : "Terraform v1.11.0",
                    "Elaps": {
                        "Formatted": "99 sec (00:01:39)",
                        "RawSec": "99"
                    }
                }
            },
            {
                "CreateVirtualNetwork": {
                    "Result" : "Done (retCode: 0)",
                    "NumberOfResources" : 11,
                    "Elaps": {
                        "Formatted": "117 sec (00:01:57)",
                        "RawSec": "117"
                    }
                }
            },
            {
                "CreateStorage": {
                    "Result" : "Done (retCode: 0)",
                    "NumberOfResources" : 17,
                    "Elaps": {
                        "Formatted": "127 sec (00:02:07)",
                        "RawSec": "127"
                    }
                }
            },
            {
                "CreateAKS": {
                    "Result" : "Done",
                    "NumberOfResources" : 20,
                    "Elaps": {
                        "Formatted": "473 sec (00:07:53)",
                        "RawSec": "473"
                    }
                }
            },
            {
                "ECLWatchAnnotation": {
                    "Result": "Done",
                    "Elaps": {
                        "Formatted": "66 sec (00:01:06)",
                        "RawSec": "66"
                    }
                }
            },
            {
                "Setup": {
                    "Result": "PASSED",
                    "hthor": {
                        "Elaps": {
                            "Formatted": "0 sec (00:00:00)",
                            "RawSec": "0"
                        },
                        "Total": 0,
                        "Pass": 0,
                        "Fail": 0,
                        "Result": "N/A"
                    },
                    "thor": {
                        "Elaps": {
                            "Formatted": "85 sec (00:01:25)",
                            "RawSec": "85"
                        },
                        "Total": 9,
                        "Pass": 9,
                        "Fail": 0,
                        "Result": "PASSED"
                    },
                    "roxie": {
                        "Elaps": {
                            "Formatted": "130 sec (00:02:10)",
                            "RawSec": "130"
                        },
                        "Total": 24,
                        "Pass": 24,
                        "Fail": 0,
                        "Result": "PASSED"
                    }
                }
            },
            {
                "PublishQueries": {
                    "Result" : "Done",
                    "Total" : 0,
                    "Elaps": {
                        "Formatted": "0 sec (00:00:00)",
                        "RawSec": "0"
                    }
                }
            },
            {
                "Regress": {
                    "Result": "FAILED",
                    "Hthor": {
                        "Result": "FAILED",
                        "Elaps": {
                            "Formatted": "4436 sec (01:13:56)",
                            "RawSec": "4436"
                        },
                        "Total": 1070,
                        "Pass": 1063,
                        "Fail": 7
                    },
                    "Thor": {
                        "Result": "FAILED",
                        "Elaps": {
                            "Formatted": "3885 sec (01:04:45)",
                            "RawSec": "3885"
                        },
                        "Total":  945,
                        "Pass": 943,
                        "Fail": 2
                    },
                    "Roxie": {
                        "Result": "FAILED",
                        "Elaps": {
                            "Formatted": "5970 sec (01:39:30)",
                            "RawSec": "5970"
                        },
                        "Total":  1141,
                        "Pass": 1095,
                        "Fail": 46
                    }
                }
            },
            {
                "CollectTimings": {
                    "Result" : "Done",
                    "Elaps": {
                        "Formatted": "1047 sec (00:17:27).",
                        "RawSec": "1047"
                    }
                }
            },
            {
                "CollectPODLogs": {
                    "Result" : "Done",
                    "Elaps": {
                        "Formatted": "331 sec (00:05:31).",
                        "RawSec": "331"
                    }
                }
            },
            {
                "DestroyAKS": {
                    "Result" : "Done (retCode: 0)",
                    "NumberOfResources" : 20,
                    "Elaps": {
                        "Formatted": "741 sec (00:12:21)",
                        "RawSec": "741"
                    }
                }
            },
            {
                "DestroyStorage": {
                    "Result" : "Done (retCode: 0)",
                    "NumberOfResources" : 17,
                    "Elaps": {
                        "Formatted": "127 sec (00:02:07)",
                        "RawSec": "127"
                    }
                }
            },
            {
                "DestroyVirtualNetwork": {
                    "Result" : "Done (retCode: 0)",
                    "NumberOfResources" : 11,
                    "Elaps": {
                        "Formatted": "152 sec (00:02:32)",
                        "RawSec": "152"
                    }
                }
            },
            {
                "RunLogProcessor": {
                   "Result": "Done",
                    "Elaps": {
                        "Formatted": "1 sec (00:00:01).",
                        "RawSec": "1"
                    }
                }
            }
        ],
        "Errors": [
            
            
            
            {
            "HthorRegress" : [
                "[Failure] 140. Fail cryptoplugin_pke_lfn.ecl - W20250312-101302 (6 sec)",
                "[Failure] 586. Fail parquetTypes.ecl ( version: compressionType='UNCOMPRESSED' ) - W20250312-104002-1 (8 sec)",
                "[Failure] 587. Fail parquetTypes.ecl ( version: compressionType='Snappy' ) - W20250312-104009 (9 sec)",
                "[Failure] 588. Fail parquetTypes.ecl ( version: compressionType='GZip' ) - W20250312-104012 (8 sec)",
                "[Failure] 589. Fail parquetTypes.ecl ( version: compressionType='Brotli' ) - W20250312-104019 (8 sec)",
                "[Failure] 590. Fail parquetTypes.ecl ( version: compressionType='LZ4' ) - W20250312-104021 (8 sec)",
                "[Failure] 591. Fail parquetTypes.ecl ( version: compressionType='ZSTD' ) - W20250312-104029 (8 sec)"
                ]
            },
            {
            "ThorRegress" : [
                "[Failure] 137. Fail cryptoplugin_pke_lfn.ecl - W20250312-112543-1 (7 sec)",
                "[Failure] 258. Fail external.ecl - W20250312-113243 (6 sec)"
            ]
        },
            {
            "RoxieRegress" : [
                "[Failure] 151. Fail cryptoplugin_pke_lfn.ecl - W20250312-124347 (9 sec)",
                "[Failure]  37. Fail aggsqx1b.ecl ( version: multiPart=false ) - W20250312-122542-1 (1505 sec)",
                "[Failure] 285. Fail external.ecl - W20250312-125601 (7 sec)",
                "[Failure] 287. Fail externalplane.ecl - W20250312-125610 (7 sec)",
                "[Failure] 389. Fail indexmerge.ecl ( version: multiPart=false ) - W20250312-130319 (7 sec)",
                "[Failure] 575. Fail mergechild.ecl ( version: multiPart=false ) - W20250312-131716 (7 sec)",
                "[Failure] 671. Fail pullindex2.ecl ( version: multiPart=false ) - W20250312-132401 (7 sec)",
                "[Failure] 729. Fail rewrite.ecl - W20250312-132804 (7 sec)",
                "[Failure] 880. Fail steplimit1.ecl ( version: multiPart=false ) - W20250312-133952 (7 sec)",
                "[Failure] 882. Fail steplimit2.ecl ( version: multiPart=false ) - W20250312-134001 (7 sec)",
                "[Failure] 887. Fail stepping10.ecl ( version: multiPart=false, useExplicitSuper=false ) - W20250312-134023 (7 sec)",
                "[Failure] 889. Fail stepping10.ecl ( version: multiPart=false, useExplicitSuper=true ) - W20250312-134032 (8 sec)",
                "[Failure] 895. Fail stepping3.ecl ( version: multiPart=false ) - W20250312-134056 (7 sec)",
                "[Failure] 902. Fail stepping7.ecl ( version: multiPart=false ) - W20250312-134121 (7 sec)",
                "[Failure] 904. Fail stepping7a.ecl ( version: multiPart=false ) - W20250312-134129 (7 sec)",
                "[Failure] 906. Fail stepping7b.ecl ( version: multiPart=false ) - W20250312-134138 (7 sec)",
                "[Failure] 908. Fail stepping7c.ecl ( version: multiPart=false ) - W20250312-134146 (8 sec)",
                "[Failure] 910. Fail stepping7d.ecl ( version: multiPart=false ) - W20250312-134155 (7 sec)",
                "[Failure] 912. Fail stepping7e.ecl ( version: multiPart=false ) - W20250312-134203 (7 sec)",
                "[Failure] 914. Fail stepping7f.ecl ( version: multiPart=false ) - W20250312-134212 (7 sec)",
                "[Failure] 916. Fail stepping7g.ecl ( version: multiPart=false ) - W20250312-134221 (7 sec)",
                "[Failure] 918. Fail stepping7h.ecl ( version: multiPart=false ) - W20250312-134229 (7 sec)",
                "[Failure] 920. Fail stepping8.ecl ( version: multiPart=false ) - W20250312-134238 (7 sec)",
                "[Failure] 922. Fail stepping8a.ecl ( version: multiPart=false ) - W20250312-134246 (7 sec)",
                "[Failure] 924. Fail stepping8b.ecl ( version: multiPart=false ) - W20250312-134255 (7 sec)",
                "[Failure] 926. Fail stepping9a.ecl ( version: multiPart=false ) - W20250312-134303 (7 sec)",
                "[Failure] 928. Fail stepping9b.ecl ( version: multiPart=false ) - W20250312-134312 (7 sec)",
                "[Failure] 937. Fail stresstext.ecl ( version: multiPart=false ) - W20250312-134346 (10 sec)",
                "[Failure] 939. Fail stresstext.ecl ( version: multiPart=false, variant='default' ) - W20250312-134358 (12 sec)",
                "[Failure] 940. Fail stresstext.ecl ( version: multiPart=false, variant='inplace' ) - W20250312-134407 (11 sec)",
                "[Failure] 941. Fail stresstext.ecl ( version: multiPart=false, variant='inplace_row' ) - W20250312-134412 (11 sec)",
                "[Failure] 942. Fail stresstext.ecl ( version: multiPart=false, variant='inplace_lzw' ) - W20250312-134419 (11 sec)",
                "[Failure] 943. Fail stresstext.ecl ( version: multiPart=false, variant='inplace_lz4hc' ) - W20250312-134424 (11 sec)",
                "[Failure] 944. Fail stresstext_if.ecl ( version: multiPart=false ) - W20250312-134431 (7 sec)",
                "[Failure] 997. Fail textsearch4.ecl ( version: multiPart=false ) - W20250312-135141 (16 sec)",
                "[Failure] 1046. Fail verifytextindex.ecl ( version: multiPart=false, variant='default' ) - W20250312-135536 (7 sec)",
                "[Failure] 1047. Fail verifytextindex.ecl ( version: multiPart=false, variant='inplace' ) - W20250312-135537 (7 sec)",
                "[Failure] 1048. Fail verifytextindex.ecl ( version: multiPart=false, variant='inplace_row' ) - W20250312-135544 (7 sec)",
                "[Failure] 1049. Fail verifytextindex.ecl ( version: multiPart=false, variant='inplace_lzw' ) - W20250312-135546 (7 sec)",
                "[Failure] 1050. Fail verifytextindex.ecl ( version: multiPart=false, variant='inplace_lz4hc' ) - W20250312-135553 (7 sec)",
                "[Failure] 1098. Fail workflow_9a.ecl ( version: parallel=true ) - W20250312-135911-1 (8 sec)",
                "[Failure] 1097. Fail workflow_9a.ecl ( version: parallel=false ) - W20250312-135911 (9 sec)",
                "[Failure] 1099. Fail workflow_9b.ecl ( version: parallel=false ) - W20250312-135921-3 (8 sec)",
                "[Failure] 1100. Fail workflow_9b.ecl ( version: parallel=true ) - W20250312-135921 (9 sec)",
                "[Failure] 1102. Fail workflow_9c.ecl ( version: parallel=true ) - W20250312-135931-1 (37 sec)",
                "[Failure] 1101. Fail workflow_9c.ecl ( version: parallel=false ) - W20250312-135931 (39 sec)"
            ]
        }
        ]
    }
}
