{
    "OBTResult": {
        "Env": {
            "BuildSystem": "Ubuntu_22_04_5_LTS",
            "Hardware": "CPU/Cores: 8, RAM: 23 GB",
            "IPAddress": "127.0.1.1 (OBT-BM01)"
        },
        "BuildSet": {
            "Branch": "master",
            "BranchDate": "Mon May 12 16:28:07 2025 +0100",
            "BranchSHA": "2E706CED",
            "BuildType": "RelWithDebInfo",
            "Target": "BM/VM"
        },
        "Exclusion": {},
        "ThorConfig": {
            "Slaves": "4",
            "Channels": "1"
        },
        "Tasks": [
            {
                "Setup": {
                    "Result": "FAILED",
                    "thor": {
                        "Total": "3",
                        "Pass": "2",
                        "Fail": "1",
                        "Result": "FAILED"
                    },
                    "roxie": {
                        "Total": "5",
                        "Pass": "5",
                        "Fail": "0",
                        "Result": "PASSED"
                    }
                },
                "Performance": {
                    "Result": "FAILED",
                    "thor": {
                        "Total": "319",
                        "Pass": "299",
                        "Fail": "20",
                        "Result": "FAILED"
                    }
                }
            }
        ],
        "Errors": [
            {
                "thor (setup)": {
                    "buildindexorder1": {
                        "TestId": 2,
                        "Wuid": "W20250514-104855-4",
                        "Problem": "Other problem(s)",
                        "Code": "0",
                        "Msg": "Result doesn't match to key file"
                    }
                }
            },
            {
                "thor": {
                    "01ca_countsimple(checkCrc=true,hintHeapFlags=0x00,timeActivities=false)": {
                        "TestId": 24,
                        "Wuid": "W20250514-111431",
                        "Problem": "Exception",
                        "Code": "5815",
                        "Msg": "System error: 5815: Graph graph1[1], diskread[2]: WORKER #1 [192:168:1:59:20100]: CRC Failure having read file: /var/lib/HPCCSystems/hpcc-data/thor/perform/thorlcr/simple_uncompressed:_1_of_4"
                    },
                    "01ca_countsimple(checkCrc=true,hintHeapFlags=0x80,timeActivities=true)": {
                        "TestId": 26,
                        "Wuid": "W20250514-111443",
                        "Problem": "Exception",
                        "Code": "5815",
                        "Msg": "System error: 5815: Graph graph1[1], diskread[2]: WORKER #1 [192:168:1:59:20100]: CRC Failure having read file: /var/lib/HPCCSystems/hpcc-data/thor/perform/thorlcr/simple_uncompressed:_1_of_4"
                    },
                    "01ca_countsimple(checkCrc=true,hintHeapFlags=0x00,timeActivities=true)": {
                        "TestId": 28,
                        "Wuid": "W20250514-111455",
                        "Problem": "Exception",
                        "Code": "5815",
                        "Msg": "System error: 5815: Graph graph1[1], diskread[2]: WORKER #1 [192:168:1:59:20100]: CRC Failure having read file: /var/lib/HPCCSystems/hpcc-data/thor/perform/thorlcr/simple_uncompressed:_1_of_4"
                    },
                    "01da_writeswitch": {
                        "TestId": 38,
                        "Wuid": "W20250514-113016",
                        "Problem": "Exception",
                        "Code": "5815",
                        "Msg": "System error: 5815: Graph graph1[1], diskread[2]: WORKER #1 [192:168:1:59:20100]: CRC Failure having read file: /var/lib/HPCCSystems/hpcc-data/thor/perform/thorlcr/simple_uncompressed:_1_of_4"
                    },
                    "01ea_sumsimple": {
                        "TestId": 40,
                        "Wuid": "W20250514-113057",
                        "Problem": "Exception",
                        "Code": "5815",
                        "Msg": "System error: 5815: Graph graph1[1], remoteresult[3]: WORKER #1 [192:168:1:59:20100]: CRC Failure having read file: /var/lib/HPCCSystems/hpcc-data/thor/perform/thorlcr/simple_uncompressed:_1_of_4"
                    },
                    "02aa_disksortlocal": {
                        "TestId": 49,
                        "Wuid": "W20250514-115046",
                        "Problem": "Exception",
                        "Code": "5815",
                        "Msg": "System error: 5815: Graph graph1[1], diskread[2]: WORKER #1 [192:168:1:59:20100]: CRC Failure having read file: /var/lib/HPCCSystems/hpcc-data/thor/perform/thorlcr/simple_uncompressed:_1_of_4"
                    },
                    "02ab_disksortglobal": {
                        "TestId": 50,
                        "Wuid": "W20250514-115054",
                        "Problem": "Exception",
                        "Code": "5815",
                        "Msg": "System error: 5815: Graph graph1[1], diskread[2]: WORKER #1 [192:168:1:59:20100]: CRC Failure having read file: /var/lib/HPCCSystems/hpcc-data/thor/perform/thorlcr/simple_uncompressed:_1_of_4"
                    },
                    "03aa_diskdistribute": {
                        "TestId": 102,
                        "Wuid": "W20250514-121951",
                        "Problem": "Exception",
                        "Code": "5815",
                        "Msg": "System error: 5815: Graph graph1[1], diskread[2]: WORKER #1 [192:168:1:59:20100]: CRC Failure having read file: /var/lib/HPCCSystems/hpcc-data/thor/perform/thorlcr/simple_uncompressed:_1_of_4"
                    },
                    "01fc_buildindexorder1": {
                        "TestId": 48,
                        "Wuid": "W20250514-114948",
                        "Problem": "Other problem(s)",
                        "Code": "0",
                        "Msg": "Result doesn't match to key file"
                    },
                    "02ea_smallsorts(algo='parquicksort')": {
                        "TestId": 95,
                        "Wuid": "W20250514-121757",
                        "Problem": "Other problem(s)",
                        "Code": "0",
                        "Msg": "Result doesn't match to key file"
                    },
                    "02ea_smallsorts(algo='parmergesort')": {
                        "TestId": 96,
                        "Wuid": "W20250514-121844",
                        "Problem": "Other problem(s)",
                        "Code": "0",
                        "Msg": "Result doesn't match to key file"
                    },
                    "04ef_joinl1s": {
                        "TestId": 136,
                        "Wuid": "W20250514-131336",
                        "Problem": "Other problem(s)",
                        "Code": "0",
                        "Msg": "Result doesn't match to key file"
                    },
                    "07ca_keyedjoinlimit_no": {
                        "TestId": 174,
                        "Wuid": "W20250514-134006",
                        "Problem": "Other problem(s)",
                        "Code": "0",
                        "Msg": "Result doesn't match to key file"
                    },
                    "11dc_localsmartjoin_nosort_sp": {
                        "TestId": 211,
                        "Wuid": "W20250514-145031",
                        "Problem": "Other problem(s)",
                        "Code": "0",
                        "Msg": "Result doesn't match to key file"
                    },
                    "02cd_multisort16": {
                        "TestId": 85,
                        "Wuid": "W20250514-120859",
                        "Problem": "Exception",
                        "Code": "5734",
                        "Msg": "System error: 5734: Graph graph1[1], sort[13]: Graph graph1[1], sort[13]: CSortMaster::ConnectSlaves: Could not connect to 192:168:1:59:20163, Master exception - caused by (5734, Graph graph1[1], sort[13]: CSortMaster::ConnectSlaves: Could not connect to 192:168:1:59:20163)"
                    },
                    "11cc_smartjoin_inp_lo2": {
                        "TestId": 208,
                        "Wuid": "W20250514-144142",
                        "Problem": "Exception",
                        "Code": "5836",
                        "Msg": "System error: 5836: 5836, 5836, WORKER #4 [192:168:1:59:20160]: [5836: Row leaks detected]  : Error in jobDone : CJobManager::executeGraph"
                    },
                    "15bb_parallelsoapcallidx(persistConnection=false)": {
                        "TestId": 311,
                        "Wuid": "W20250514-161646",
                        "Problem": "Exception",
                        "Code": "4294967295",
                        "Msg": "System error: -1: Graph graph1[1], SOAP_datasetdataset[3]: WORKER #3 [192:168:1:59:20140]: &lt;Error&gt;&lt;text&gt;socket&amp;#32;not&amp;#32;opened&lt;/text&gt;&lt;url&gt;http://::9876/&lt;/url&gt;&lt;/Error&gt;,  - caused by (-1, &lt;Error&gt;&lt;text&gt;socket&amp;#32;not&amp;#32;opened&lt;/text&gt;&lt;url&gt;http://::9876/&lt;/url&gt;&lt;/Error&gt;)"
                    },
                    "15bb_parallelsoapcallidx(persistConnection=true)": {
                        "TestId": 312,
                        "Wuid": "W20250514-161648",
                        "Problem": "Exception",
                        "Code": "4294967295",
                        "Msg": "System error: -1: Graph graph1[1], SOAP_datasetdataset[3]: WORKER #4 [192:168:1:59:20160]: &lt;Error&gt;&lt;text&gt;socket&amp;#32;not&amp;#32;opened&lt;/text&gt;&lt;url&gt;http://::9876/&lt;/url&gt;&lt;/Error&gt;,  - caused by (-1, &lt;Error&gt;&lt;text&gt;socket&amp;#32;not&amp;#32;opened&lt;/text&gt;&lt;url&gt;http://::9876/&lt;/url&gt;&lt;/Error&gt;)"
                    },
                    "15bb_parallelsoapcallidx(persistConnection=false,tls=true)": {
                        "TestId": 313,
                        "Wuid": "W20250514-161650",
                        "Problem": "Exception",
                        "Code": "5",
                        "Msg": "System error: 5: Graph graph1[1], SOAP_datasetdataset[3]: WORKER #2 [192:168:1:59:20120]: &lt;Error&gt;&lt;text&gt;Input/output&amp;#32;error&amp;#10;SSL_read&amp;#32;error&amp;#32;5&amp;#32;(0)&amp;#32;-&amp;#32;error:00000005:lib(0)::reason(5)&lt;/text&gt;&lt;url&gt;https://::19876/&lt;/url&gt;&lt;/Error&gt;,  - caused by (5, &lt;Error&gt;&lt;text&gt;Input/output&amp;#32;error&amp;#10;SSL_read&amp;#32;error&amp;#32;5&amp;#32;(0)&amp;#32;-&amp;#32;error:00000005:lib(0)::reason(5)&lt;/text&gt;&lt;url&gt;https://::19876/&lt;/url&gt;&lt;/Error&gt;)"
                    },
                    "15bb_parallelsoapcallidx(persistConnection=true,tls=true)": {
                        "TestId": 314,
                        "Wuid": "W20250514-161652",
                        "Problem": "Exception",
                        "Code": "5",
                        "Msg": "System error: 5: Graph graph1[1], SOAP_datasetdataset[3]: WORKER #4 [192:168:1:59:20160]: &lt;Error&gt;&lt;text&gt;Input/output&amp;#32;error&amp;#10;SSL_read&amp;#32;error&amp;#32;5&amp;#32;(0)&amp;#32;-&amp;#32;error:00000005:lib(0)::reason(5)&lt;/text&gt;&lt;url&gt;https://::19876/&lt;/url&gt;&lt;/Error&gt;,  - caused by (5, &lt;Error&gt;&lt;text&gt;Input/output&amp;#32;error&amp;#10;SSL_read&amp;#32;error&amp;#32;5&amp;#32;(0)&amp;#32;-&amp;#32;error:00000005:lib(0)::reason(5)&lt;/text&gt;&lt;url&gt;https://::19876/&lt;/url&gt;&lt;/Error&gt;)"
                    }
                }
            }
        ]
    }
}