{
    "OBTResult": {
        "Env": {
            "BuildSystem": "Rocky_Linux_8_9",
            "Hardware": "CPU/Cores: 8, RAM: 15 GB",
            "IPAddress": "10.22.254.98 (OBT-AWS04)"
        },
        "BuildSet": {
            "Branch": "candidate-9.12.x",
            "BranchDate": "Fri May 2 09:09:01 2025 +0100",
            "BranchSHA": "e2308ef94c83339c247235c303b1d6c31fcac885",
            "BuildType": "Debug",
            "Target": "BM/VM"
        },
        "Exclusion": {
            "Build": "MAKE_CASSANDRAEMBED, COUCHBASEEMBED, USE_AZURE, USE_AWS, WASMEMBED",
            "Documentation": "not built",
            "Unittest": "JlibReaderWriterTestTiming, AtomicTimingTest, AtomicTimingStressTest",
            "MLtest": "ClassicTestModified.ecl, SVCTest.ecl",
            "Regression": "embedded, 3rdparty, python2, wasmembed*"
        },
        "ThorConfig": {
            "Slaves": "4",
            "Channels": "1"
        },
        "Tasks": [
            {
                "Build": {
                    "Result": "PASSED",
                    "CMake": {
                        "Formatted": "9 sec (00:00:09)",
                        "RawSec": "9"
                    },
                    "Build": {
                        "Formatted": "579 sec (00:09:39)",
                        "RawSec": "579"
                    },
                    "Package": {
                        "Formatted": "214 sec (00:03:34)",
                        "RawSec": "214"
                    },
                    "Altogether": {
                        "Formatted": "802 sec (00:13:22)",
                        "RawSec": "802"
                    }
                }
            },
            {
                "Install": {
                    "Elaps": "No data"
                }
            },
            {
                "Unittests": {
                    "Result": "FAILED",
                    "Elaps": {
                        "Formatted": "8414 sec (02:20:14)",
                        "RawSec": "8414"
                    },
                    "Total": 418,
                    "Pass": 417,
                    "Fail": 0,
                    "Error": 1,
                    "Timeout": 0
                }
            },
            {
                "Wutooltests": {
                    "Result": "PASSED",
                    "Elaps": {
                        "Formatted": "1 sec (00:00:01)",
                        "RawSec": "1"
                    },
                    "Total": 19,
                    "Pass": 19,
                    "Fail": 0,
                    "Error": 0,
                    "Timeout": 0
                }
            },
            {
                "MLtests": {
                    "Result": "PASSED",
                    "DBSCAN": {
                        "Elaps": {
                            "Formatted": "14 sec  (00:00:14)",
                            "RawSec": "14"
                        },
                        "Total": 2,
                        "Pass": 2,
                        "Fail": 0,
                        "Result": "PASSED"
                    },
                    "GLM": {
                        "Elaps": {
                            "Formatted": "79 sec  (00:01:19)",
                            "RawSec": "79"
                        },
                        "Total": 7,
                        "Pass": 7,
                        "Fail": 0,
                        "Result": "PASSED"
                    },
                    "GNN": {
                        "Elaps": {
                            "Formatted": "70 sec  (00:01:10)",
                            "RawSec": "70"
                        },
                        "Total": 4,
                        "Pass": 4,
                        "Fail": 0,
                        "Result": "PASSED"
                    },
                    "KMeans": {
                        "Elaps": {
                            "Formatted": "5 sec  (00:00:05)",
                            "RawSec": "5"
                        },
                        "Total": 1,
                        "Pass": 1,
                        "Fail": 0,
                        "Result": "PASSED"
                    },
                    "LearningTrees": {
                        "Elaps": {
                            "Formatted": "748 sec  (00:12:28)",
                            "RawSec": "748"
                        },
                        "Total": 3,
                        "Pass": 3,
                        "Fail": 0,
                        "Result": "PASSED"
                    },
                    "PBblas": {
                        "Elaps": {
                            "Formatted": "17 sec  (00:00:17)",
                            "RawSec": "17"
                        },
                        "Total": 2,
                        "Pass": 2,
                        "Fail": 0,
                        "Result": "PASSED"
                    },
                    "SupportVectorMachines": {
                        "Elaps": {
                            "Formatted": "16 sec  (00:00:16)",
                            "RawSec": "16"
                        },
                        "Total": 1,
                        "Pass": 1,
                        "Fail": 0,
                        "Result": "PASSED"
                    },
                    "TextVectors": {
                        "Elaps": {
                            "Formatted": "13 sec  (00:00:13)",
                            "RawSec": "13"
                        },
                        "Total": 5,
                        "Pass": 5,
                        "Fail": 0,
                        "Result": "PASSED"
                    }
                }
            },
            {
                "Setup": {
                    "Result": "PASSED",
                    "hthor": {
                        "Elaps": {
                            "Formatted": "165 sec  (00:02:45)",
                            "RawSec": "165"
                        },
                        "Total": 9,
                        "Pass": 9,
                        "Fail": 0,
                        "Result": "PASSED"
                    },
                    "thor": {
                        "Elaps": {
                            "Formatted": "81 sec  (00:01:21)",
                            "RawSec": "81"
                        },
                        "Total": 9,
                        "Pass": 9,
                        "Fail": 0,
                        "Result": "PASSED"
                    },
                    "roxie": {
                        "Elaps": {
                            "Formatted": "130 sec  (00:02:10)",
                            "RawSec": "130"
                        },
                        "Total": 24,
                        "Pass": 24,
                        "Fail": 0,
                        "Result": "PASSED"
                    }
                }
            },
            {
                "Regress": {
                    "Result": "FAILED",
                    "Hthor": {
                        "Result": "PASSED",
                        "Elaps": {
                            "Formatted": "1085 sec  (00:18:05)",
                            "RawSec": "1085"
                        },
                        "Total": 1034,
                        "Pass": 1034,
                        "Fail": 0
                    },
                    "Thor": {
                        "Result": "FAILED",
                        "Elaps": {
                            "Formatted": "2156 sec  (00:35:56)",
                            "RawSec": "2156"
                        },
                        "Total": 918,
                        "Pass": 914,
                        "Fail": 4
                    },
                    "Roxie": {
                        "Result": "PASSED",
                        "Elaps": {
                            "Formatted": "1195 sec  (00:19:55)",
                            "RawSec": "1195"
                        },
                        "Total": 1127,
                        "Pass": 1127,
                        "Fail": 0
                    }
                }
            },
            {
                "Uninstall": {
                    "Elaps": "No data"
                }
            }
        ],
        "Errors": [
            {},
            {
                "thor": {
                    "distmerge": {
                        "TestId": 225,
                        "Wuid": "W20250504-120828-1",
                        "Problem": "Exception",
                        "Code": "9999",
                        "Msg": "System error: 9999: WORKER #2 [10:22:254:98:20120]: Internal Error &apos;Unknown mapping kind: 4&apos; in queryStatistic() at jstats:h(600)"
                    },
                    "joinpartition": {
                        "TestId": 427,
                        "Wuid": "W20250504-121311",
                        "Problem": "Exception",
                        "Code": "9999",
                        "Msg": "System error: 9999: WORKER #2 [10:22:254:98:20120]: Internal Error &apos;Unknown mapping kind: 4&apos; in queryStatistic() at jstats:h(600)"
                    },
                    "stepping7h(multiPart=true)": {
                        "TestId": 759,
                        "Wuid": "W20250504-122109",
                        "Problem": "Exception",
                        "Code": "9999",
                        "Msg": "System error: 9999: WORKER #4 [10:22:254:98:20160]: Internal Error &apos;Unknown mapping kind: 4&apos; in queryStatistic() at jstats:h(600)"
                    },
                    "teststdlibrary(tmod='DataPatterns')": {
                        "TestId": 806,
                        "Wuid": "W20250504-123412",
                        "Problem": "Exception",
                        "Code": "9999",
                        "Msg": "System error: 9999: WORKER #1 [10:22:254:98:20100]: Internal Error &apos;Unknown mapping kind: 4&apos; in queryStatistic() at jstats:h(600)"
                    }
                }
            }
        ]
    }
}