{
    "OBTResult": {
        "Env": {
            "BuildSystem": "CentOS_Linux_7",
            "Hardware": "CPU/Cores: 16, RAM: 30 GB",
            "IPAddress": "10.20.0.45 (OBT-AWS02)"
        },
        "BuildSet": {
            "Branch": "candidate-9.10.x",
            "BranchDate": "Fri May 16 16:42:44 2025 +0100",
            "BranchSHA": "cab67d246d598f4793ad9af90600e003a313b434",
            "BuildType": "Debug",
            "Target": "BM/VM"
        },
        "Exclusion": {
            "Build": "MAKE_CASSANDRAEMBED, COUCHBASEEMBED, USE_AZURE, USE_AWS",
            "Unittest": "JlibReaderWriterTestTiming, AtomicTimingTest, AtomicTimingStressTest, RWLockStressTest",
            "MLtest": "ClassicTestModified.ecl, SVCTest.ecl",
            "Regression": "embedded-r, embedded-js, 3rdpartyservice, mongodb, python2"
        },
        "ThorConfig": {
            "Slaves": "4",
            "Channels": "1"
        },
        "Tasks": [
            {
                "Build": {
                    "Result": "PASSED",
                    "CMake": {
                        "Formatted": "12 sec (00:00:12)",
                        "RawSec": "12"
                    },
                    "Build": {
                        "Formatted": "599 sec (00:09:59)",
                        "RawSec": "599"
                    },
                    "Package": {
                        "Formatted": "396 sec (00:06:36)",
                        "RawSec": "396"
                    },
                    "Altogether": {
                        "Formatted": "1008 sec (00:16:48)",
                        "RawSec": "1008"
                    }
                }
            },
            {
                "Install": {
                    "Elaps": "No data"
                }
            },
            {
                "Unittests": {
                    "Result": "FAILED",
                    "Elaps": {
                        "Formatted": "8166 sec (02:16:06)",
                        "RawSec": "8166"
                    },
                    "Total": 404,
                    "Pass": 403,
                    "Fail": 0,
                    "Error": 1,
                    "Timeout": 0
                }
            },
            {
                "Wutooltests": {
                    "Result": "PASSED",
                    "Elaps": {
                        "Formatted": "2 sec (00:00:02)",
                        "RawSec": "2"
                    },
                    "Total": 19,
                    "Pass": 19,
                    "Fail": 0,
                    "Error": 0,
                    "Timeout": 0
                }
            },
            {
                "MLtests": {
                    "Result": "PASSED",
                    "DBSCAN": {
                        "Elaps": {
                            "Formatted": "15 sec  (00:00:15)",
                            "RawSec": "15"
                        },
                        "Total": 2,
                        "Pass": 2,
                        "Fail": 0,
                        "Result": "PASSED"
                    },
                    "GLM": {
                        "Elaps": {
                            "Formatted": "97 sec  (00:01:37)",
                            "RawSec": "97"
                        },
                        "Total": 7,
                        "Pass": 7,
                        "Fail": 0,
                        "Result": "PASSED"
                    },
                    "GNN": {
                        "Elaps": {
                            "Formatted": "72 sec  (00:01:12)",
                            "RawSec": "72"
                        },
                        "Total": 4,
                        "Pass": 4,
                        "Fail": 0,
                        "Result": "PASSED"
                    },
                    "KMeans": {
                        "Elaps": {
                            "Formatted": "6 sec  (00:00:06)",
                            "RawSec": "6"
                        },
                        "Total": 1,
                        "Pass": 1,
                        "Fail": 0,
                        "Result": "PASSED"
                    },
                    "LearningTrees": {
                        "Elaps": {
                            "Formatted": "538 sec  (00:08:58)",
                            "RawSec": "538"
                        },
                        "Total": 3,
                        "Pass": 3,
                        "Fail": 0,
                        "Result": "PASSED"
                    },
                    "PBblas": {
                        "Elaps": {
                            "Formatted": "20 sec  (00:00:20)",
                            "RawSec": "20"
                        },
                        "Total": 2,
                        "Pass": 2,
                        "Fail": 0,
                        "Result": "PASSED"
                    },
                    "SupportVectorMachines": {
                        "Elaps": {
                            "Formatted": "17 sec  (00:00:17)",
                            "RawSec": "17"
                        },
                        "Total": 1,
                        "Pass": 1,
                        "Fail": 0,
                        "Result": "PASSED"
                    },
                    "TextVectors": {
                        "Elaps": {
                            "Formatted": "16 sec  (00:00:16)",
                            "RawSec": "16"
                        },
                        "Total": 5,
                        "Pass": 5,
                        "Fail": 0,
                        "Result": "PASSED"
                    }
                }
            },
            {
                "Setup": {
                    "Result": "PASSED",
                    "hthor": {
                        "Elaps": {
                            "Formatted": "168 sec  (00:02:48)",
                            "RawSec": "168"
                        },
                        "Total": 9,
                        "Pass": 9,
                        "Fail": 0,
                        "Result": "PASSED"
                    },
                    "thor": {
                        "Elaps": {
                            "Formatted": "79 sec  (00:01:19)",
                            "RawSec": "79"
                        },
                        "Total": 9,
                        "Pass": 9,
                        "Fail": 0,
                        "Result": "PASSED"
                    },
                    "roxie": {
                        "Elaps": {
                            "Formatted": "134 sec  (00:02:14)",
                            "RawSec": "134"
                        },
                        "Total": 24,
                        "Pass": 24,
                        "Fail": 0,
                        "Result": "PASSED"
                    }
                }
            },
            {
                "Regress": {
                    "Result": "FAILED",
                    "Hthor": {
                        "Result": "FAILED",
                        "Elaps": {
                            "Formatted": "860 sec  (00:14:20)",
                            "RawSec": "860"
                        },
                        "Total": 1075,
                        "Pass": 1073,
                        "Fail": 2
                    },
                    "Thor": {
                        "Result": "FAILED",
                        "Elaps": {
                            "Formatted": "2125 sec  (00:35:25)",
                            "RawSec": "2125"
                        },
                        "Total": 952,
                        "Pass": 950,
                        "Fail": 2
                    },
                    "Roxie": {
                        "Result": "FAILED",
                        "Elaps": {
                            "Formatted": "859 sec  (00:14:19)",
                            "RawSec": "859"
                        },
                        "Total": 1169,
                        "Pass": 1167,
                        "Fail": 2
                    }
                }
            },
            {
                "Uninstall": {
                    "Elaps": "No data"
                }
            }
        ],
        "Errors": [
            {
                "hthor": {
                    "httpcall_multiheader_proxy": {
                        "TestId": 343,
                        "Wuid": "W20250518-155927-5",
                        "Problem": "Other problem(s)",
                        "Code": "0",
                        "Msg": "Result doesn't match to key file"
                    },
                    "soapcall_multihttpheader_proxy": {
                        "TestId": 740,
                        "Wuid": "W20250518-160228-5",
                        "Problem": "Other problem(s)",
                        "Code": "0",
                        "Msg": "Result doesn't match to key file"
                    }
                }
            },
            {
                "thor": {
                    "httpcall_multiheader_proxy": {
                        "TestId": 324,
                        "Wuid": "W20250518-161421-5",
                        "Problem": "Other problem(s)",
                        "Code": "0",
                        "Msg": "Result doesn't match to key file"
                    },
                    "soapcall_multihttpheader_proxy": {
                        "TestId": 710,
                        "Wuid": "W20250518-162258-9",
                        "Problem": "Other problem(s)",
                        "Code": "0",
                        "Msg": "Result doesn't match to key file"
                    }
                }
            },
            {
                "roxie": {
                    "httpcall_multiheader_proxy": {
                        "TestId": 357,
                        "Wuid": "W20250518-164943",
                        "Problem": "Other problem(s)",
                        "Code": "0",
                        "Msg": "Result doesn't match to key file"
                    },
                    "soapcall_multihttpheader_proxy": {
                        "TestId": 799,
                        "Wuid": "W20250518-165327-4",
                        "Problem": "Other problem(s)",
                        "Code": "0",
                        "Msg": "Result doesn't match to key file"
                    }
                }
            }
        ]
    }
}