{
    "OBTResult": {
        "Env": {
            "BuildSystem": "CentOS_Linux_7",
            "Hardware": "CPU/Cores: 16, RAM: 30 GB",
            "IPAddress": "10.20.0.182 (OBT-AWS01)"
        },
        "BuildSet": {
            "Branch": "master",
            "BranchDate": "Mon May 12 16:28:07 2025 +0100",
            "BranchSHA": "2E706CED",
            "BuildType": "RelWithDebInfo",
            "Target": "BM/VM"
        },
        "Exclusion": {},
        "ThorConfig": {
            "Slaves": "4",
            "Channels": "1"
        },
        "Tasks": [
            {
                "Setup": {
                    "Result": "FAILED",
                    "thor": {
                        "Total": "3",
                        "Pass": "2",
                        "Fail": "1",
                        "Result": "FAILED"
                    },
                    "roxie": {
                        "Total": "5",
                        "Pass": "5",
                        "Fail": "0",
                        "Result": "PASSED"
                    }
                },
                "Performance": {
                    "Result": "FAILED",
                    "thor": {
                        "Total": "319",
                        "Pass": "313",
                        "Fail": "6",
                        "Result": "FAILED"
                    }
                }
            }
        ],
        "Errors": [
            {
                "thor (setup)": {
                    "buildindexorder1": {
                        "TestId": 2,
                        "Wuid": "W20250514-043535",
                        "Problem": "Other problem(s)",
                        "Code": "0",
                        "Msg": "Result doesn't match to key file"
                    }
                }
            },
            {
                "thor": {
                    "01fc_buildindexorder1": {
                        "TestId": 48,
                        "Wuid": "W20250514-045713",
                        "Problem": "Other problem(s)",
                        "Code": "0",
                        "Msg": "Result doesn't match to key file"
                    },
                    "04ef_joinl1s": {
                        "TestId": 136,
                        "Wuid": "W20250514-054105",
                        "Problem": "Other problem(s)",
                        "Code": "0",
                        "Msg": "Result doesn't match to key file"
                    },
                    "11dc_localsmartjoin_nosort_sp": {
                        "TestId": 211,
                        "Wuid": "W20250514-061857",
                        "Problem": "Other problem(s)",
                        "Code": "0",
                        "Msg": "Result doesn't match to key file"
                    },
                    "02cd_multisort16": {
                        "TestId": 85,
                        "Wuid": "W20250514-050925",
                        "Problem": "Exception",
                        "Code": "5734",
                        "Msg": "System error: 5734: Graph graph1[1], sort[17]: Graph graph1[1], sort[17]: CSortMaster::ConnectSlaves: Could not connect to 10:20:0:182:20119, Master exception - caused by (5734, Graph graph1[1], sort[17]: CSortMaster::ConnectSlaves: Could not connect to 10:20:0:182:20119)"
                    },
                    "15bb_parallelsoapcallidx(persistConnection=false,tls=true)": {
                        "TestId": 313,
                        "Wuid": "W20250514-065933",
                        "Problem": "Exception",
                        "Code": "5",
                        "Msg": "System error: 5: Graph graph1[1], SOAP_datasetdataset[3]: WORKER #3 [10:20:0:182:20140]: &lt;Error&gt;&lt;text&gt;Input/output&amp;#32;error&amp;#10;SSL_read&amp;#32;error&amp;#32;5&amp;#32;(0)&amp;#32;-&amp;#32;error:00000005:lib(0)::reason(5)&lt;/text&gt;&lt;url&gt;https://::19876/&lt;/url&gt;&lt;/Error&gt;,  - caused by (5, &lt;Error&gt;&lt;text&gt;Input/output&amp;#32;error&amp;#10;SSL_read&amp;#32;error&amp;#32;5&amp;#32;(0)&amp;#32;-&amp;#32;error:00000005:lib(0)::reason(5)&lt;/text&gt;&lt;url&gt;https://::19876/&lt;/url&gt;&lt;/Error&gt;)"
                    },
                    "15bb_parallelsoapcallidx(persistConnection=true,tls=true)": {
                        "TestId": 314,
                        "Wuid": "W20250514-065934",
                        "Problem": "Exception",
                        "Code": "5",
                        "Msg": "System error: 5: Graph graph1[1], SOAP_datasetdataset[3]: WORKER #3 [10:20:0:182:20140]: &lt;Error&gt;&lt;text&gt;Input/output&amp;#32;error&amp;#10;SSL_read&amp;#32;error&amp;#32;5&amp;#32;(0)&amp;#32;-&amp;#32;error:00000005:lib(0)::reason(5)&lt;/text&gt;&lt;url&gt;https://::19876/&lt;/url&gt;&lt;/Error&gt;,  - caused by (5, &lt;Error&gt;&lt;text&gt;Input/output&amp;#32;error&amp;#10;SSL_read&amp;#32;error&amp;#32;5&amp;#32;(0)&amp;#32;-&amp;#32;error:00000005:lib(0)::reason(5)&lt;/text&gt;&lt;url&gt;https://::19876/&lt;/url&gt;&lt;/Error&gt;)"
                    }
                }
            }
        ]
    }
}