{
    "OBTResult": {
        "Env": {
            "BuildSystem": "Ubuntu_22_04_5_LTS",
            "Hardware": "CPU/Cores: 8, RAM: 23 GB",
            "IPAddress": "127.0.1.1 (OBT-BM01)"
        },
        "BuildSet": {
            "Branch": "master",
            "BranchDate": "Mon Apr 14 15:22:43 2025 +0100",
            "BranchSHA": "35B04493",
            "BuildType": "RelWithDebInfo",
            "Target": "BM/VM"
        },
        "Exclusion": {},
        "ThorConfig": {
            "Slaves": "4",
            "Channels": "1"
        },
        "Tasks": [
            {
                "Performance": {
                    "Result": "FAILED",
                    "setup_thor": {
                        "Total": "3",
                        "Pass": "2",
                        "Fail": "1",
                        "Result": "FAILED"
                    },
                    "setup_roxie": {
                        "Total": "5",
                        "Pass": "5",
                        "Fail": "0",
                        "Result": "PASSED"
                    },
                    "thor": {
                        "Total": "319",
                        "Pass": "306",
                        "Fail": "13",
                        "Result": "FAILED"
                    }
                }
            }
        ],
        "Errors": [
            {
                "thor (setup)": {
                    "buildindexorder1": {
                        "TestId": 2,
                        "Wuid": "W20250509-185716-5",
                        "Problem": "Other problem(s)",
                        "Code": "0",
                        "Msg": "Result doesn't match to key file"
                    }
                }
            },
            {
                "thor": {
                    "01fc_buildindexorder1": {
                        "TestId": 48,
                        "Wuid": "W20250509-195704",
                        "Problem": "Other problem(s)",
                        "Code": "0",
                        "Msg": "Result doesn't match to key file"
                    },
                    "02ea_smallsorts(algo='parquicksort')": {
                        "TestId": 95,
                        "Wuid": "W20250509-202736",
                        "Problem": "Other problem(s)",
                        "Code": "0",
                        "Msg": "Result doesn't match to key file"
                    },
                    "02ea_smallsorts(algo='parmergesort')": {
                        "TestId": 96,
                        "Wuid": "W20250509-202824",
                        "Problem": "Other problem(s)",
                        "Code": "0",
                        "Msg": "Result doesn't match to key file"
                    },
                    "04ef_joinl1s": {
                        "TestId": 136,
                        "Wuid": "W20250509-212302",
                        "Problem": "Other problem(s)",
                        "Code": "0",
                        "Msg": "Result doesn't match to key file"
                    },
                    "07ca_keyedjoinlimit_no": {
                        "TestId": 174,
                        "Wuid": "W20250509-214943",
                        "Problem": "Other problem(s)",
                        "Code": "0",
                        "Msg": "Result doesn't match to key file"
                    },
                    "11dc_localsmartjoin_nosort_sp": {
                        "TestId": 211,
                        "Wuid": "W20250509-230002",
                        "Problem": "Other problem(s)",
                        "Code": "0",
                        "Msg": "Result doesn't match to key file"
                    },
                    "02cd_multisort16": {
                        "TestId": 85,
                        "Wuid": "W20250509-201810",
                        "Problem": "Exception",
                        "Code": "5734",
                        "Msg": "System error: 5734: Graph graph1[1], sort[17]: Graph graph1[1], sort[17]: CSortMaster::ConnectSlaves: Could not connect to 192:168:1:59:20119, Master exception - caused by (5734, Graph graph1[1], sort[17]: CSortMaster::ConnectSlaves: Could not connect to 192:168:1:59:20119)"
                    },
                    "04ae_join1h": {
                        "TestId": 116,
                        "Wuid": "W20250509-204940",
                        "Problem": "Exception",
                        "Code": "4294967295",
                        "Msg": "System error: -1: Graph graph1[1], join[6]: WORKER #1 [192:168:1:59:20100]: JOIN LHS not in sorted order,  - caused by (-1, JOIN LHS not in sorted order)"
                    },
                    "15bb_parallelsoapcallidx(persistConnection=false)": {
                        "TestId": 311,
                        "Wuid": "W20250510-002352",
                        "Problem": "Exception",
                        "Code": "4294967295",
                        "Msg": "System error: -1: Graph graph1[1], SOAP_datasetdataset[3]: WORKER #1 [192:168:1:59:20100]: &lt;Error&gt;&lt;text&gt;socket&amp;#32;not&amp;#32;opened&lt;/text&gt;&lt;url&gt;http://::9876/&lt;/url&gt;&lt;/Error&gt;,  - caused by (-1, &lt;Error&gt;&lt;text&gt;socket&amp;#32;not&amp;#32;opened&lt;/text&gt;&lt;url&gt;http://::9876/&lt;/url&gt;&lt;/Error&gt;)"
                    },
                    "15bb_parallelsoapcallidx(persistConnection=true)": {
                        "TestId": 312,
                        "Wuid": "W20250510-002354",
                        "Problem": "Exception",
                        "Code": "4294967295",
                        "Msg": "System error: -1: Graph graph1[1], SOAP_datasetdataset[3]: WORKER #3 [192:168:1:59:20140]: &lt;Error&gt;&lt;text&gt;socket&amp;#32;not&amp;#32;opened&lt;/text&gt;&lt;url&gt;http://::9876/&lt;/url&gt;&lt;/Error&gt;,  - caused by (-1, &lt;Error&gt;&lt;text&gt;socket&amp;#32;not&amp;#32;opened&lt;/text&gt;&lt;url&gt;http://::9876/&lt;/url&gt;&lt;/Error&gt;)"
                    },
                    "06cc_dedupalldist": {
                        "TestId": 171,
                        "Wuid": "W20250509-214534",
                        "Problem": "Exception",
                        "Code": "5836",
                        "Msg": "System error: 5836: 5836, 5836, WORKER #1 [192:168:1:59:20100]: [5836: Row leaks detected]  : Error in jobDone : CJobManager::executeGraph"
                    },
                    "15bb_parallelsoapcallidx(persistConnection=false,tls=true)": {
                        "TestId": 313,
                        "Wuid": "W20250510-002355",
                        "Problem": "Exception",
                        "Code": "5",
                        "Msg": "System error: 5: Graph graph1[1], SOAP_datasetdataset[3]: WORKER #1 [192:168:1:59:20100]: &lt;Error&gt;&lt;text&gt;Input/output&amp;#32;error&amp;#10;SSL_read&amp;#32;error&amp;#32;5&amp;#32;(0)&amp;#32;-&amp;#32;error:00000005:lib(0)::reason(5)&lt;/text&gt;&lt;url&gt;https://::19876/&lt;/url&gt;&lt;/Error&gt;,  - caused by (5, &lt;Error&gt;&lt;text&gt;Input/output&amp;#32;error&amp;#10;SSL_read&amp;#32;error&amp;#32;5&amp;#32;(0)&amp;#32;-&amp;#32;error:00000005:lib(0)::reason(5)&lt;/text&gt;&lt;url&gt;https://::19876/&lt;/url&gt;&lt;/Error&gt;)"
                    },
                    "15bb_parallelsoapcallidx(persistConnection=true,tls=true)": {
                        "TestId": 314,
                        "Wuid": "W20250510-002358",
                        "Problem": "Exception",
                        "Code": "5",
                        "Msg": "System error: 5: Graph graph1[1], SOAP_datasetdataset[3]: WORKER #3 [192:168:1:59:20140]: &lt;Error&gt;&lt;text&gt;Input/output&amp;#32;error&amp;#10;SSL_read&amp;#32;error&amp;#32;5&amp;#32;(0)&amp;#32;-&amp;#32;error:00000005:lib(0)::reason(5)&lt;/text&gt;&lt;url&gt;https://::19876/&lt;/url&gt;&lt;/Error&gt;,  - caused by (5, &lt;Error&gt;&lt;text&gt;Input/output&amp;#32;error&amp;#10;SSL_read&amp;#32;error&amp;#32;5&amp;#32;(0)&amp;#32;-&amp;#32;error:00000005:lib(0)::reason(5)&lt;/text&gt;&lt;url&gt;https://::19876/&lt;/url&gt;&lt;/Error&gt;)"
                    }
                }
            }
        ]
    }
}