{
    "OBTResult": {
        "Env": {
            "BuildSystem": "CentOS_Stream_8",
            "Hardware": "CPU/Cores: 4, RAM: 7 GB",
            "IPAddress": "10.22.254.152 (OBT-AWS03)"
        },
        "BuildSet": {
            "Branch": "candidate-9.12.x",
            "BranchDate": "Tue May 20 13:41:47 2025 +0100",
            "BranchSHA": "44475ee57a196fbb943eae08b9d08b016f7f6789",
            "BuildType": "RelWithDebInfo",
            "Target": "BM/VM"
        },
        "Exclusion": {
            "Build": "MAKE_CASSANDRAEMBED, COUCHBASEEMBED, USE_AZURE, USE_AWS, WASMEMBED",
            "Documentation": "not built",
            "Unittest": "JlibReaderWriterTestTiming, AtomicTimingTest, AtomicTimingStressTest",
            "MLtest": "ClassicTestModified.ecl, SVCTest.ecl"
        },
        "ThorConfig": {
            "Slaves": "4",
            "Channels": "1"
        },
        "Tasks": [
            {
                "Build": {
                    "Result": "FAILED",
                    "CMake": {
                        "Formatted": "10 sec (00:00:10)",
                        "RawSec": "10"
                    },
                    "Build": {
                        "Formatted": "351 sec (00:05:51)",
                        "RawSec": "351"
                    },
                    "Package": {
                        "Formatted": "7 sec (00:00:07)",
                        "RawSec": "7"
                    },
                    "Altogether": {
                        "Formatted": "368 sec (00:06:08)",
                        "RawSec": "368"
                    }
                }
            }
        ],
        "Errors": []
    }
}