{
    "OBTResult": {
        "Env": {
            "BuildSystem": "CentOS_Linux_7",
            "Hardware": "CPU/Cores: 16, RAM: 30 GB",
            "IPAddress": "10.20.0.182 (OBT-AWS01)"
        },
        "BuildSet": {
            "Branch": "master",
            "BranchDate": "Fri May 2 09:17:32 2025 +0100",
            "BranchSHA": "879274DC",
            "BuildType": "RelWithDebInfo",
            "Target": "BM/VM"
        },
        "Exclusion": {},
        "ThorConfig": {
            "Slaves": "4",
            "Channels": "1"
        },
        "Tasks": [
            {
                "Performance": {
                    "Result": "FAILED",
                    "thor": {
                        "Total": "319",
                        "Pass": "313",
                        "Fail": "6",
                        "Result": "FAILED"
                    }
                }
            }
        ],
        "Errors": [
            {
                "thor": {
                    "01fc_buildindexorder1": {
                        "TestId": 48,
                        "Wuid": "W20250504-045605",
                        "Problem": "Other problem(s)",
                        "Code": "0",
                        "Msg": "Result doesn't match to key file"
                    },
                    "04ef_joinl1s": {
                        "TestId": 136,
                        "Wuid": "W20250504-053729",
                        "Problem": "Other problem(s)",
                        "Code": "0",
                        "Msg": "Result doesn't match to key file"
                    },
                    "11dc_localsmartjoin_nosort_sp": {
                        "TestId": 211,
                        "Wuid": "W20250504-061339",
                        "Problem": "Other problem(s)",
                        "Code": "0",
                        "Msg": "Result doesn't match to key file"
                    },
                    "02cd_multisort16": {
                        "TestId": 85,
                        "Wuid": "W20250504-050746",
                        "Problem": "Exception",
                        "Code": "5734",
                        "Msg": "System error: 5734: Graph graph1[1], sort[15]: Graph graph1[1], sort[15]: CSortMaster::ConnectSlaves: Could not connect to 10:20:0:182:20161, Master exception - caused by (5734, Graph graph1[1], sort[15]: CSortMaster::ConnectSlaves: Could not connect to 10:20:0:182:20161)"
                    },
                    "15bb_parallelsoapcallidx(persistConnection=false,tls=true)": {
                        "TestId": 313,
                        "Wuid": "W20250504-065216",
                        "Problem": "Exception",
                        "Code": "5",
                        "Msg": "System error: 5: Graph graph1[1], SOAP_datasetdataset[3]: WORKER #1 [10:20:0:182:20100]: &lt;Error&gt;&lt;text&gt;Input/output&amp;#32;error&amp;#10;SSL_read&amp;#32;error&amp;#32;5&amp;#32;(0)&amp;#32;-&amp;#32;error:00000005:lib(0)::reason(5)&lt;/text&gt;&lt;url&gt;https://::19876/&lt;/url&gt;&lt;/Error&gt;,  - caused by (5, &lt;Error&gt;&lt;text&gt;Input/output&amp;#32;error&amp;#10;SSL_read&amp;#32;error&amp;#32;5&amp;#32;(0)&amp;#32;-&amp;#32;error:00000005:lib(0)::reason(5)&lt;/text&gt;&lt;url&gt;https://::19876/&lt;/url&gt;&lt;/Error&gt;)"
                    },
                    "15bb_parallelsoapcallidx(persistConnection=true,tls=true)": {
                        "TestId": 314,
                        "Wuid": "W20250504-065217",
                        "Problem": "Exception",
                        "Code": "5",
                        "Msg": "System error: 5: Graph graph1[1], SOAP_datasetdataset[3]: WORKER #4 [10:20:0:182:20160]: &lt;Error&gt;&lt;text&gt;Input/output&amp;#32;error&amp;#10;SSL_read&amp;#32;error&amp;#32;5&amp;#32;(0)&amp;#32;-&amp;#32;error:00000005:lib(0)::reason(5)&lt;/text&gt;&lt;url&gt;https://::19876/&lt;/url&gt;&lt;/Error&gt;,  - caused by (5, &lt;Error&gt;&lt;text&gt;Input/output&amp;#32;error&amp;#10;SSL_read&amp;#32;error&amp;#32;5&amp;#32;(0)&amp;#32;-&amp;#32;error:00000005:lib(0)::reason(5)&lt;/text&gt;&lt;url&gt;https://::19876/&lt;/url&gt;&lt;/Error&gt;)"
                    }
                }
            }
        ]
    }
}