{
    "OBTResult": {
        "Env": {
            "BuildSystem" : "Ubuntu_22_04_5_LTS",
            "Hardware": "CPU/Cores: 8, RAM: 16 GB",
            "IPAddress": "192.168.1.54"
        },
         "Remote" : {
            "System" : "AKS",
            "VmSize" : "Standard_D16s_v4",
            "Hardware": "CPU/Cores: 16, RAM: 64 GB",
            "HthorConfig": {
                "Replicas": "3",
                "MaxActive": "4",
                "UseChildProcesses" : "true",
                "AllowedPipePrograms" : "*"
            },
            "ThorConfig":{
                "NumWorkers": "2",
                "MaxJobs": "4",
                "MaxGraph" : "2",
                "MultiJobLinger" : "true",
                "LingerPeriod" : "200",
                "AllowedPipePrograms" : "*"
            },
            "RoxieWorkunitConfig": {
                "Replicas": "1",
                "MaxActive":"20",
                "UseChildProcesses" : "true",
                "AllowedPipePrograms" : "*"
            }
        },
        "BuildSet": {
            "Branch": "community_9.12.4-rc1",
            "BranchDate": "N/A",
            "BranchSHA": "N/A",
            "BuildType": "Release",
            "Target": "K8s"
        },
        "Exclusion": {
            "Build": "N/A",
            "Documentation": "N/A",
            "Unittest": "N/A",
            "MLtest": "N/A",
            "Regression": "--ef pipefail.ecl -e embedded-r,embedded-js,3rdpartyservice,mongodb,spray"
        },
        "Tasks": [
            {
                "UpdateHelmRepo": {
                    "Result" : "Done",
                    "Elaps": {
                        "Formatted": "10 sec (00:00:10)",
                        "RawSec": "10"
                    }
                }
            },
            {
                "UpgradeTerraform": {
                    "Result" : "Done",
                    "Version" : "Terraform v1.12.0",
                    "Elaps": {
                        "Formatted": "102 sec (00:01:42)",
                        "RawSec": "102"
                    }
                }
            },
            {
                "CreateVirtualNetwork": {
                    "Result" : "Done (retCode: 0)",
                    "NumberOfResources" : 11,
                    "Elaps": {
                        "Formatted": "121 sec (00:02:01)",
                        "RawSec": "121"
                    }
                }
            },
            {
                "CreateStorage": {
                    "Result" : "Done (retCode: 0)",
                    "NumberOfResources" : 17,
                    "Elaps": {
                        "Formatted": "113 sec (00:01:53)",
                        "RawSec": "113"
                    }
                }
            },
            {
                "CreateAKS": {
                    "Result" : "Done",
                    "NumberOfResources" : 20,
                    "Elaps": {
                        "Formatted": "531 sec (00:08:51)",
                        "RawSec": "531"
                    }
                }
            },
            {
                "ECLWatchAnnotation": {
                    "Result": "Done",
                    "Elaps": {
                        "Formatted": "71 sec (00:01:11)",
                        "RawSec": "71"
                    }
                }
            },
            {
                "Setup": {
                    "Result": "PASSED",
                    "hthor": {
                        "Elaps": {
                            "Formatted": "0 sec (00:00:00)",
                            "RawSec": "0"
                        },
                        "Total": 0,
                        "Pass": 0,
                        "Fail": 0,
                        "Result": "N/A"
                    },
                    "thor": {
                        "Elaps": {
                            "Formatted": "97 sec (00:01:37)",
                            "RawSec": "97"
                        },
                        "Total": 9,
                        "Pass": 9,
                        "Fail": 0,
                        "Result": "PASSED"
                    },
                    "roxie": {
                        "Elaps": {
                            "Formatted": "138 sec (00:02:18)",
                            "RawSec": "138"
                        },
                        "Total": 24,
                        "Pass": 24,
                        "Fail": 0,
                        "Result": "PASSED"
                    }
                }
            },
            {
                "PublishQueries": {
                    "Result" : "Done",
                    "Total" : 0,
                    "Elaps": {
                        "Formatted": "0 sec (00:00:00)",
                        "RawSec": "0"
                    }
                }
            },
            {
                "Regress": {
                    "Result": "FAILED",
                    "Hthor": {
                        "Result": "FAILED",
                        "Elaps": {
                            "Formatted": "4545 sec (01:15:45)",
                            "RawSec": "4545"
                        },
                        "Total": 1075,
                        "Pass": 1072,
                        "Fail": 3
                    },
                    "Thor": {
                        "Result": "FAILED",
                        "Elaps": {
                            "Formatted": "3944 sec (01:05:44)",
                            "RawSec": "3944"
                        },
                        "Total":  953,
                        "Pass": 949,
                        "Fail": 4
                    },
                    "Roxie": {
                        "Result": "FAILED",
                        "Elaps": {
                            "Formatted": "5431 sec (01:30:31)",
                            "RawSec": "5431"
                        },
                        "Total":  1146,
                        "Pass": 1102,
                        "Fail": 44
                    }
                }
            },
            {
                "CollectTimings": {
                    "Result" : "Done",
                    "Elaps": {
                        "Formatted": "1041 sec (00:17:21).",
                        "RawSec": "1041"
                    }
                }
            },
            {
                "CollectPODLogs": {
                    "Result" : "Done",
                    "Elaps": {
                        "Formatted": "365 sec (00:06:05).",
                        "RawSec": "365"
                    }
                }
            },
            {
                "DestroyAKS": {
                    "Result" : "Done (retCode: 0)",
                    "NumberOfResources" : 20,
                    "Elaps": {
                        "Formatted": "524 sec (00:08:44)",
                        "RawSec": "524"
                    }
                }
            },
            {
                "DestroyStorage": {
                    "Result" : "Done (retCode: 0)",
                    "NumberOfResources" : 17,
                    "Elaps": {
                        "Formatted": "143 sec (00:02:23)",
                        "RawSec": "143"
                    }
                }
            },
            {
                "DestroyVirtualNetwork": {
                    "Result" : "Done (retCode: 0)",
                    "NumberOfResources" : 11,
                    "Elaps": {
                        "Formatted": "165 sec (00:02:45)",
                        "RawSec": "165"
                    }
                }
            },
            {
                "RunLogProcessor": {
                   "Result": "Done",
                    "Elaps": {
                        "Formatted": "1 sec (00:00:01).",
                        "RawSec": "1"
                    }
                }
            }
        ],
        "Errors": [
            
            
            
            {
            "HthorRegress" : [
                "[Failure] 140. Fail cryptoplugin_pke_lfn.ecl - W20250520-101716 (6 sec)",
                "[Failure] 342. Fail httpcall_multiheader_proxy.ecl - W20250520-102831 (127 sec)",
                "[Failure] 739. Fail soapcall_multihttpheader_proxy.ecl - W20250520-105417 (127 sec)"
                ]
            },
            {
            "ThorRegress" : [
                "[Failure] 137. Fail cryptoplugin_pke_lfn.ecl - W20250520-113032-4 (6 sec)",
                "[Failure] 258. Fail external.ecl - W20250520-113718 (6 sec)",
                "[Failure] 323. Fail httpcall_multiheader_proxy.ecl - W20250520-114130-3 (127 sec)",
                "[Failure] 711. Fail soapcall_multihttpheader_proxy.ecl - W20250520-120731 (127 sec)"
            ]
        },
            {
            "RoxieRegress" : [
                "[Failure] 151. Fail cryptoplugin_pke_lfn.ecl - W20250520-124046 (8 sec)",
                "[Failure] 285. Fail external.ecl - W20250520-124930 (8 sec)",
                "[Failure] 287. Fail externalplane.ecl - W20250520-124939-5 (7 sec)",
                "[Failure] 356. Fail httpcall_multiheader_proxy.ecl - W20250520-125431 (128 sec)",
                "[Failure] 390. Fail indexmerge.ecl ( version: multiPart=false ) - W20250520-125756 (7 sec)",
                "[Failure] 576. Fail mergechild.ecl ( version: multiPart=false ) - W20250520-131158 (8 sec)",
                "[Failure] 673. Fail pullindex2.ecl ( version: multiPart=false ) - W20250520-131850 (7 sec)",
                "[Failure] 731. Fail rewrite.ecl - W20250520-132257 (7 sec)",
                "[Failure] 797. Fail soapcall_multihttpheader_proxy.ecl - W20250520-132904 (128 sec)",
                "[Failure] 884. Fail steplimit1.ecl ( version: multiPart=false ) - W20250520-133610 (7 sec)",
                "[Failure] 886. Fail steplimit2.ecl ( version: multiPart=false ) - W20250520-133619-3 (7 sec)",
                "[Failure] 906. Fail stepping7.ecl ( version: multiPart=false ) - W20250520-133740 (7 sec)",
                "[Failure] 908. Fail stepping7a.ecl ( version: multiPart=false ) - W20250520-133749 (7 sec)",
                "[Failure] 910. Fail stepping7b.ecl ( version: multiPart=false ) - W20250520-133800 (7 sec)",
                "[Failure] 912. Fail stepping7c.ecl ( version: multiPart=false ) - W20250520-133809 (8 sec)",
                "[Failure] 914. Fail stepping7d.ecl ( version: multiPart=false ) - W20250520-133818 (7 sec)",
                "[Failure] 916. Fail stepping7e.ecl ( version: multiPart=false ) - W20250520-133826 (7 sec)",
                "[Failure] 918. Fail stepping7f.ecl ( version: multiPart=false ) - W20250520-133835 (7 sec)",
                "[Failure] 920. Fail stepping7g.ecl ( version: multiPart=false ) - W20250520-133844 (7 sec)",
                "[Failure] 922. Fail stepping7h.ecl ( version: multiPart=false ) - W20250520-133852 (7 sec)",
                "[Failure] 924. Fail stepping8.ecl ( version: multiPart=false ) - W20250520-133901 (7 sec)",
                "[Failure] 926. Fail stepping8a.ecl ( version: multiPart=false ) - W20250520-133909 (7 sec)",
                "[Failure] 928. Fail stepping8b.ecl ( version: multiPart=false ) - W20250520-133918 (7 sec)",
                "[Failure] 930. Fail stepping9a.ecl ( version: multiPart=false ) - W20250520-133927 (7 sec)",
                "[Failure] 932. Fail stepping9b.ecl ( version: multiPart=false ) - W20250520-133936 (7 sec)",
                "[Failure] 941. Fail stresstext.ecl ( version: multiPart=false ) - W20250520-134008-1 (11 sec)",
                "[Failure] 943. Fail stresstext.ecl ( version: multiPart=false, variant='default' ) - W20250520-134021 (11 sec)",
                "[Failure] 944. Fail stresstext.ecl ( version: multiPart=false, variant='inplace' ) - W20250520-134033 (11 sec)",
                "[Failure] 945. Fail stresstext.ecl ( version: multiPart=false, variant='inplace_row' ) - W20250520-134033-5 (12 sec)",
                "[Failure] 946. Fail stresstext.ecl ( version: multiPart=false, variant='inplace_lzw' ) - W20250520-134046-3 (12 sec)",
                "[Failure] 947. Fail stresstext.ecl ( version: multiPart=false, variant='inplace_lz4hc' ) - W20250520-134046 (12 sec)",
                "[Failure] 948. Fail stresstext_if.ecl ( version: multiPart=false ) - W20250520-134059-4 (8 sec)",
                "[Failure] 1001. Fail textsearch4.ecl ( version: multiPart=false ) - W20250520-134809 (16 sec)",
                "[Failure] 1051. Fail verifytextindex.ecl ( version: multiPart=false, variant='default' ) - W20250520-135210 (7 sec)",
                "[Failure] 1052. Fail verifytextindex.ecl ( version: multiPart=false, variant='inplace' ) - W20250520-135213 (7 sec)",
                "[Failure] 1053. Fail verifytextindex.ecl ( version: multiPart=false, variant='inplace_row' ) - W20250520-135219 (7 sec)",
                "[Failure] 1054. Fail verifytextindex.ecl ( version: multiPart=false, variant='inplace_lzw' ) - W20250520-135221 (7 sec)",
                "[Failure] 1055. Fail verifytextindex.ecl ( version: multiPart=false, variant='inplace_lz4hc' ) - W20250520-135227 (7 sec)",
                "[Failure] 1103. Fail workflow_9a.ecl ( version: parallel=true ) - W20250520-135546-1 (8 sec)",
                "[Failure] 1102. Fail workflow_9a.ecl ( version: parallel=false ) - W20250520-135546 (9 sec)",
                "[Failure] 1104. Fail workflow_9b.ecl ( version: parallel=false ) - W20250520-135556 (8 sec)",
                "[Failure] 1105. Fail workflow_9b.ecl ( version: parallel=true ) - W20250520-135556-4 (9 sec)",
                "[Failure] 1106. Fail workflow_9c.ecl ( version: parallel=false ) - W20250520-135607 (68 sec)",
                "[Failure] 1107. Fail workflow_9c.ecl ( version: parallel=true ) - W20250520-135607-1 (69 sec)"
            ]
        }
        ]
    }
}
