{
    "OBTResult": {
        "Env": {
            "BuildSystem" : "Ubuntu_22_04_5_LTS",
            "Hardware": "CPU/Cores: 8, RAM: 16 GB",
            "IPAddress": "192.168.1.54"
        },
         "Remote" : {
            "System" : "AKS",
            "VmSize" : "Standard_D16s_v4",
            "Hardware": "CPU/Cores: 16, RAM: 64 GB",
            "HthorConfig": {
                "Replicas": "3",
                "MaxActive": "4",
                "UseChildProcesses" : "true",
                "AllowedPipePrograms" : "*"
            },
            "ThorConfig":{
                "NumWorkers": "2",
                "MaxJobs": "4",
                "MaxGraph" : "2",
                "MultiJobLinger" : "true",
                "LingerPeriod" : "200",
                "AllowedPipePrograms" : "*"
            },
            "RoxieWorkunitConfig": {
                "Replicas": "1",
                "MaxActive":"20",
                "UseChildProcesses" : "true",
                "AllowedPipePrograms" : "*"
            }
        },
        "BuildSet": {
            "Branch": "community_9.12.0-rc7",
            "BranchDate": "N/A",
            "BranchSHA": "N/A",
            "BuildType": "Release",
            "Target": "K8s"
        },
        "Exclusion": {
            "Build": "N/A",
            "Documentation": "N/A",
            "Unittest": "N/A",
            "MLtest": "N/A",
            "Regression": "--ef pipefail.ecl -e embedded-r,embedded-js,3rdpartyservice,mongodb,spray"
        },
        "Tasks": [
            {
                "UpdateHelmRepo": {
                    "Result" : "Done",
                    "Elaps": {
                        "Formatted": "4 sec (00:00:04)",
                        "RawSec": "4"
                    }
                }
            },
            {
                "UpgradeTerraform": {
                    "Result" : "Done",
                    "Version" : "Terraform v1.11.4",
                    "Elaps": {
                        "Formatted": "12 sec (00:00:12)",
                        "RawSec": "12"
                    }
                }
            },
            {
                "CreateVirtualNetwork": {
                    "Result" : "Done (retCode: 0)",
                    "NumberOfResources" : 11,
                    "Elaps": {
                        "Formatted": "98 sec (00:01:38)",
                        "RawSec": "98"
                    }
                }
            },
            {
                "CreateStorage": {
                    "Result" : "Done (retCode: 0)",
                    "NumberOfResources" : 17,
                    "Elaps": {
                        "Formatted": "100 sec (00:01:40)",
                        "RawSec": "100"
                    }
                }
            },
            {
                "CreateAKS": {
                    "Result" : "Done",
                    "NumberOfResources" : 20,
                    "Elaps": {
                        "Formatted": "506 sec (00:08:26)",
                        "RawSec": "506"
                    }
                }
            },
            {
                "ECLWatchAnnotation": {
                    "Result": "Done",
                    "Elaps": {
                        "Formatted": "67 sec (00:01:07)",
                        "RawSec": "67"
                    }
                }
            },
            {
                "Setup": {
                    "Result": "PASSED",
                    "hthor": {
                        "Elaps": {
                            "Formatted": "0 sec (00:00:00)",
                            "RawSec": "0"
                        },
                        "Total": 0,
                        "Pass": 0,
                        "Fail": 0,
                        "Result": "N/A"
                    },
                    "thor": {
                        "Elaps": {
                            "Formatted": "69 sec (00:01:09)",
                            "RawSec": "69"
                        },
                        "Total": 9,
                        "Pass": 9,
                        "Fail": 0,
                        "Result": "PASSED"
                    },
                    "roxie": {
                        "Elaps": {
                            "Formatted": "122 sec (00:02:02)",
                            "RawSec": "122"
                        },
                        "Total": 24,
                        "Pass": 24,
                        "Fail": 0,
                        "Result": "PASSED"
                    }
                }
            },
            {
                "PublishQueries": {
                    "Result" : "Done",
                    "Total" : 0,
                    "Elaps": {
                        "Formatted": "0 sec (00:00:00)",
                        "RawSec": "0"
                    }
                }
            },
            {
                "Regress": {
                    "Result": "FAILED",
                    "Hthor": {
                        "Result": "FAILED",
                        "Elaps": {
                            "Formatted": "4496 sec (01:14:56)",
                            "RawSec": "4496"
                        },
                        "Total": 1071,
                        "Pass": 1070,
                        "Fail": 1
                    },
                    "Thor": {
                        "Result": "FAILED",
                        "Elaps": {
                            "Formatted": "3775 sec (01:02:55)",
                            "RawSec": "3775"
                        },
                        "Total":  950,
                        "Pass": 948,
                        "Fail": 2
                    },
                    "Roxie": {
                        "Result": "FAILED",
                        "Elaps": {
                            "Formatted": "5177 sec (01:26:17)",
                            "RawSec": "5177"
                        },
                        "Total":  1143,
                        "Pass": 1101,
                        "Fail": 42
                    }
                }
            },
            {
                "CollectTimings": {
                    "Result" : "Done",
                    "Elaps": {
                        "Formatted": "1039 sec (00:17:19).",
                        "RawSec": "1039"
                    }
                }
            },
            {
                "CollectPODLogs": {
                    "Result" : "Done",
                    "Elaps": {
                        "Formatted": "368 sec (00:06:08).",
                        "RawSec": "368"
                    }
                }
            },
            {
                "DestroyAKS": {
                    "Result" : "Done (retCode: 0)",
                    "NumberOfResources" : 20,
                    "Elaps": {
                        "Formatted": "526 sec (00:08:46)",
                        "RawSec": "526"
                    }
                }
            },
            {
                "DestroyStorage": {
                    "Result" : "Done (retCode: 0)",
                    "NumberOfResources" : 17,
                    "Elaps": {
                        "Formatted": "141 sec (00:02:21)",
                        "RawSec": "141"
                    }
                }
            },
            {
                "DestroyVirtualNetwork": {
                    "Result" : "Done (retCode: 0)",
                    "NumberOfResources" : 11,
                    "Elaps": {
                        "Formatted": "165 sec (00:02:45)",
                        "RawSec": "165"
                    }
                }
            },
            {
                "RunLogProcessor": {
                   "Result": "Done",
                    "Elaps": {
                        "Formatted": "0 sec (00:00:00).",
                        "RawSec": "0"
                    }
                }
            }
        ],
        "Errors": [
            
            
            
            {
            "HthorRegress" : [
                "[Failure] 140. Fail cryptoplugin_pke_lfn.ecl - W20250508-112020 (7 sec)"
                ]
            },
            {
            "ThorRegress" : [
                "[Failure] 137. Fail cryptoplugin_pke_lfn.ecl - W20250508-123346 (6 sec)",
                "[Failure] 258. Fail external.ecl - W20250508-124036 (6 sec)"
            ]
        },
            {
            "RoxieRegress" : [
                "[Failure] 151. Fail cryptoplugin_pke_lfn.ecl - W20250508-134056 (7 sec)",
                "[Failure] 285. Fail external.ecl - W20250508-134933 (7 sec)",
                "[Failure] 287. Fail externalplane.ecl - W20250508-134941 (7 sec)",
                "[Failure] 389. Fail indexmerge.ecl ( version: multiPart=false ) - W20250508-135647 (7 sec)",
                "[Failure] 575. Fail mergechild.ecl ( version: multiPart=false ) - W20250508-141031 (7 sec)",
                "[Failure] 672. Fail pullindex2.ecl ( version: multiPart=false ) - W20250508-141723 (7 sec)",
                "[Failure] 730. Fail rewrite.ecl - W20250508-142124 (7 sec)",
                "[Failure] 882. Fail steplimit1.ecl ( version: multiPart=false ) - W20250508-143303 (7 sec)",
                "[Failure] 884. Fail steplimit2.ecl ( version: multiPart=false ) - W20250508-143312 (7 sec)",
                "[Failure] 904. Fail stepping7.ecl ( version: multiPart=false ) - W20250508-143435 (7 sec)",
                "[Failure] 906. Fail stepping7a.ecl ( version: multiPart=false ) - W20250508-143444 (8 sec)",
                "[Failure] 908. Fail stepping7b.ecl ( version: multiPart=false ) - W20250508-143453 (8 sec)",
                "[Failure] 910. Fail stepping7c.ecl ( version: multiPart=false ) - W20250508-143501 (7 sec)",
                "[Failure] 912. Fail stepping7d.ecl ( version: multiPart=false ) - W20250508-143510 (8 sec)",
                "[Failure] 914. Fail stepping7e.ecl ( version: multiPart=false ) - W20250508-143519 (8 sec)",
                "[Failure] 916. Fail stepping7f.ecl ( version: multiPart=false ) - W20250508-143528-5 (8 sec)",
                "[Failure] 918. Fail stepping7g.ecl ( version: multiPart=false ) - W20250508-143537 (8 sec)",
                "[Failure] 920. Fail stepping7h.ecl ( version: multiPart=false ) - W20250508-143546 (7 sec)",
                "[Failure] 922. Fail stepping8.ecl ( version: multiPart=false ) - W20250508-143554 (7 sec)",
                "[Failure] 924. Fail stepping8a.ecl ( version: multiPart=false ) - W20250508-143603 (8 sec)",
                "[Failure] 926. Fail stepping8b.ecl ( version: multiPart=false ) - W20250508-143612 (8 sec)",
                "[Failure] 928. Fail stepping9a.ecl ( version: multiPart=false ) - W20250508-143621 (8 sec)",
                "[Failure] 930. Fail stepping9b.ecl ( version: multiPart=false ) - W20250508-143630 (7 sec)",
                "[Failure] 939. Fail stresstext.ecl ( version: multiPart=false ) - W20250508-143702-4 (10 sec)",
                "[Failure] 941. Fail stresstext.ecl ( version: multiPart=false, variant='default' ) - W20250508-143714 (11 sec)",
                "[Failure] 943. Fail stresstext.ecl ( version: multiPart=false, variant='inplace_row' ) - W20250508-143726 (11 sec)",
                "[Failure] 942. Fail stresstext.ecl ( version: multiPart=false, variant='inplace' ) - W20250508-143726-2 (11 sec)",
                "[Failure] 944. Fail stresstext.ecl ( version: multiPart=false, variant='inplace_lzw' ) - W20250508-143739 (11 sec)",
                "[Failure] 945. Fail stresstext.ecl ( version: multiPart=false, variant='inplace_lz4hc' ) - W20250508-143739-1 (11 sec)",
                "[Failure] 946. Fail stresstext_if.ecl ( version: multiPart=false ) - W20250508-143752 (8 sec)",
                "[Failure] 999. Fail textsearch4.ecl ( version: multiPart=false ) - W20250508-144511 (15 sec)",
                "[Failure] 1048. Fail verifytextindex.ecl ( version: multiPart=false, variant='default' ) - W20250508-144856 (7 sec)",
                "[Failure] 1049. Fail verifytextindex.ecl ( version: multiPart=false, variant='inplace' ) - W20250508-144856-3 (8 sec)",
                "[Failure] 1050. Fail verifytextindex.ecl ( version: multiPart=false, variant='inplace_row' ) - W20250508-144905 (8 sec)",
                "[Failure] 1051. Fail verifytextindex.ecl ( version: multiPart=false, variant='inplace_lzw' ) - W20250508-144905-1 (8 sec)",
                "[Failure] 1052. Fail verifytextindex.ecl ( version: multiPart=false, variant='inplace_lz4hc' ) - W20250508-144915 (8 sec)",
                "[Failure] 1100. Fail workflow_9a.ecl ( version: parallel=true ) - W20250508-145230 (8 sec)",
                "[Failure] 1099. Fail workflow_9a.ecl ( version: parallel=false ) - W20250508-145230-4 (8 sec)",
                "[Failure] 1101. Fail workflow_9b.ecl ( version: parallel=false ) - W20250508-145239 (8 sec)",
                "[Failure] 1102. Fail workflow_9b.ecl ( version: parallel=true ) - W20250508-145240 (8 sec)",
                "[Failure] 1103. Fail workflow_9c.ecl ( version: parallel=false ) - W20250508-145249 (22 sec)",
                "[Failure] 1104. Fail workflow_9c.ecl ( version: parallel=true ) - W20250508-145249-2 (22 sec)"
            ]
        }
        ]
    }
}
