{
  "OBTResult": {
    "Env": {
      "BuildSystem": "CentOS_Linux_7",
      "Hardware": "vCPU: 8, RAM: 16 GB",
      "IPAddress": "10.20.0.45"
    },
    "Remote": {
      "System": "Minikube",
      "Hardware": "CPU/Cores: 16, RAM: 64 GB",
      "HthorConfig": {
        "Replicas": "3",
        "MaxActive": "4",
        "UseChildProcesses": "true",
        "AllowedPipePrograms": "*"
      },
      "ThorConfig": {
        "NumWorkers": "2",
        "MaxJobs": "4",
        "MaxGraph": "2",
        "MultiJobLinger": "true",
        "LingerPeriod": "200",
        "AllowedPipePrograms": "*"
      },
      "RoxieWorkunitConfig": {
        "Replicas": "1",
        "MaxActive": "20",
        "UseChildProcesses": "true",
        "AllowedPipePrograms": "*"
      }
    },
    "BuildSet": {
      "Branch": "community_9.12.2-rc1",
      "BranchDate": "N/A",
      "BranchSHA": "N/A",
      "BuildType": "Release",
      "Target": "K8s"
    },
    "Exclusion": {
      "Build": "N/A",
      "Documentation": "N/A",
      "Unittest": "N/A",
      "MLtest": "N/A",
      "Regression": "--ef pipefail.ecl -e embedded-r,embedded-js,3rdpartyservice,mongodb,spray"
    },
    "Tasks": [
      {
        "UpdateHelmRepo": {
          "Result": "Done",
          "Elaps": {
            "Formatted": "0 sec 0 sec (00:00:00)",
            "RawSec": "0"
          }
        }
      },
      {
        "CheckLocalPlatform": {
          "Result": "Done",
          "Version": "",
          "Elaps": {
            "Formatted": "41 sec 41 sec (00:00:41)",
            "RawSec": "41"
          }
        }
      },
      {
        "StartMinikube": {
          "Result": "Done",
          "Elaps": {
            "Formatted": "33 sec 33 sec (00:00:33)",
            "RawSec": "33"
          }
        }
      },
      {
        "DeployHPCC": {
          "Result": "Done",
          "Elaps": {
            "Formatted": "1 sec 1 sec (00:00:01)",
            "RawSec": "1"
          }
        }
      },
      {
        "WaitForPODs": {
          "Result": "Done",
          "NumberOfPODs": 54,
          "Elaps": {
            "Formatted": "182 sec 182 sec (00:03:02)",
            "RawSec": "182"
          }
        }
      },
      {
        "ECLWatchAnnotation": {
          "Result": "",
          "Elaps": {
            "Formatted": "38 sec 38 sec (00:00:38)",
            "RawSec": "38"
          }
        }
      },
      {
        "Setup": {
          "Result": "PASSED",
          "hthor": {
            "Elaps": {
              "Formatted": "0 sec (00:00:00)",
              "RawSec": "0"
            },
            "Total": 0,
            "Pass": 0,
            "Fail": 0,
            "Result": "N/A"
          },
          "thor": {
            "Elaps": {
              "Formatted": "86 sec (00:01:26)",
              "RawSec": "86"
            },
            "Total": 9,
            "Pass": 9,
            "Fail": 0,
            "Result": "PASSED"
          },
          "roxie": {
            "Elaps": {
              "Formatted": "80 sec (00:01:20)",
              "RawSec": "80"
            },
            "Total": 24,
            "Pass": 24,
            "Fail": 0,
            "Result": "PASSED"
          }
        }
      },
      {
        " PublishQueries": {
          "Result": "Done",
          "Total": 0,
          "Elaps": {
            "Formatted": "0 sec 0 sec (00:00:00)",
            "RawSec": "0"
          }
        }
      },
      {
        "Regress": {
          "Result": "FAILED",
          "Hthor": {
            "Result": "FAILED",
            "Elaps": {
              "Formatted": "2011 sec (00:33:31)",
              "RawSec": "2011"
            },
            "Total": 1072,
            "Pass": 1064,
            "Fail": 8
          },
          "Thor": {
            "Result": "FAILED",
            "Elaps": {
              "Formatted": "2069 sec (00:34:29)",
              "RawSec": "2069"
            },
            "Total": 950,
            "Pass": 948,
            "Fail": 2
          },
          "Roxie": {
            "Result": "FAILED",
            "Elaps": {
              "Formatted": "2921 sec (00:48:41)",
              "RawSec": "2921"
            },
            "Total": 1143,
            "Pass": 1135,
            "Fail": 8
          }
        }
      },
      {
        "CollectTimings": {
          "Result": "Done",
          "Elaps": {
            "Formatted": "25 sec 25 sec (00:00:25).",
            "RawSec": "25"
          }
        }
      },
      {
        "CollectPODLogs": {
          "Result": "Done",
          "Elaps": {
            "Formatted": "25 sec 25 sec (00:00:25).",
            "RawSec": "25"
          }
        }
      },
      {
        "UninstallPODs": {
          "Result": "Done",
          "Elaps": {
            "Formatted": "101 sec 101 sec (00:01:41)",
            "RawSec": "101"
          }
        }
      },
      {
        "StopMinikube": {
          "Result": "Done",
          "Elaps": {
            "Formatted": "7 sec 7 sec (00:00:07).",
            "RawSec": "7"
          }
        }
      },
      {
        "RunLogProcessor": {
          "Result": "Done",
          "Elaps": {
            "Formatted": "0 sec 0 sec (00:00:00).",
            "RawSec": "0"
          }
        }
      }
    ],
    "Errors": [
      {
        "HthorRegress": [
          "[Failure] 140. Fail cryptoplugin_pke_lfn.ecl - W20250512-172026 (2 sec)",
          "[Failure] 586. Fail parquetTypes.ecl ( version: compressionType='UNCOMPRESSED' ) - W20250512-173042 (1 sec)",
          "[Failure] 587. Fail parquetTypes.ecl ( version: compressionType='Snappy' ) - W20250512-173043 (1 sec)",
          "[Failure] 588. Fail parquetTypes.ecl ( version: compressionType='GZip' ) - W20250512-173043-5 (1 sec)",
          "[Failure] 589. Fail parquetTypes.ecl ( version: compressionType='Brotli' ) - W20250512-173044 (1 sec)",
          "[Failure] 590. Fail parquetTypes.ecl ( version: compressionType='LZ4' ) - W20250512-173045 (1 sec)",
          "[Failure] 591. Fail parquetTypes.ecl ( version: compressionType='ZSTD' ) - W20250512-173045-4 (1 sec)",
          "[Failure] 671. Fail remotedir.ecl - W20250512-173218 (4 sec)"
        ]
      },
      {
        "ThorRegress": [
          "[Failure] 137. Fail cryptoplugin_pke_lfn.ecl - W20250512-175335 (2 sec)",
          "[Failure] 258. Fail external.ecl - W20250512-175605 (2 sec)"
        ]
      },
      {
        "RoxieRegress": [
          "[Failure] 151. Fail cryptoplugin_pke_lfn.ecl - W20250512-183043 (3 sec)",
          "[Failure] 285. Fail external.ecl - W20250512-183443 (3 sec)",
          "[Failure] 287. Fail externalplane.ecl - W20250512-183447 (3 sec)",
          "[Failure] 730. Fail rewrite.ecl - W20250512-185041 (3 sec)",
          "[Failure] 1101. Fail workflow_9b.ecl ( version: parallel=false ) - W20250512-191123 (3 sec)",
          "[Failure] 1102. Fail workflow_9b.ecl ( version: parallel=true ) - W20250512-191125 (3 sec)",
          "[Failure] 1103. Fail workflow_9c.ecl ( version: parallel=false ) - W20250512-191127 (42 sec)",
          "[Failure] 1104. Fail workflow_9c.ecl ( version: parallel=true ) - W20250512-191129 (41 sec)"
        ]
      }
    ]
  }
}
