{
    "OBTResult": {
        "Env": {
            "BuildSystem" : "Ubuntu_22_04_5_LTS",
            "Hardware": "CPU/Cores: 8, RAM: 16 GB",
            "IPAddress": "192.168.1.54"
        },
         "Remote" : {
            "System" : "AKS",
            "VmSize" : "Standard_D16s_v4",
            "Hardware": "CPU/Cores: 16, RAM: 64 GB",
            "HthorConfig": {
                "Replicas": "3",
                "MaxActive": "4",
                "UseChildProcesses" : "true",
                "AllowedPipePrograms" : "*"
            },
            "ThorConfig":{
                "NumWorkers": "2",
                "MaxJobs": "4",
                "MaxGraph" : "2",
                "MultiJobLinger" : "true",
                "LingerPeriod" : "200",
                "AllowedPipePrograms" : "*"
            },
            "RoxieWorkunitConfig": {
                "Replicas": "1",
                "MaxActive":"20",
                "UseChildProcesses" : "true",
                "AllowedPipePrograms" : "*"
            }
        },
        "BuildSet": {
            "Branch": "community_9.12.4-1 Gold",
            "BranchDate": "N/A",
            "BranchSHA": "N/A",
            "BuildType": "Release",
            "Target": "K8s"
        },
        "Exclusion": {
            "Build": "N/A",
            "Documentation": "N/A",
            "Unittest": "N/A",
            "MLtest": "N/A",
            "Regression": "--ef pipefail.ecl -e embedded-r,embedded-js,3rdpartyservice,mongodb,spray,proxy"
        },
        "Tasks": [
            {
                "UpdateHelmRepo": {
                    "Result" : "Done",
                    "Elaps": {
                        "Formatted": "4 sec (00:00:04)",
                        "RawSec": "4"
                    }
                }
            },
            {
                "UpgradeTerraform": {
                    "Result" : "Done",
                    "Version" : "Terraform v1.12.0",
                    "Elaps": {
                        "Formatted": "106 sec (00:01:46)",
                        "RawSec": "106"
                    }
                }
            },
            {
                "CreateVirtualNetwork": {
                    "Result" : "Done (retCode: 0)",
                    "NumberOfResources" : 11,
                    "Elaps": {
                        "Formatted": "131 sec (00:02:11)",
                        "RawSec": "131"
                    }
                }
            },
            {
                "CreateStorage": {
                    "Result" : "Done (retCode: 0)",
                    "NumberOfResources" : 17,
                    "Elaps": {
                        "Formatted": "119 sec (00:01:59)",
                        "RawSec": "119"
                    }
                }
            },
            {
                "CreateAKS": {
                    "Result" : "Done",
                    "NumberOfResources" : 20,
                    "Elaps": {
                        "Formatted": "523 sec (00:08:43)",
                        "RawSec": "523"
                    }
                }
            },
            {
                "ECLWatchAnnotation": {
                    "Result": "Done",
                    "Elaps": {
                        "Formatted": "66 sec (00:01:06)",
                        "RawSec": "66"
                    }
                }
            },
            {
                "Setup": {
                    "Result": "PASSED",
                    "hthor": {
                        "Elaps": {
                            "Formatted": "0 sec (00:00:00)",
                            "RawSec": "0"
                        },
                        "Total": 0,
                        "Pass": 0,
                        "Fail": 0,
                        "Result": "N/A"
                    },
                    "thor": {
                        "Elaps": {
                            "Formatted": "79 sec (00:01:19)",
                            "RawSec": "79"
                        },
                        "Total": 9,
                        "Pass": 9,
                        "Fail": 0,
                        "Result": "PASSED"
                    },
                    "roxie": {
                        "Elaps": {
                            "Formatted": "116 sec (00:01:56)",
                            "RawSec": "116"
                        },
                        "Total": 24,
                        "Pass": 24,
                        "Fail": 0,
                        "Result": "PASSED"
                    }
                }
            },
            {
                "PublishQueries": {
                    "Result" : "Done",
                    "Total" : 0,
                    "Elaps": {
                        "Formatted": "0 sec (00:00:00)",
                        "RawSec": "0"
                    }
                }
            },
            {
                "Regress": {
                    "Result": "FAILED",
                    "Hthor": {
                        "Result": "FAILED",
                        "Elaps": {
                            "Formatted": "4149 sec (01:09:09)",
                            "RawSec": "4149"
                        },
                        "Total": 1073,
                        "Pass": 1072,
                        "Fail": 1
                    },
                    "Thor": {
                        "Result": "FAILED",
                        "Elaps": {
                            "Formatted": "3663 sec (01:01:03)",
                            "RawSec": "3663"
                        },
                        "Total":  951,
                        "Pass": 949,
                        "Fail": 2
                    },
                    "Roxie": {
                        "Result": "FAILED",
                        "Elaps": {
                            "Formatted": "5019 sec (01:23:39)",
                            "RawSec": "5019"
                        },
                        "Total":  1144,
                        "Pass": 1102,
                        "Fail": 42
                    }
                }
            },
            {
                "CollectTimings": {
                    "Result" : "Done",
                    "Elaps": {
                        "Formatted": "1033 sec (00:17:13).",
                        "RawSec": "1033"
                    }
                }
            },
            {
                "CollectPODLogs": {
                    "Result" : "Done",
                    "Elaps": {
                        "Formatted": "360 sec (00:06:00).",
                        "RawSec": "360"
                    }
                }
            },
            {
                "DestroyAKS": {
                    "Result" : "Done (retCode: 0)",
                    "NumberOfResources" : 20,
                    "Elaps": {
                        "Formatted": "537 sec (00:08:57)",
                        "RawSec": "537"
                    }
                }
            },
            {
                "DestroyStorage": {
                    "Result" : "Done (retCode: 0)",
                    "NumberOfResources" : 17,
                    "Elaps": {
                        "Formatted": "138 sec (00:02:18)",
                        "RawSec": "138"
                    }
                }
            },
            {
                "DestroyVirtualNetwork": {
                    "Result" : "Done (retCode: 0)",
                    "NumberOfResources" : 11,
                    "Elaps": {
                        "Formatted": "168 sec (00:02:48)",
                        "RawSec": "168"
                    }
                }
            },
            {
                "RunLogProcessor": {
                   "Result": "Done",
                    "Elaps": {
                        "Formatted": "0 sec (00:00:00).",
                        "RawSec": "0"
                    }
                }
            }
        ],
        "Errors": [
            
            
            
            {
            "HthorRegress" : [
                "[Failure] 140. Fail cryptoplugin_pke_lfn.ecl - W20250521-095235 (6 sec)"
                ]
            },
            {
            "ThorRegress" : [
                "[Failure] 137. Fail cryptoplugin_pke_lfn.ecl - W20250521-110057 (7 sec)",
                "[Failure] 258. Fail external.ecl - W20250521-110734 (6 sec)"
            ]
        },
            {
            "RoxieRegress" : [
                "[Failure] 151. Fail cryptoplugin_pke_lfn.ecl - W20250521-120604 (7 sec)",
                "[Failure] 285. Fail external.ecl - W20250521-121431 (7 sec)",
                "[Failure] 287. Fail externalplane.ecl - W20250521-121439 (7 sec)",
                "[Failure] 389. Fail indexmerge.ecl ( version: multiPart=false ) - W20250521-122134 (7 sec)",
                "[Failure] 575. Fail mergechild.ecl ( version: multiPart=false ) - W20250521-123445-2 (7 sec)",
                "[Failure] 672. Fail pullindex2.ecl ( version: multiPart=false ) - W20250521-124117 (7 sec)",
                "[Failure] 730. Fail rewrite.ecl - W20250521-124512 (7 sec)",
                "[Failure] 882. Fail steplimit1.ecl ( version: multiPart=false ) - W20250521-125623 (7 sec)",
                "[Failure] 884. Fail steplimit2.ecl ( version: multiPart=false ) - W20250521-125631 (7 sec)",
                "[Failure] 904. Fail stepping7.ecl ( version: multiPart=false ) - W20250521-125750 (7 sec)",
                "[Failure] 906. Fail stepping7a.ecl ( version: multiPart=false ) - W20250521-125758 (7 sec)",
                "[Failure] 908. Fail stepping7b.ecl ( version: multiPart=false ) - W20250521-125807 (7 sec)",
                "[Failure] 910. Fail stepping7c.ecl ( version: multiPart=false ) - W20250521-125815 (7 sec)",
                "[Failure] 912. Fail stepping7d.ecl ( version: multiPart=false ) - W20250521-125823 (7 sec)",
                "[Failure] 914. Fail stepping7e.ecl ( version: multiPart=false ) - W20250521-125832-5 (7 sec)",
                "[Failure] 916. Fail stepping7f.ecl ( version: multiPart=false ) - W20250521-125840 (7 sec)",
                "[Failure] 918. Fail stepping7g.ecl ( version: multiPart=false ) - W20250521-125848-1 (7 sec)",
                "[Failure] 920. Fail stepping7h.ecl ( version: multiPart=false ) - W20250521-125857 (7 sec)",
                "[Failure] 922. Fail stepping8.ecl ( version: multiPart=false ) - W20250521-125905 (7 sec)",
                "[Failure] 924. Fail stepping8a.ecl ( version: multiPart=false ) - W20250521-125913 (7 sec)",
                "[Failure] 926. Fail stepping8b.ecl ( version: multiPart=false ) - W20250521-125922 (7 sec)",
                "[Failure] 928. Fail stepping9a.ecl ( version: multiPart=false ) - W20250521-125930-5 (7 sec)",
                "[Failure] 930. Fail stepping9b.ecl ( version: multiPart=false ) - W20250521-125939 (7 sec)",
                "[Failure] 939. Fail stresstext.ecl ( version: multiPart=false ) - W20250521-130010 (10 sec)",
                "[Failure] 941. Fail stresstext.ecl ( version: multiPart=false, variant='default' ) - W20250521-130021 (10 sec)",
                "[Failure] 942. Fail stresstext.ecl ( version: multiPart=false, variant='inplace' ) - W20250521-130031 (10 sec)",
                "[Failure] 943. Fail stresstext.ecl ( version: multiPart=false, variant='inplace_row' ) - W20250521-130033 (10 sec)",
                "[Failure] 944. Fail stresstext.ecl ( version: multiPart=false, variant='inplace_lzw' ) - W20250521-130043 (10 sec)",
                "[Failure] 945. Fail stresstext.ecl ( version: multiPart=false, variant='inplace_lz4hc' ) - W20250521-130044 (10 sec)",
                "[Failure] 946. Fail stresstext_if.ecl ( version: multiPart=false ) - W20250521-130054 (7 sec)",
                "[Failure] 999. Fail textsearch4.ecl ( version: multiPart=false ) - W20250521-130744 (15 sec)",
                "[Failure] 1049. Fail verifytextindex.ecl ( version: multiPart=false, variant='default' ) - W20250521-131130 (7 sec)",
                "[Failure] 1050. Fail verifytextindex.ecl ( version: multiPart=false, variant='inplace' ) - W20250521-131134 (7 sec)",
                "[Failure] 1051. Fail verifytextindex.ecl ( version: multiPart=false, variant='inplace_row' ) - W20250521-131139 (7 sec)",
                "[Failure] 1052. Fail verifytextindex.ecl ( version: multiPart=false, variant='inplace_lzw' ) - W20250521-131142 (7 sec)",
                "[Failure] 1053. Fail verifytextindex.ecl ( version: multiPart=false, variant='inplace_lz4hc' ) - W20250521-131147 (7 sec)",
                "[Failure] 1101. Fail workflow_9a.ecl ( version: parallel=true ) - W20250521-131500-2 (8 sec)",
                "[Failure] 1100. Fail workflow_9a.ecl ( version: parallel=false ) - W20250521-131500 (8 sec)",
                "[Failure] 1102. Fail workflow_9b.ecl ( version: parallel=false ) - W20250521-131510 (8 sec)",
                "[Failure] 1103. Fail workflow_9b.ecl ( version: parallel=true ) - W20250521-131510-2 (8 sec)",
                "[Failure] 1104. Fail workflow_9c.ecl ( version: parallel=false ) - W20250521-131519 (48 sec)",
                "[Failure] 1105. Fail workflow_9c.ecl ( version: parallel=true ) - W20250521-131519-2 (48 sec)"
            ]
        }
        ]
    }
}
