{
  "OBTResult": {
    "Env": {
      "BuildSystem": "CentOS_Linux_7",
      "Hardware": "vCPU: 8, RAM: 16 GB",
      "IPAddress": "10.20.0.45"
    },
    "Remote": {
      "System": "Minikube",
      "Hardware": "CPU/Cores: 16, RAM: 64 GB",
      "HthorConfig": {
        "Replicas": "3",
        "MaxActive": "4",
        "UseChildProcesses": "true",
        "AllowedPipePrograms": "*"
      },
      "ThorConfig": {
        "NumWorkers": "2",
        "MaxJobs": "4",
        "MaxGraph": "2",
        "MultiJobLinger": "true",
        "LingerPeriod": "200",
        "AllowedPipePrograms": "*"
      },
      "RoxieWorkunitConfig": {
        "Replicas": "1",
        "MaxActive": "20",
        "UseChildProcesses": "true",
        "AllowedPipePrograms": "*"
      }
    },
    "BuildSet": {
      "Branch": "community_9.12.4-rc1",
      "BranchDate": "N/A",
      "BranchSHA": "N/A",
      "BuildType": "Release",
      "Target": "K8s"
    },
    "Exclusion": {
      "Build": "N/A",
      "Documentation": "N/A",
      "Unittest": "N/A",
      "MLtest": "N/A",
      "Regression": "--ef pipefail.ecl -e embedded-r,embedded-js,3rdpartyservice,mongodb,spray"
    },
    "Tasks": [
      {
        "UpdateHelmRepo": {
          "Result": "Done",
          "Elaps": {
            "Formatted": "0 sec 0 sec (00:00:00)",
            "RawSec": "0"
          }
        }
      },
      {
        "CheckLocalPlatform": {
          "Result": "Done",
          "Version": "",
          "Elaps": {
            "Formatted": "34 sec 34 sec (00:00:34)",
            "RawSec": "34"
          }
        }
      },
      {
        "StartMinikube": {
          "Result": "Done",
          "Elaps": {
            "Formatted": "27 sec 27 sec (00:00:27)",
            "RawSec": "27"
          }
        }
      },
      {
        "DeployHPCC": {
          "Result": "Done",
          "Elaps": {
            "Formatted": "1 sec 1 sec (00:00:01)",
            "RawSec": "1"
          }
        }
      },
      {
        "WaitForPODs": {
          "Result": "Done",
          "NumberOfPODs": 54,
          "Elaps": {
            "Formatted": "202 sec 202 sec (00:03:22)",
            "RawSec": "202"
          }
        }
      },
      {
        "ECLWatchAnnotation": {
          "Result": "",
          "Elaps": {
            "Formatted": "38 sec 38 sec (00:00:38)",
            "RawSec": "38"
          }
        }
      },
      {
        "Setup": {
          "Result": "PASSED",
          "hthor": {
            "Elaps": {
              "Formatted": "0 sec (00:00:00)",
              "RawSec": "0"
            },
            "Total": 0,
            "Pass": 0,
            "Fail": 0,
            "Result": "N/A"
          },
          "thor": {
            "Elaps": {
              "Formatted": "85 sec (00:01:25)",
              "RawSec": "85"
            },
            "Total": 9,
            "Pass": 9,
            "Fail": 0,
            "Result": "PASSED"
          },
          "roxie": {
            "Elaps": {
              "Formatted": "79 sec (00:01:19)",
              "RawSec": "79"
            },
            "Total": 24,
            "Pass": 24,
            "Fail": 0,
            "Result": "PASSED"
          }
        }
      },
      {
        " PublishQueries": {
          "Result": "Done",
          "Total": 0,
          "Elaps": {
            "Formatted": "0 sec 0 sec (00:00:00)",
            "RawSec": "0"
          }
        }
      },
      {
        "Regress": {
          "Result": "FAILED",
          "Hthor": {
            "Result": "FAILED",
            "Elaps": {
              "Formatted": "2233 sec (00:37:13)",
              "RawSec": "2233"
            },
            "Total": 1075,
            "Pass": 1072,
            "Fail": 3
          },
          "Thor": {
            "Result": "FAILED",
            "Elaps": {
              "Formatted": "2245 sec (00:37:25)",
              "RawSec": "2245"
            },
            "Total": 953,
            "Pass": 949,
            "Fail": 4
          },
          "Roxie": {
            "Result": "FAILED",
            "Elaps": {
              "Formatted": "3160 sec (00:52:40)",
              "RawSec": "3160"
            },
            "Total": 1146,
            "Pass": 1136,
            "Fail": 10
          }
        }
      },
      {
        "CollectTimings": {
          "Result": "Done",
          "Elaps": {
            "Formatted": "24 sec 24 sec (00:00:24).",
            "RawSec": "24"
          }
        }
      },
      {
        "CollectPODLogs": {
          "Result": "Done",
          "Elaps": {
            "Formatted": "25 sec 25 sec (00:00:25).",
            "RawSec": "25"
          }
        }
      },
      {
        "UninstallPODs": {
          "Result": "Done",
          "Elaps": {
            "Formatted": "102 sec 102 sec (00:01:42)",
            "RawSec": "102"
          }
        }
      },
      {
        "StopMinikube": {
          "Result": "Done",
          "Elaps": {
            "Formatted": "11 sec 11 sec (00:00:11).",
            "RawSec": "11"
          }
        }
      },
      {
        "RunLogProcessor": {
          "Result": "Done",
          "Elaps": {
            "Formatted": "0 sec 0 sec (00:00:00).",
            "RawSec": "0"
          }
        }
      }
    ],
    "Errors": [
      {
        "HthorRegress": [
          "[Failure] 140. Fail cryptoplugin_pke_lfn.ecl - W20250518-213050-1 (2 sec)",
          "[Failure] 342. Fail httpcall_multiheader_proxy.ecl - W20250518-213501 (182 sec)",
          "[Failure] 739. Fail soapcall_multihttpheader_proxy.ecl - W20250518-214736 (181 sec)"
        ]
      },
      {
        "ThorRegress": [
          "[Failure] 137. Fail cryptoplugin_pke_lfn.ecl - W20250518-220728 (2 sec)",
          "[Failure] 258. Fail external.ecl - W20250518-221007 (2 sec)",
          "[Failure] 323. Fail httpcall_multiheader_proxy.ecl - W20250518-221224 (182 sec)",
          "[Failure] 711. Fail soapcall_multihttpheader_proxy.ecl - W20250518-222618-4 (182 sec)"
        ]
      },
      {
        "RoxieRegress": [
          "[Failure] 151. Fail cryptoplugin_pke_lfn.ecl - W20250518-224745 (4 sec)",
          "[Failure] 285. Fail external.ecl - W20250518-225153 (3 sec)",
          "[Failure] 287. Fail externalplane.ecl - W20250518-225157 (3 sec)",
          "[Failure] 356. Fail httpcall_multiheader_proxy.ecl - W20250518-225427 (182 sec)",
          "[Failure] 731. Fail rewrite.ecl - W20250518-230937 (3 sec)",
          "[Failure] 797. Fail soapcall_multihttpheader_proxy.ecl - W20250518-231311 (182 sec)",
          "[Failure] 1104. Fail workflow_9b.ecl ( version: parallel=false ) - W20250518-233237-3 (3 sec)",
          "[Failure] 1105. Fail workflow_9b.ecl ( version: parallel=true ) - W20250518-233241 (3 sec)",
          "[Failure] 1106. Fail workflow_9c.ecl ( version: parallel=false ) - W20250518-233241-5 (22 sec)",
          "[Failure] 1107. Fail workflow_9c.ecl ( version: parallel=true ) - W20250518-233245 (22 sec)"
        ]
      }
    ]
  }
}
