{
    "OBTResult": {
        "Env": {
            "BuildSystem" : "Ubuntu_22_04_5_LTS",
            "Hardware": "CPU/Cores: 8, RAM: 16 GB",
            "IPAddress": "192.168.1.54"
        },
         "Remote" : {
            "System" : "AKS",
            "VmSize" : "Standard_D16s_v4",
            "Hardware": "CPU/Cores: 16, RAM: 64 GB",
            "HthorConfig": {
                "Replicas": "3",
                "MaxActive": "4",
                "UseChildProcesses" : "true",
                "AllowedPipePrograms" : "*"
            },
            "ThorConfig":{
                "NumWorkers": "2",
                "MaxJobs": "4",
                "MaxGraph" : "2",
                "MultiJobLinger" : "true",
                "LingerPeriod" : "200",
                "AllowedPipePrograms" : "*"
            },
            "RoxieWorkunitConfig": {
                "Replicas": "1",
                "MaxActive":"20",
                "UseChildProcesses" : "true",
                "AllowedPipePrograms" : "*"
            }
        },
        "BuildSet": {
            "Branch": "community_9.12.2-rc1",
            "BranchDate": "N/A",
            "BranchSHA": "N/A",
            "BuildType": "Release",
            "Target": "K8s"
        },
        "Exclusion": {
            "Build": "N/A",
            "Documentation": "N/A",
            "Unittest": "N/A",
            "MLtest": "N/A",
            "Regression": "--ef pipefail.ecl -e embedded-r,embedded-js,3rdpartyservice,mongodb,spray"
        },
        "Tasks": [
            {
                "UpdateHelmRepo": {
                    "Result" : "Done",
                    "Elaps": {
                        "Formatted": "5 sec (00:00:05)",
                        "RawSec": "5"
                    }
                }
            },
            {
                "UpgradeTerraform": {
                    "Result" : "Done",
                    "Version" : "Terraform v1.11.4",
                    "Elaps": {
                        "Formatted": "52 sec (00:00:52)",
                        "RawSec": "52"
                    }
                }
            },
            {
                "CreateVirtualNetwork": {
                    "Result" : "Done (retCode: 0)",
                    "NumberOfResources" : 11,
                    "Elaps": {
                        "Formatted": "133 sec (00:02:13)",
                        "RawSec": "133"
                    }
                }
            },
            {
                "CreateStorage": {
                    "Result" : "Done (retCode: 0)",
                    "NumberOfResources" : 17,
                    "Elaps": {
                        "Formatted": "215 sec (00:03:35)",
                        "RawSec": "215"
                    }
                }
            },
            {
                "CreateAKS": {
                    "Result" : "Done",
                    "NumberOfResources" : 20,
                    "Elaps": {
                        "Formatted": "453 sec (00:07:33)",
                        "RawSec": "453"
                    }
                }
            },
            {
                "ECLWatchAnnotation": {
                    "Result": "Done",
                    "Elaps": {
                        "Formatted": "66 sec (00:01:06)",
                        "RawSec": "66"
                    }
                }
            },
            {
                "Setup": {
                    "Result": "PASSED",
                    "hthor": {
                        "Elaps": {
                            "Formatted": "0 sec (00:00:00)",
                            "RawSec": "0"
                        },
                        "Total": 0,
                        "Pass": 0,
                        "Fail": 0,
                        "Result": "N/A"
                    },
                    "thor": {
                        "Elaps": {
                            "Formatted": "67 sec (00:01:07)",
                            "RawSec": "67"
                        },
                        "Total": 9,
                        "Pass": 9,
                        "Fail": 0,
                        "Result": "PASSED"
                    },
                    "roxie": {
                        "Elaps": {
                            "Formatted": "115 sec (00:01:55)",
                            "RawSec": "115"
                        },
                        "Total": 24,
                        "Pass": 24,
                        "Fail": 0,
                        "Result": "PASSED"
                    }
                }
            },
            {
                "PublishQueries": {
                    "Result" : "Done",
                    "Total" : 0,
                    "Elaps": {
                        "Formatted": "0 sec (00:00:00)",
                        "RawSec": "0"
                    }
                }
            },
            {
                "Regress": {
                    "Result": "FAILED",
                    "Hthor": {
                        "Result": "FAILED",
                        "Elaps": {
                            "Formatted": "4404 sec (01:13:24)",
                            "RawSec": "4404"
                        },
                        "Total": 1072,
                        "Pass": 1071,
                        "Fail": 1
                    },
                    "Thor": {
                        "Result": "FAILED",
                        "Elaps": {
                            "Formatted": "3807 sec (01:03:27)",
                            "RawSec": "3807"
                        },
                        "Total":  950,
                        "Pass": 948,
                        "Fail": 2
                    },
                    "Roxie": {
                        "Result": "FAILED",
                        "Elaps": {
                            "Formatted": "5053 sec (01:24:13)",
                            "RawSec": "5053"
                        },
                        "Total":  1143,
                        "Pass": 1089,
                        "Fail": 54
                    }
                }
            },
            {
                "CollectTimings": {
                    "Result" : "Done",
                    "Elaps": {
                        "Formatted": "1024 sec (00:17:04).",
                        "RawSec": "1024"
                    }
                }
            },
            {
                "CollectPODLogs": {
                    "Result" : "Done",
                    "Elaps": {
                        "Formatted": "355 sec (00:05:55).",
                        "RawSec": "355"
                    }
                }
            },
            {
                "DestroyAKS": {
                    "Result" : "Done (retCode: 1)",
                    "NumberOfResources" : 0,
                    "Elaps": {
                        "Formatted": "207 sec (00:03:27)",
                        "RawSec": "207"
                    }
                }
            },
            {
                "DestroyStorage": {
                    "Result" : "Done (retCode: 0)",
                    "NumberOfResources" : 17,
                    "Elaps": {
                        "Formatted": "135 sec (00:02:15)",
                        "RawSec": "135"
                    }
                }
            },
            {
                "DestroyVirtualNetwork": {
                    "Result" : "Done (retCode: 1)",
                    "NumberOfResources" : 0,
                    "Elaps": {
                        "Formatted": "127 sec (00:02:07)",
                        "RawSec": "127"
                    }
                }
            },
            {
                "RunLogProcessor": {
                   "Result": "Done",
                    "Elaps": {
                        "Formatted": "1 sec (00:00:01).",
                        "RawSec": "1"
                    }
                }
            }
        ],
        "Errors": [
            
            
            
            {
            "HthorRegress" : [
                "[Failure] 140. Fail cryptoplugin_pke_lfn.ecl - W20250513-090319 (6 sec)"
                ]
            },
            {
            "ThorRegress" : [
                "[Failure] 137. Fail cryptoplugin_pke_lfn.ecl - W20250513-101623 (8 sec)",
                "[Failure] 258. Fail external.ecl - W20250513-102325 (6 sec)"
            ]
        },
            {
            "RoxieRegress" : [
                "[Failure] 151. Fail cryptoplugin_pke_lfn.ecl - W20250513-112241 (7 sec)",
                "[Failure] 285. Fail external.ecl - W20250513-113115 (7 sec)",
                "[Failure] 287. Fail externalplane.ecl - W20250513-113123 (7 sec)",
                "[Failure] 389. Fail indexmerge.ecl ( version: multiPart=false ) - W20250513-113822 (7 sec)",
                "[Failure] 575. Fail mergechild.ecl ( version: multiPart=false ) - W20250513-115154 (7 sec)",
                "[Failure] 672. Fail pullindex2.ecl ( version: multiPart=false ) - W20250513-115832 (7 sec)",
                "[Failure] 730. Fail rewrite.ecl - W20250513-120231 (7 sec)",
                "[Failure] 833. Fail sqaggds.ecl ( version: multiPart=false ) - W20250513-121020 (8 sec)",
                "[Failure] 834. Fail sqaggds3.ecl ( version: multiPart=false ) - W20250513-121025 (8 sec)",
                "[Failure] 835. Fail sqaggds4.ecl ( version: multiPart=false ) - W20250513-121030 (8 sec)",
                "[Failure] 836. Fail sqaggds_an.ecl ( version: multiPart=false ) - W20250513-121033 (8 sec)",
                "[Failure] 843. Fail sqfilt.ecl ( version: multiPart=false ) - W20250513-121107 (8 sec)",
                "[Failure] 845. Fail sqfilt.ecl ( version: multiPart=false, useSequential=true ) - W20250513-121117 (8 sec)",
                "[Failure] 846. Fail sqfilt.ecl ( version: multiPart=false, useSequential=true, useNoFold=true ) - W20250513-121117-3 (8 sec)",
                "[Failure] 848. Fail sqfilt2.ecl ( version: multiPart=false ) - W20250513-121127 (8 sec)",
                "[Failure] 847. Fail sqfilt.ecl ( version: multiPart=false, useSequential=true, useNoFold=true, optRemoteRead=true ) - W20250513-121127-5 (9 sec)",
                "[Failure] 851. Fail sqfilt_an.ecl ( version: multiPart=false ) - W20250513-121145-2 (8 sec)",
                "[Failure] 871. Fail sqsimple.ecl ( version: multiPart=false ) - W20250513-121307 (8 sec)",
                "[Failure] 882. Fail steplimit1.ecl ( version: multiPart=false ) - W20250513-121350 (7 sec)",
                "[Failure] 884. Fail steplimit2.ecl ( version: multiPart=false ) - W20250513-121358 (7 sec)",
                "[Failure] 904. Fail stepping7.ecl ( version: multiPart=false ) - W20250513-121517 (7 sec)",
                "[Failure] 906. Fail stepping7a.ecl ( version: multiPart=false ) - W20250513-121525 (7 sec)",
                "[Failure] 908. Fail stepping7b.ecl ( version: multiPart=false ) - W20250513-121534 (7 sec)",
                "[Failure] 910. Fail stepping7c.ecl ( version: multiPart=false ) - W20250513-121542 (7 sec)",
                "[Failure] 912. Fail stepping7d.ecl ( version: multiPart=false ) - W20250513-121551 (7 sec)",
                "[Failure] 914. Fail stepping7e.ecl ( version: multiPart=false ) - W20250513-121559 (7 sec)",
                "[Failure] 916. Fail stepping7f.ecl ( version: multiPart=false ) - W20250513-121607-4 (7 sec)",
                "[Failure] 918. Fail stepping7g.ecl ( version: multiPart=false ) - W20250513-121616-4 (7 sec)",
                "[Failure] 920. Fail stepping7h.ecl ( version: multiPart=false ) - W20250513-121624 (7 sec)",
                "[Failure] 922. Fail stepping8.ecl ( version: multiPart=false ) - W20250513-121633 (7 sec)",
                "[Failure] 924. Fail stepping8a.ecl ( version: multiPart=false ) - W20250513-121641 (7 sec)",
                "[Failure] 926. Fail stepping8b.ecl ( version: multiPart=false ) - W20250513-121650 (7 sec)",
                "[Failure] 928. Fail stepping9a.ecl ( version: multiPart=false ) - W20250513-121658 (7 sec)",
                "[Failure] 930. Fail stepping9b.ecl ( version: multiPart=false ) - W20250513-121707 (7 sec)",
                "[Failure] 939. Fail stresstext.ecl ( version: multiPart=false ) - W20250513-121738-4 (10 sec)",
                "[Failure] 941. Fail stresstext.ecl ( version: multiPart=false, variant='default' ) - W20250513-121749 (11 sec)",
                "[Failure] 942. Fail stresstext.ecl ( version: multiPart=false, variant='inplace' ) - W20250513-121800 (10 sec)",
                "[Failure] 943. Fail stresstext.ecl ( version: multiPart=false, variant='inplace_row' ) - W20250513-121802 (10 sec)",
                "[Failure] 944. Fail stresstext.ecl ( version: multiPart=false, variant='inplace_lzw' ) - W20250513-121812 (10 sec)",
                "[Failure] 945. Fail stresstext.ecl ( version: multiPart=false, variant='inplace_lz4hc' ) - W20250513-121814 (10 sec)",
                "[Failure] 946. Fail stresstext_if.ecl ( version: multiPart=false ) - W20250513-121824 (7 sec)",
                "[Failure] 999. Fail textsearch4.ecl ( version: multiPart=false ) - W20250513-122520 (15 sec)",
                "[Failure] 1048. Fail verifytextindex.ecl ( version: multiPart=false, variant='default' ) - W20250513-122904 (7 sec)",
                "[Failure] 1049. Fail verifytextindex.ecl ( version: multiPart=false, variant='inplace' ) - W20250513-122905 (7 sec)",
                "[Failure] 1050. Fail verifytextindex.ecl ( version: multiPart=false, variant='inplace_row' ) - W20250513-122912 (7 sec)",
                "[Failure] 1051. Fail verifytextindex.ecl ( version: multiPart=false, variant='inplace_lzw' ) - W20250513-122914 (7 sec)",
                "[Failure] 1052. Fail verifytextindex.ecl ( version: multiPart=false, variant='inplace_lz4hc' ) - W20250513-122920 (7 sec)",
                "[Failure] 1100. Fail workflow_9a.ecl ( version: parallel=true ) - W20250513-123232-3 (8 sec)",
                "[Failure] 1099. Fail workflow_9a.ecl ( version: parallel=false ) - W20250513-123232 (8 sec)",
                "[Failure] 1101. Fail workflow_9b.ecl ( version: parallel=false ) - W20250513-123242 (9 sec)",
                "[Failure] 1102. Fail workflow_9b.ecl ( version: parallel=true ) - W20250513-123242-5 (8 sec)",
                "[Failure] 1104. Fail workflow_9c.ecl ( version: parallel=true ) - W20250513-123252 (15 sec)",
                "[Failure] 1103. Fail workflow_9c.ecl ( version: parallel=false ) - W20250513-123251 (16 sec)",
                "[Failure] 1130. Fail xmlfetch.ecl ( version: multiPart=false ) - W20250513-123435 (7 sec)"
            ]
        }
        ]
    }
}
