{
  "OBTResult": {
    "Env": {
      "BuildSystem": "CentOS_Linux_7",
      "Hardware": "vCPU: 8, RAM: 16 GB",
      "IPAddress": "10.20.0.45"
    },
    "Remote": {
      "System": "Minikube",
      "Hardware": "CPU/Cores: 16, RAM: 64 GB",
      "HthorConfig": {
        "Replicas": "3",
        "MaxActive": "4",
        "UseChildProcesses": "true",
        "AllowedPipePrograms": "*"
      },
      "ThorConfig": {
        "NumWorkers": "2",
        "MaxJobs": "4",
        "MaxGraph": "2",
        "MultiJobLinger": "true",
        "LingerPeriod": "200",
        "AllowedPipePrograms": "*"
      },
      "RoxieWorkunitConfig": {
        "Replicas": "1",
        "MaxActive": "20",
        "UseChildProcesses": "true",
        "AllowedPipePrograms": "*"
      }
    },
    "BuildSet": {
      "Branch": "community_9.12.0-1 Gold",
      "BranchDate": "N/A",
      "BranchSHA": "N/A",
      "BuildType": "Release",
      "Target": "K8s"
    },
    "Exclusion": {
      "Build": "N/A",
      "Documentation": "N/A",
      "Unittest": "N/A",
      "MLtest": "N/A",
      "Regression": "--ef pipefail.ecl -e embedded-r,embedded-js,3rdpartyservice,mongodb,spray"
    },
    "Tasks": [
      {
        "UpdateHelmRepo": {
          "Result": "Done",
          "Elaps": {
            "Formatted": "0 sec 0 sec (00:00:00)",
            "RawSec": "0"
          }
        }
      },
      {
        "CheckLocalPlatform": {
          "Result": "Done",
          "Version": "",
          "Elaps": {
            "Formatted": "33 sec 33 sec (00:00:33)",
            "RawSec": "33"
          }
        }
      },
      {
        "StartMinikube": {
          "Result": "Done",
          "Elaps": {
            "Formatted": "27 sec 27 sec (00:00:27)",
            "RawSec": "27"
          }
        }
      },
      {
        "DeployHPCC": {
          "Result": "Done",
          "Elaps": {
            "Formatted": "1 sec 1 sec (00:00:01)",
            "RawSec": "1"
          }
        }
      },
      {
        "WaitForPODs": {
          "Result": "Done",
          "NumberOfPODs": 54,
          "Elaps": {
            "Formatted": "211 sec 211 sec (00:03:31)",
            "RawSec": "211"
          }
        }
      },
      {
        "ECLWatchAnnotation": {
          "Result": "",
          "Elaps": {
            "Formatted": "39 sec 39 sec (00:00:39)",
            "RawSec": "39"
          }
        }
      },
      {
        "Setup": {
          "Result": "PASSED",
          "hthor": {
            "Elaps": {
              "Formatted": "0 sec (00:00:00)",
              "RawSec": "0"
            },
            "Total": 0,
            "Pass": 0,
            "Fail": 0,
            "Result": "N/A"
          },
          "thor": {
            "Elaps": {
              "Formatted": "96 sec (00:01:36)",
              "RawSec": "96"
            },
            "Total": 9,
            "Pass": 9,
            "Fail": 0,
            "Result": "PASSED"
          },
          "roxie": {
            "Elaps": {
              "Formatted": "77 sec (00:01:17)",
              "RawSec": "77"
            },
            "Total": 24,
            "Pass": 24,
            "Fail": 0,
            "Result": "PASSED"
          }
        }
      },
      {
        " PublishQueries": {
          "Result": "Done",
          "Total": 0,
          "Elaps": {
            "Formatted": "0 sec 0 sec (00:00:00)",
            "RawSec": "0"
          }
        }
      },
      {
        "Regress": {
          "Result": "FAILED",
          "Hthor": {
            "Result": "FAILED",
            "Elaps": {
              "Formatted": "1955 sec (00:32:35)",
              "RawSec": "1955"
            },
            "Total": 1071,
            "Pass": 1070,
            "Fail": 1
          },
          "Thor": {
            "Result": "FAILED",
            "Elaps": {
              "Formatted": "1934 sec (00:32:14)",
              "RawSec": "1934"
            },
            "Total": 950,
            "Pass": 948,
            "Fail": 2
          },
          "Roxie": {
            "Result": "FAILED",
            "Elaps": {
              "Formatted": "2874 sec (00:47:54)",
              "RawSec": "2874"
            },
            "Total": 1143,
            "Pass": 1135,
            "Fail": 8
          }
        }
      },
      {
        "CollectTimings": {
          "Result": "Done",
          "Elaps": {
            "Formatted": "23 sec 23 sec (00:00:23).",
            "RawSec": "23"
          }
        }
      },
      {
        "CollectPODLogs": {
          "Result": "Done",
          "Elaps": {
            "Formatted": "23 sec 23 sec (00:00:23).",
            "RawSec": "23"
          }
        }
      },
      {
        "UninstallPODs": {
          "Result": "Done",
          "Elaps": {
            "Formatted": "101 sec 101 sec (00:01:41)",
            "RawSec": "101"
          }
        }
      },
      {
        "StopMinikube": {
          "Result": "Done",
          "Elaps": {
            "Formatted": "7 sec 7 sec (00:00:07).",
            "RawSec": "7"
          }
        }
      },
      {
        "RunLogProcessor": {
          "Result": "Done",
          "Elaps": {
            "Formatted": "0 sec 0 sec (00:00:00).",
            "RawSec": "0"
          }
        }
      }
    ],
    "Errors": [
      {
        "HthorRegress": [
          "[Failure] 140. Fail cryptoplugin_pke_lfn.ecl - W20250511-204326 (2 sec)"
        ]
      },
      {
        "ThorRegress": [
          "[Failure] 137. Fail cryptoplugin_pke_lfn.ecl - W20250511-211520 (2 sec)",
          "[Failure] 258. Fail external.ecl - W20250511-211747 (2 sec)"
        ]
      },
      {
        "RoxieRegress": [
          "[Failure] 151. Fail cryptoplugin_pke_lfn.ecl - W20250511-215028 (3 sec)",
          "[Failure] 285. Fail external.ecl - W20250511-215425 (3 sec)",
          "[Failure] 287. Fail externalplane.ecl - W20250511-215428 (3 sec)",
          "[Failure] 730. Fail rewrite.ecl - W20250511-220956 (3 sec)",
          "[Failure] 1101. Fail workflow_9b.ecl ( version: parallel=false ) - W20250511-222956 (3 sec)",
          "[Failure] 1102. Fail workflow_9b.ecl ( version: parallel=true ) - W20250511-222958 (3 sec)",
          "[Failure] 1104. Fail workflow_9c.ecl ( version: parallel=true ) - W20250511-223002 (62 sec)",
          "[Failure] 1103. Fail workflow_9c.ecl ( version: parallel=false ) - W20250511-222959 (91 sec)"
        ]
      }
    ]
  }
}
