{
    "OBTResult": {
        "Env": {
            "BuildSystem" : "Ubuntu_22_04_5_LTS",
            "Hardware": "CPU/Cores: 8, RAM: 16 GB",
            "IPAddress": "192.168.1.54"
        },
         "Remote" : {
            "System" : "AKS",
            "VmSize" : "Standard_D16s_v4",
            "Hardware": "CPU/Cores: 16, RAM: 64 GB",
            "HthorConfig": {
                "Replicas": "3",
                "MaxActive": "4",
                "UseChildProcesses" : "true",
                "AllowedPipePrograms" : "*"
            },
            "ThorConfig":{
                "NumWorkers": "2",
                "MaxJobs": "4",
                "MaxGraph" : "2",
                "MultiJobLinger" : "true",
                "LingerPeriod" : "200",
                "AllowedPipePrograms" : "*"
            },
            "RoxieWorkunitConfig": {
                "Replicas": "1",
                "MaxActive":"20",
                "UseChildProcesses" : "true",
                "AllowedPipePrograms" : "*"
            }
        },
        "BuildSet": {
            "Branch": "community_9.12.4-rc1",
            "BranchDate": "N/A",
            "BranchSHA": "N/A",
            "BuildType": "Release",
            "Target": "K8s"
        },
        "Exclusion": {
            "Build": "N/A",
            "Documentation": "N/A",
            "Unittest": "N/A",
            "MLtest": "N/A",
            "Regression": "--ef pipefail.ecl -e embedded-r,embedded-js,3rdpartyservice,mongodb,spray"
        },
        "Tasks": [
            {
                "UpdateHelmRepo": {
                    "Result" : "Done",
                    "Elaps": {
                        "Formatted": "4 sec (00:00:04)",
                        "RawSec": "4"
                    }
                }
            },
            {
                "UpgradeTerraform": {
                    "Result" : "Done",
                    "Version" : "Terraform v1.12.0",
                    "Elaps": {
                        "Formatted": "11 sec (00:00:11)",
                        "RawSec": "11"
                    }
                }
            },
            {
                "CreateVirtualNetwork": {
                    "Result" : "Done (retCode: 0)",
                    "NumberOfResources" : 11,
                    "Elaps": {
                        "Formatted": "111 sec (00:01:51)",
                        "RawSec": "111"
                    }
                }
            },
            {
                "CreateStorage": {
                    "Result" : "Done (retCode: 0)",
                    "NumberOfResources" : 17,
                    "Elaps": {
                        "Formatted": "156 sec (00:02:36)",
                        "RawSec": "156"
                    }
                }
            },
            {
                "CreateAKS": {
                    "Result" : "Done",
                    "NumberOfResources" : 20,
                    "Elaps": {
                        "Formatted": "513 sec (00:08:33)",
                        "RawSec": "513"
                    }
                }
            },
            {
                "ECLWatchAnnotation": {
                    "Result": "Done",
                    "Elaps": {
                        "Formatted": "66 sec (00:01:06)",
                        "RawSec": "66"
                    }
                }
            },
            {
                "Setup": {
                    "Result": "PASSED",
                    "hthor": {
                        "Elaps": {
                            "Formatted": "0 sec (00:00:00)",
                            "RawSec": "0"
                        },
                        "Total": 0,
                        "Pass": 0,
                        "Fail": 0,
                        "Result": "N/A"
                    },
                    "thor": {
                        "Elaps": {
                            "Formatted": "61 sec (00:01:01)",
                            "RawSec": "61"
                        },
                        "Total": 9,
                        "Pass": 9,
                        "Fail": 0,
                        "Result": "PASSED"
                    },
                    "roxie": {
                        "Elaps": {
                            "Formatted": "112 sec (00:01:52)",
                            "RawSec": "112"
                        },
                        "Total": 24,
                        "Pass": 24,
                        "Fail": 0,
                        "Result": "PASSED"
                    }
                }
            },
            {
                "PublishQueries": {
                    "Result" : "Done",
                    "Total" : 0,
                    "Elaps": {
                        "Formatted": "0 sec (00:00:00)",
                        "RawSec": "0"
                    }
                }
            },
            {
                "Regress": {
                    "Result": "FAILED",
                    "Hthor": {
                        "Result": "FAILED",
                        "Elaps": {
                            "Formatted": "4221 sec (01:10:21)",
                            "RawSec": "4221"
                        },
                        "Total": 1075,
                        "Pass": 1072,
                        "Fail": 3
                    },
                    "Thor": {
                        "Result": "FAILED",
                        "Elaps": {
                            "Formatted": "3703 sec (01:01:43)",
                            "RawSec": "3703"
                        },
                        "Total":  953,
                        "Pass": 949,
                        "Fail": 4
                    },
                    "Roxie": {
                        "Result": "FAILED",
                        "Elaps": {
                            "Formatted": "5070 sec (01:24:30)",
                            "RawSec": "5070"
                        },
                        "Total":  1146,
                        "Pass": 1102,
                        "Fail": 44
                    }
                }
            },
            {
                "CollectTimings": {
                    "Result" : "Done",
                    "Elaps": {
                        "Formatted": "1310 sec (00:21:50).",
                        "RawSec": "1310"
                    }
                }
            },
            {
                "CollectPODLogs": {
                    "Result" : "Done",
                    "Elaps": {
                        "Formatted": "354 sec (00:05:54).",
                        "RawSec": "354"
                    }
                }
            },
            {
                "DestroyAKS": {
                    "Result" : "Done (retCode: 0)",
                    "NumberOfResources" : 20,
                    "Elaps": {
                        "Formatted": "492 sec (00:08:12)",
                        "RawSec": "492"
                    }
                }
            },
            {
                "DestroyStorage": {
                    "Result" : "Done (retCode: 0)",
                    "NumberOfResources" : 17,
                    "Elaps": {
                        "Formatted": "138 sec (00:02:18)",
                        "RawSec": "138"
                    }
                }
            },
            {
                "DestroyVirtualNetwork": {
                    "Result" : "Done (retCode: 0)",
                    "NumberOfResources" : 11,
                    "Elaps": {
                        "Formatted": "163 sec (00:02:43)",
                        "RawSec": "163"
                    }
                }
            },
            {
                "RunLogProcessor": {
                   "Result": "Done",
                    "Elaps": {
                        "Formatted": "1 sec (00:00:01).",
                        "RawSec": "1"
                    }
                }
            }
        ],
        "Errors": [
            
            
            
            {
            "HthorRegress" : [
                "[Failure] 140. Fail cryptoplugin_pke_lfn.ecl - W20250519-152637-2 (5 sec)",
                "[Failure] 342. Fail httpcall_multiheader_proxy.ecl - W20250519-153707 (127 sec)",
                "[Failure] 739. Fail soapcall_multihttpheader_proxy.ecl - W20250519-160206 (127 sec)"
                ]
            },
            {
            "ThorRegress" : [
                "[Failure] 137. Fail cryptoplugin_pke_lfn.ecl - W20250519-163558 (6 sec)",
                "[Failure] 258. Fail external.ecl - W20250519-164222 (6 sec)",
                "[Failure] 323. Fail httpcall_multiheader_proxy.ecl - W20250519-164614 (127 sec)",
                "[Failure] 711. Fail soapcall_multihttpheader_proxy.ecl - W20250519-171037 (127 sec)"
            ]
        },
            {
            "RoxieRegress" : [
                "[Failure] 151. Fail cryptoplugin_pke_lfn.ecl - W20250519-174200-1 (7 sec)",
                "[Failure] 285. Fail external.ecl - W20250519-175019 (7 sec)",
                "[Failure] 287. Fail externalplane.ecl - W20250519-175027 (7 sec)",
                "[Failure] 356. Fail httpcall_multiheader_proxy.ecl - W20250519-175459 (128 sec)",
                "[Failure] 390. Fail indexmerge.ecl ( version: multiPart=false ) - W20250519-175819 (7 sec)",
                "[Failure] 576. Fail mergechild.ecl ( version: multiPart=false ) - W20250519-181126 (7 sec)",
                "[Failure] 673. Fail pullindex2.ecl ( version: multiPart=false ) - W20250519-181753 (7 sec)",
                "[Failure] 731. Fail rewrite.ecl - W20250519-182145 (7 sec)",
                "[Failure] 797. Fail soapcall_multihttpheader_proxy.ecl - W20250519-182737 (127 sec)",
                "[Failure] 884. Fail steplimit1.ecl ( version: multiPart=false ) - W20250519-183421 (7 sec)",
                "[Failure] 886. Fail steplimit2.ecl ( version: multiPart=false ) - W20250519-183429 (6 sec)",
                "[Failure] 906. Fail stepping7.ecl ( version: multiPart=false ) - W20250519-183545 (7 sec)",
                "[Failure] 908. Fail stepping7a.ecl ( version: multiPart=false ) - W20250519-183553 (7 sec)",
                "[Failure] 910. Fail stepping7b.ecl ( version: multiPart=false ) - W20250519-183602 (7 sec)",
                "[Failure] 912. Fail stepping7c.ecl ( version: multiPart=false ) - W20250519-183610 (7 sec)",
                "[Failure] 914. Fail stepping7d.ecl ( version: multiPart=false ) - W20250519-183618 (7 sec)",
                "[Failure] 916. Fail stepping7e.ecl ( version: multiPart=false ) - W20250519-183626 (7 sec)",
                "[Failure] 918. Fail stepping7f.ecl ( version: multiPart=false ) - W20250519-183634-3 (7 sec)",
                "[Failure] 920. Fail stepping7g.ecl ( version: multiPart=false ) - W20250519-183642-2 (7 sec)",
                "[Failure] 922. Fail stepping7h.ecl ( version: multiPart=false ) - W20250519-183651 (7 sec)",
                "[Failure] 924. Fail stepping8.ecl ( version: multiPart=false ) - W20250519-183659 (7 sec)",
                "[Failure] 926. Fail stepping8a.ecl ( version: multiPart=false ) - W20250519-183707 (7 sec)",
                "[Failure] 928. Fail stepping8b.ecl ( version: multiPart=false ) - W20250519-183715 (7 sec)",
                "[Failure] 930. Fail stepping9a.ecl ( version: multiPart=false ) - W20250519-183724-3 (7 sec)",
                "[Failure] 932. Fail stepping9b.ecl ( version: multiPart=false ) - W20250519-183732 (7 sec)",
                "[Failure] 941. Fail stresstext.ecl ( version: multiPart=false ) - W20250519-183802 (10 sec)",
                "[Failure] 943. Fail stresstext.ecl ( version: multiPart=false, variant='default' ) - W20250519-183814 (11 sec)",
                "[Failure] 944. Fail stresstext.ecl ( version: multiPart=false, variant='inplace' ) - W20250519-183824 (10 sec)",
                "[Failure] 945. Fail stresstext.ecl ( version: multiPart=false, variant='inplace_row' ) - W20250519-183826 (10 sec)",
                "[Failure] 946. Fail stresstext.ecl ( version: multiPart=false, variant='inplace_lzw' ) - W20250519-183835 (10 sec)",
                "[Failure] 947. Fail stresstext.ecl ( version: multiPart=false, variant='inplace_lz4hc' ) - W20250519-183838 (10 sec)",
                "[Failure] 948. Fail stresstext_if.ecl ( version: multiPart=false ) - W20250519-183847 (7 sec)",
                "[Failure] 1001. Fail textsearch4.ecl ( version: multiPart=false ) - W20250519-184531 (15 sec)",
                "[Failure] 1051. Fail verifytextindex.ecl ( version: multiPart=false, variant='default' ) - W20250519-184912 (7 sec)",
                "[Failure] 1052. Fail verifytextindex.ecl ( version: multiPart=false, variant='inplace' ) - W20250519-184916 (7 sec)",
                "[Failure] 1053. Fail verifytextindex.ecl ( version: multiPart=false, variant='inplace_row' ) - W20250519-184920 (7 sec)",
                "[Failure] 1054. Fail verifytextindex.ecl ( version: multiPart=false, variant='inplace_lzw' ) - W20250519-184924 (7 sec)",
                "[Failure] 1055. Fail verifytextindex.ecl ( version: multiPart=false, variant='inplace_lz4hc' ) - W20250519-184928 (7 sec)",
                "[Failure] 1102. Fail workflow_9a.ecl ( version: parallel=false ) - W20250519-185238 (7 sec)",
                "[Failure] 1103. Fail workflow_9a.ecl ( version: parallel=true ) - W20250519-185239 (7 sec)",
                "[Failure] 1104. Fail workflow_9b.ecl ( version: parallel=false ) - W20250519-185246 (7 sec)",
                "[Failure] 1105. Fail workflow_9b.ecl ( version: parallel=true ) - W20250519-185248 (7 sec)",
                "[Failure] 1106. Fail workflow_9c.ecl ( version: parallel=false ) - W20250519-185255 (11 sec)",
                "[Failure] 1107. Fail workflow_9c.ecl ( version: parallel=true ) - W20250519-185256 (10 sec)"
            ]
        }
        ]
    }
}
