{
  "OBTResult": {
    "Env": {
      "BuildSystem": "CentOS_Linux_7",
      "Hardware": "CPU/Cores: 16, RAM: 30 GB",
      "IPAddress": "10.20.0.45 (OBT-AWS02)"
    },
    "BuildSet": {
      "Branch": "master",
      "BranchDate": "Thu Dec 12 16:49:16 2024",
      "BranchSHA": "61189d35899f5052ae44d88cd5a443e24b5f8799",
      "BuildType": "RelWithDebInfo",
      "Target": "BM/VM"
    },
    "Exclusion": {
      "Build": "MAKE_CASSANDRAEMBED, COUCHBASEEMBED, USE_AZURE, USE_AWS",
      "Unittest": "JlibReaderWriterTestTiming, AtomicTimingTest, AtomicTimingStressTest, RWLockStressTest",
      "MLtest": "ClassicTestModified.ecl, SVCTest.ecl",
      "Regression": "embedded-r, embedded-js, 3rdpartyservice, mongodb, python2"
    },
    "ThorConfig": {
      "Slaves": "4",
      "Channels": "1"
    },
    "Tasks": [
      {
        "Build": {
          "Result": "PASSED",
          "CMake": {
            "Formatted": "12 sec (00:00:12)",
            "RawSec": "12"
          },
          "Build": {
            "Formatted": "672 sec (00:11:12)",
            "RawSec": "672"
          },
          "Package": {
            "Formatted": "391 sec (00:06:31)",
            "RawSec": "391"
          },
          "Altogether": {
            "Formatted": "1075 sec (00:17:55)",
            "RawSec": "1075"
          }
        }
      },
      {
        "Install": {
          "Elaps": "No data"
        }
      },
      {
        "Unittests": {
          "Result": "FAILED",
          "Elaps": {
            "Formatted": "3367 sec (00:56:07)",
            "RawSec": "3367"
          },
          "Total": 386,
          "Pass": 385,
          "Fail": 1,
          "Error": 0,
          "Timeout": 0
        }
      },
      {
        "Wutooltests": {
          "Result": "PASSED",
          "Elaps": {
            "Formatted": "1 sec (00:00:01)",
            "RawSec": "1"
          },
          "Total": 19,
          "Pass": 19,
          "Fail": 0,
          "Error": 0,
          "Timeout": 0
        }
      },
      {
        "MLtests": {
          "Result": "PASSED",
          "DBSCAN": {
            "Elaps": {
              "Formatted": "11 sec  (00:00:11)",
              "RawSec": "11"
            },
            "Total": 2,
            "Pass": 2,
            "Fail": 0,
            "Result": "PASSED"
          },
          "GLM": {
            "Elaps": {
              "Formatted": "67 sec  (00:01:07)",
              "RawSec": "67"
            },
            "Total": 7,
            "Pass": 7,
            "Fail": 0,
            "Result": "PASSED"
          },
          "GNN": {
            "Elaps": {
              "Formatted": "118 sec  (00:01:58)",
              "RawSec": "118"
            },
            "Total": 4,
            "Pass": 4,
            "Fail": 0,
            "Result": "PASSED"
          },
          "KMeans": {
            "Elaps": {
              "Formatted": "5 sec  (00:00:05)",
              "RawSec": "5"
            },
            "Total": 1,
            "Pass": 1,
            "Fail": 0,
            "Result": "PASSED"
          },
          "LearningTrees": {
            "Elaps": {
              "Formatted": "140 sec  (00:02:20)",
              "RawSec": "140"
            },
            "Total": 3,
            "Pass": 3,
            "Fail": 0,
            "Result": "PASSED"
          },
          "PBblas": {
            "Elaps": {
              "Formatted": "15 sec  (00:00:15)",
              "RawSec": "15"
            },
            "Total": 2,
            "Pass": 2,
            "Fail": 0,
            "Result": "PASSED"
          },
          "SupportVectorMachines": {
            "Elaps": {
              "Formatted": "15 sec  (00:00:15)",
              "RawSec": "15"
            },
            "Total": 1,
            "Pass": 1,
            "Fail": 0,
            "Result": "PASSED"
          },
          "TextVectors": {
            "Elaps": {
              "Formatted": "13 sec  (00:00:13)",
              "RawSec": "13"
            },
            "Total": 5,
            "Pass": 5,
            "Fail": 0,
            "Result": "PASSED"
          }
        }
      },
      {
        "Setup": {
          "Result": "PASSED",
          "hthor": {
            "Elaps": {
              "Formatted": "42 sec  (00:00:42)",
              "RawSec": "42"
            },
            "Total": 9,
            "Pass": 9,
            "Fail": 0,
            "Result": "PASSED"
          },
          "thor": {
            "Elaps": {
              "Formatted": "24 sec  (00:00:24)",
              "RawSec": "24"
            },
            "Total": 9,
            "Pass": 9,
            "Fail": 0,
            "Result": "PASSED"
          },
          "roxie": {
            "Elaps": {
              "Formatted": "39 sec  (00:00:39)",
              "RawSec": "39"
            },
            "Total": 24,
            "Pass": 24,
            "Fail": 0,
            "Result": "PASSED"
          }
        }
      },
      {
        "Regress": {
          "Result": "FAILED",
          "Hthor": {
            "Result": "PASSED",
            "Elaps": {
              "Formatted": "434 sec  (00:07:14)",
              "RawSec": "434"
            },
            "Total": 1059,
            "Pass": 1059,
            "Fail": 0
          },
          "Thor": {
            "Result": "PASSED",
            "Elaps": {
              "Formatted": "741 sec  (00:12:21)",
              "RawSec": "741"
            },
            "Total": 947,
            "Pass": 947,
            "Fail": 0
          },
          "Roxie": {
            "Result": "FAILED",
            "Elaps": {
              "Formatted": "2851 sec  (00:47:31)",
              "RawSec": "2851"
            },
            "Total": 1156,
            "Pass": 1149,
            "Fail": 7
          }
        }
      },
      {
        "Uninstall": {
          "Elaps": "No data"
        }
      }
    ],
    "Errors": [
      {
        "roxie": {
          "pathologicalindex1": {
            "TestId": 639,
            "Wuid": "W20241216-055921-2",
            "Problem": "Aborted ",
            "Code": "-2",
            "Msg": " reason: Timeout and retry count exhausted! "
          }
        }
      },
      {
        "roxie": {
          "pathologicalindex1": {
            "TestId": 639,
            "Wuid": "W20241216-055921-2",
            "Problem": "Aborted ",
            "Code": "-2",
            "Msg": " reason: Timeout and retry count exhausted! "
          }
        }
      }
    ]
  }
}
