{
  "OBTResult": {
    "Env": {
      "BuildSystem": "CentOS_Linux_7",
      "Hardware": "CPU/Cores: 16, RAM: 30 GB",
      "IPAddress": "10.20.0.45 (OBT-AWS02)"
    },
    "BuildSet": {
      "Branch": "master",
      "BranchDate": "Thu Dec 12 16:49:16 2024",
      "BranchSHA": "61189d35899f5052ae44d88cd5a443e24b5f8799",
      "BuildType": "Debug",
      "Target": "BM/VM"
    },
    "Exclusion": {
      "Build": "MAKE_CASSANDRAEMBED, COUCHBASEEMBED, USE_AZURE, USE_AWS",
      "Unittest": "JlibReaderWriterTestTiming, AtomicTimingTest, AtomicTimingStressTest, RWLockStressTest",
      "MLtest": "ClassicTestModified.ecl, SVCTest.ecl",
      "Regression": "embedded-r, embedded-js, 3rdpartyservice, mongodb, python2"
    },
    "ThorConfig": {
      "Slaves": "4",
      "Channels": "1"
    },
    "Tasks": [
      {
        "Build": {
          "Result": "PASSED",
          "CMake": {
            "Formatted": "12 sec (00:00:12)",
            "RawSec": "12"
          },
          "Build": {
            "Formatted": "568 sec (00:09:28)",
            "RawSec": "568"
          },
          "Package": {
            "Formatted": "381 sec (00:06:21)",
            "RawSec": "381"
          },
          "Altogether": {
            "Formatted": "961 sec (00:16:01)",
            "RawSec": "961"
          }
        }
      },
      {
        "Install": {
          "Elaps": "No data"
        }
      },
      {
        "Unittests": {
          "Result": "FAILED",
          "Elaps": {
            "Formatted": "7967 sec (02:12:47)",
            "RawSec": "7967"
          },
          "Total": 386,
          "Pass": 385,
          "Fail": 1,
          "Error": 0,
          "Timeout": 0
        }
      },
      {
        "Wutooltests": {
          "Result": "PASSED",
          "Elaps": {
            "Formatted": "2 sec (00:00:02)",
            "RawSec": "2"
          },
          "Total": 19,
          "Pass": 19,
          "Fail": 0,
          "Error": 0,
          "Timeout": 0
        }
      },
      {
        "MLtests": {
          "Result": "PASSED",
          "DBSCAN": {
            "Elaps": {
              "Formatted": "15 sec  (00:00:15)",
              "RawSec": "15"
            },
            "Total": 2,
            "Pass": 2,
            "Fail": 0,
            "Result": "PASSED"
          },
          "GLM": {
            "Elaps": {
              "Formatted": "95 sec  (00:01:35)",
              "RawSec": "95"
            },
            "Total": 7,
            "Pass": 7,
            "Fail": 0,
            "Result": "PASSED"
          },
          "GNN": {
            "Elaps": {
              "Formatted": "93 sec  (00:01:33)",
              "RawSec": "93"
            },
            "Total": 4,
            "Pass": 4,
            "Fail": 0,
            "Result": "PASSED"
          },
          "KMeans": {
            "Elaps": {
              "Formatted": "6 sec  (00:00:06)",
              "RawSec": "6"
            },
            "Total": 1,
            "Pass": 1,
            "Fail": 0,
            "Result": "PASSED"
          },
          "LearningTrees": {
            "Elaps": {
              "Formatted": "518 sec  (00:08:38)",
              "RawSec": "518"
            },
            "Total": 3,
            "Pass": 3,
            "Fail": 0,
            "Result": "PASSED"
          },
          "PBblas": {
            "Elaps": {
              "Formatted": "20 sec  (00:00:20)",
              "RawSec": "20"
            },
            "Total": 2,
            "Pass": 2,
            "Fail": 0,
            "Result": "PASSED"
          },
          "SupportVectorMachines": {
            "Elaps": {
              "Formatted": "17 sec  (00:00:17)",
              "RawSec": "17"
            },
            "Total": 1,
            "Pass": 1,
            "Fail": 0,
            "Result": "PASSED"
          },
          "TextVectors": {
            "Elaps": {
              "Formatted": "16 sec  (00:00:16)",
              "RawSec": "16"
            },
            "Total": 5,
            "Pass": 5,
            "Fail": 0,
            "Result": "PASSED"
          }
        }
      },
      {
        "Setup": {
          "Result": "PASSED",
          "hthor": {
            "Elaps": {
              "Formatted": "166 sec  (00:02:46)",
              "RawSec": "166"
            },
            "Total": 9,
            "Pass": 9,
            "Fail": 0,
            "Result": "PASSED"
          },
          "thor": {
            "Elaps": {
              "Formatted": "77 sec  (00:01:17)",
              "RawSec": "77"
            },
            "Total": 9,
            "Pass": 9,
            "Fail": 0,
            "Result": "PASSED"
          },
          "roxie": {
            "Elaps": {
              "Formatted": "133 sec  (00:02:13)",
              "RawSec": "133"
            },
            "Total": 24,
            "Pass": 24,
            "Fail": 0,
            "Result": "PASSED"
          }
        }
      },
      {
        "Regress": {
          "Result": "FAILED",
          "Hthor": {
            "Result": "PASSED",
            "Elaps": {
              "Formatted": "855 sec  (00:14:15)",
              "RawSec": "855"
            },
            "Total": 1059,
            "Pass": 1059,
            "Fail": 0
          },
          "Thor": {
            "Result": "FAILED",
            "Elaps": {
              "Formatted": "2010 sec  (00:33:30)",
              "RawSec": "2010"
            },
            "Total": 947,
            "Pass": 946,
            "Fail": 1
          },
          "Roxie": {
            "Result": "FAILED",
            "Elaps": {
              "Formatted": "6061 sec  (01:41:01)",
              "RawSec": "6061"
            },
            "Total": 1156,
            "Pass": 1149,
            "Fail": 7
          }
        }
      },
      {
        "Uninstall": {
          "Elaps": "No data"
        }
      }
    ],
    "Errors": [
      {
        "thor": {
          "superkey1": {
            "TestId": 814,
            "Wuid": "W20241215-073927",
            "Problem": "Exception",
            "Code": "3000",
            "Msg": "System error: 3000: 3000, WORKER #1 [10:20:0:45:20100]: assert(index &lt; mapping:numStatistics()) failed - file: jstats:h, line 578 : Error running sub graphs"
          }
        },
        "roxie": {
          "payload(multiPart=false)": {
            "TestId": 641,
            "Wuid": "W20241215-075510",
            "Problem": "Aborted ",
            "Code": "-2",
            "Msg": " reason: Timeout and retry count exhausted! "
          }
        }
      },
      {
        "thor": {
          "superkey1": {
            "TestId": 814,
            "Wuid": "W20241215-073927",
            "Problem": "Exception",
            "Code": "3000",
            "Msg": "System error: 3000: 3000, WORKER #1 [10:20:0:45:20100]: assert(index &lt; mapping:numStatistics()) failed - file: jstats:h, line 578 : Error running sub graphs"
          }
        },
        "roxie": {
          "payload(multiPart=false)": {
            "TestId": 641,
            "Wuid": "W20241215-075510",
            "Problem": "Aborted ",
            "Code": "-2",
            "Msg": " reason: Timeout and retry count exhausted! "
          }
        }
      },
      {
        "thor": {
          "superkey1": {
            "TestId": 814,
            "Wuid": "W20241215-073927",
            "Problem": "Exception",
            "Code": "3000",
            "Msg": "System error: 3000: 3000, WORKER #1 [10:20:0:45:20100]: assert(index &lt; mapping:numStatistics()) failed - file: jstats:h, line 578 : Error running sub graphs"
          }
        },
        "roxie": {
          "payload(multiPart=false)": {
            "TestId": 641,
            "Wuid": "W20241215-075510",
            "Problem": "Aborted ",
            "Code": "-2",
            "Msg": " reason: Timeout and retry count exhausted! "
          }
        }
      }
    ]
  }
}
