{
  "OBTResult": {
    "Env": {
      "BuildSystem": "CentOS_Stream_8",
      "Hardware": "CPU/Cores: 4, RAM: 7 GB",
      "IPAddress": "10.22.254.152 (OBT-AWS03)"
    },
    "BuildSet": {
      "Branch": "candidate-9.6.x",
      "BranchDate": "Thu Dec 5 17:42:03 2024",
      "BranchSHA": "797e82d54a19dde3a5556b697de2759e9aaa1f82",
      "BuildType": "RelWithDebInfo",
      "Target": "BM/VM"
    },
    "Exclusion": {
      "Build": "MAKE_CASSANDRAEMBED, COUCHBASEEMBED, USE_AZURE, USE_AWS, WASMEMBED",
      "Documentation": "not built",
      "Unittest": "JlibReaderWriterTestTiming, AtomicTimingTest, AtomicTimingStressTest",
      "MLtest": "ClassicTestModified.ecl, SVCTest.ecl",
      "Regression": "embedded, 3rdparty, python2, wasmembed*"
    },
    "ThorConfig": {
      "Slaves": "4",
      "Channels": "1"
    },
    "Tasks": [
      {
        "Build": {
          "Result": "PASSED",
          "CMake": {
            "Formatted": "11 sec (00:00:11)",
            "RawSec": "11"
          },
          "Build": {
            "Formatted": "1644 sec (00:27:24)",
            "RawSec": "1644"
          },
          "Package": {
            "Formatted": "261 sec (00:04:21)",
            "RawSec": "261"
          },
          "Altogether": {
            "Formatted": "1916 sec (00:31:56)",
            "RawSec": "1916"
          }
        }
      },
      {
        "Install": {
          "Elaps": "No data"
        }
      },
      {
        "Unittests": {
          "Result": "PASSED",
          "Elaps": {
            "Formatted": "2960 sec (00:49:20)",
            "RawSec": "2960"
          },
          "Total": 375,
          "Pass": 375,
          "Fail": 0,
          "Error": 0,
          "Timeout": 0
        }
      },
      {
        "Wutooltests": {
          "Result": "PASSED",
          "Elaps": {
            "Formatted": "0 sec (00:00:00)",
            "RawSec": "0"
          },
          "Total": 19,
          "Pass": 19,
          "Fail": 0,
          "Error": 0,
          "Timeout": 0
        }
      },
      {
        "MLtests": {
          "Result": "PASSED",
          "DBSCAN": {
            "Elaps": {
              "Formatted": "13 sec  (00:00:13)",
              "RawSec": "13"
            },
            "Total": 2,
            "Pass": 2,
            "Fail": 0,
            "Result": "PASSED"
          },
          "GLM": {
            "Elaps": {
              "Formatted": "88 sec  (00:01:28)",
              "RawSec": "88"
            },
            "Total": 7,
            "Pass": 7,
            "Fail": 0,
            "Result": "PASSED"
          },
          "GNN": {
            "Elaps": {
              "Formatted": "19 sec  (00:00:19)",
              "RawSec": "19"
            },
            "Total": 4,
            "Pass": 4,
            "Fail": 0,
            "Result": "PASSED"
          },
          "KMeans": {
            "Elaps": {
              "Formatted": "6 sec  (00:00:06)",
              "RawSec": "6"
            },
            "Total": 1,
            "Pass": 1,
            "Fail": 0,
            "Result": "PASSED"
          },
          "LearningTrees": {
            "Elaps": {
              "Formatted": "304 sec  (00:05:04)",
              "RawSec": "304"
            },
            "Total": 3,
            "Pass": 3,
            "Fail": 0,
            "Result": "PASSED"
          },
          "PBblas": {
            "Elaps": {
              "Formatted": "19 sec  (00:00:19)",
              "RawSec": "19"
            },
            "Total": 2,
            "Pass": 2,
            "Fail": 0,
            "Result": "PASSED"
          },
          "SupportVectorMachines": {
            "Elaps": {
              "Formatted": "17 sec  (00:00:17)",
              "RawSec": "17"
            },
            "Total": 1,
            "Pass": 1,
            "Fail": 0,
            "Result": "PASSED"
          },
          "TextVectors": {
            "Elaps": {
              "Formatted": "14 sec  (00:00:14)",
              "RawSec": "14"
            },
            "Total": 5,
            "Pass": 5,
            "Fail": 0,
            "Result": "PASSED"
          }
        }
      },
      {
        "Setup": {
          "Result": "PASSED",
          "hthor": {
            "Elaps": {
              "Formatted": "43 sec  (00:00:43)",
              "RawSec": "43"
            },
            "Total": 9,
            "Pass": 9,
            "Fail": 0,
            "Result": "PASSED"
          },
          "thor": {
            "Elaps": {
              "Formatted": "35 sec  (00:00:35)",
              "RawSec": "35"
            },
            "Total": 9,
            "Pass": 9,
            "Fail": 0,
            "Result": "PASSED"
          },
          "roxie": {
            "Elaps": {
              "Formatted": "51 sec  (00:00:51)",
              "RawSec": "51"
            },
            "Total": 24,
            "Pass": 24,
            "Fail": 0,
            "Result": "PASSED"
          }
        }
      },
      {
        "Regress": {
          "Result": "FAILED",
          "Hthor": {
            "Result": "PASSED",
            "Elaps": {
              "Formatted": "1652 sec  (00:27:32)",
              "RawSec": "1652"
            },
            "Total": 1004,
            "Pass": 1004,
            "Fail": 0
          },
          "Thor": {
            "Result": "FAILED",
            "Elaps": {
              "Formatted": "1947 sec  (00:32:27)",
              "RawSec": "1947"
            },
            "Total": 897,
            "Pass": 896,
            "Fail": 1
          },
          "Roxie": {
            "Result": "PASSED",
            "Elaps": {
              "Formatted": "1818 sec  (00:30:18)",
              "RawSec": "1818"
            },
            "Total": 1099,
            "Pass": 1099,
            "Fail": 0
          }
        }
      },
      {
        "Uninstall": {
          "Elaps": "No data"
        }
      }
    ],
    "Errors": [
      {
        "thor": {
          "loopthor2": {
            "TestId": 494,
            "Wuid": "W20241211-135747",
            "Problem": "Exception",
            "Code": "5734",
            "Msg": "System error: 5734: Graph graph1[9], sort[11]: Graph graph1[9], sort[11]: CSortMaster::ConnectSlaves: Could not connect to 10:22:254:152:20161, Master exception - caused by (5734, Graph graph1[9], sort[11]: CSortMaster::ConnectSlaves: Could not connect to 10:22:254:152:20161)"
          }
        }
      }
    ]
  }
}
