{
  "OBTResult": {
    "Env": {
      "BuildSystem": "Rocky_Linux_8_9",
      "Hardware": "CPU/Cores: 8, RAM: 15 GB",
      "IPAddress": "10.22.254.98 (OBT-AWS04)"
    },
    "BuildSet": {
      "Branch": "candidate-9.8.x",
      "BranchDate": "Tue Dec 3 16:43:16 2024",
      "BranchSHA": "60d96e6c56bd0c8b19020c7fac8144c23afb1dfc",
      "BuildType": "RelWithDebInfo",
      "Target": "BM/VM"
    },
    "Exclusion": {
      "Build": "MAKE_CASSANDRAEMBED, COUCHBASEEMBED, USE_AZURE, USE_AWS, WASMEMBED",
      "Documentation": "not built",
      "Unittest": "JlibReaderWriterTestTiming, AtomicTimingTest, AtomicTimingStressTest",
      "MLtest": "ClassicTestModified.ecl, SVCTest.ecl",
      "Regression": "embedded, 3rdparty, python2, wasmembed*"
    },
    "ThorConfig": {
      "Slaves": "4",
      "Channels": "1"
    },
    "Tasks": [
      {
        "Build": {
          "Result": "PASSED",
          "CMake": {
            "Formatted": "10 sec (00:00:10)",
            "RawSec": "10"
          },
          "Build": {
            "Formatted": "806 sec (00:13:26)",
            "RawSec": "806"
          },
          "Package": {
            "Formatted": "216 sec (00:03:36)",
            "RawSec": "216"
          },
          "Altogether": {
            "Formatted": "1032 sec (00:17:12)",
            "RawSec": "1032"
          }
        }
      },
      {
        "Install": {
          "Elaps": "No data"
        }
      },
      {
        "Unittests": {
          "Result": "FAILED",
          "Elaps": {
            "Formatted": "2958 sec (00:49:18)",
            "RawSec": "2958"
          },
          "Total": 385,
          "Pass": 375,
          "Fail": 0,
          "Error": 10,
          "Timeout": 0
        }
      },
      {
        "Wutooltests": {
          "Result": "PASSED",
          "Elaps": {
            "Formatted": "1 sec (00:00:01)",
            "RawSec": "1"
          },
          "Total": 19,
          "Pass": 19,
          "Fail": 0,
          "Error": 0,
          "Timeout": 0
        }
      },
      {
        "MLtests": {
          "Result": "PASSED",
          "DBSCAN": {
            "Elaps": {
              "Formatted": "9 sec  (00:00:09)",
              "RawSec": "9"
            },
            "Total": 2,
            "Pass": 2,
            "Fail": 0,
            "Result": "PASSED"
          },
          "GLM": {
            "Elaps": {
              "Formatted": "51 sec  (00:00:51)",
              "RawSec": "51"
            },
            "Total": 7,
            "Pass": 7,
            "Fail": 0,
            "Result": "PASSED"
          },
          "GNN": {
            "Elaps": {
              "Formatted": "68 sec  (00:01:08)",
              "RawSec": "68"
            },
            "Total": 4,
            "Pass": 4,
            "Fail": 0,
            "Result": "PASSED"
          },
          "KMeans": {
            "Elaps": {
              "Formatted": "4 sec  (00:00:04)",
              "RawSec": "4"
            },
            "Total": 1,
            "Pass": 1,
            "Fail": 0,
            "Result": "PASSED"
          },
          "LearningTrees": {
            "Elaps": {
              "Formatted": "163 sec  (00:02:43)",
              "RawSec": "163"
            },
            "Total": 3,
            "Pass": 3,
            "Fail": 0,
            "Result": "PASSED"
          },
          "PBblas": {
            "Elaps": {
              "Formatted": "11 sec  (00:00:11)",
              "RawSec": "11"
            },
            "Total": 2,
            "Pass": 2,
            "Fail": 0,
            "Result": "PASSED"
          },
          "SupportVectorMachines": {
            "Elaps": {
              "Formatted": "13 sec  (00:00:13)",
              "RawSec": "13"
            },
            "Total": 1,
            "Pass": 1,
            "Fail": 0,
            "Result": "PASSED"
          },
          "TextVectors": {
            "Elaps": {
              "Formatted": "10 sec  (00:00:10)",
              "RawSec": "10"
            },
            "Total": 5,
            "Pass": 5,
            "Fail": 0,
            "Result": "PASSED"
          }
        }
      },
      {
        "Setup": {
          "Result": "PASSED",
          "hthor": {
            "Elaps": {
              "Formatted": "37 sec  (00:00:37)",
              "RawSec": "37"
            },
            "Total": 9,
            "Pass": 9,
            "Fail": 0,
            "Result": "PASSED"
          },
          "thor": {
            "Elaps": {
              "Formatted": "22 sec  (00:00:22)",
              "RawSec": "22"
            },
            "Total": 9,
            "Pass": 9,
            "Fail": 0,
            "Result": "PASSED"
          },
          "roxie": {
            "Elaps": {
              "Formatted": "37 sec  (00:00:37)",
              "RawSec": "37"
            },
            "Total": 24,
            "Pass": 24,
            "Fail": 0,
            "Result": "PASSED"
          }
        }
      },
      {
        "Regress": {
          "Result": "PASSED",
          "Hthor": {
            "Result": "PASSED",
            "Elaps": {
              "Formatted": "496 sec  (00:08:16)",
              "RawSec": "496"
            },
            "Total": 1013,
            "Pass": 1013,
            "Fail": 0
          },
          "Thor": {
            "Result": "PASSED",
            "Elaps": {
              "Formatted": "836 sec  (00:13:56)",
              "RawSec": "836"
            },
            "Total": 905,
            "Pass": 905,
            "Fail": 0
          },
          "Roxie": {
            "Result": "PASSED",
            "Elaps": {
              "Formatted": "620 sec  (00:10:20)",
              "RawSec": "620"
            },
            "Total": 1108,
            "Pass": 1108,
            "Fail": 0
          }
        }
      },
      {
        "Uninstall": {
          "Elaps": "No data"
        }
      }
    ],
    "Errors": [
      {}
    ]
  }
}
