{
  "OBTResult": {
    "Env": {
      "BuildSystem": "CentOS_Linux_7",
      "Hardware": "CPU/Cores: 16, RAM: 30 GB",
      "IPAddress": "10.20.0.45 (OBT-AWS02)"
    },
    "BuildSet": {
      "Branch": "master",
      "BranchDate": "Thu Dec 5 17:43:00 2024",
      "BranchSHA": "fd4453020c840dfe14e914c1839a1a5f07eecb98",
      "BuildType": "RelWithDebInfo",
      "Target": "BM/VM"
    },
    "Exclusion": {
      "Build": "MAKE_CASSANDRAEMBED, COUCHBASEEMBED, USE_AZURE, USE_AWS",
      "Unittest": "JlibReaderWriterTestTiming, AtomicTimingTest, AtomicTimingStressTest, RWLockStressTest",
      "MLtest": "ClassicTestModified.ecl, SVCTest.ecl",
      "Regression": "embedded-r, embedded-js, 3rdpartyservice, mongodb, python2"
    },
    "ThorConfig": {
      "Slaves": "4",
      "Channels": "1"
    },
    "Tasks": [
      {
        "Build": {
          "Result": "PASSED",
          "CMake": {
            "Formatted": "11 sec (00:00:11)",
            "RawSec": "11"
          },
          "Build": {
            "Formatted": "610 sec (00:10:10)",
            "RawSec": "610"
          },
          "Package": {
            "Formatted": "365 sec (00:06:05)",
            "RawSec": "365"
          },
          "Altogether": {
            "Formatted": "986 sec (00:16:26)",
            "RawSec": "986"
          }
        }
      },
      {
        "Install": {
          "Elaps": "No data"
        }
      },
      {
        "Unittests": {
          "Result": "PASSED",
          "Elaps": {
            "Formatted": "3265 sec (00:54:25)",
            "RawSec": "3265"
          },
          "Total": 386,
          "Pass": 386,
          "Fail": 0,
          "Error": 0,
          "Timeout": 0
        }
      },
      {
        "Wutooltests": {
          "Result": "PASSED",
          "Elaps": {
            "Formatted": "1 sec (00:00:01)",
            "RawSec": "1"
          },
          "Total": 19,
          "Pass": 19,
          "Fail": 0,
          "Error": 0,
          "Timeout": 0
        }
      },
      {
        "MLtests": {
          "Result": "PASSED",
          "DBSCAN": {
            "Elaps": {
              "Formatted": "11 sec  (00:00:11)",
              "RawSec": "11"
            },
            "Total": 2,
            "Pass": 2,
            "Fail": 0,
            "Result": "PASSED"
          },
          "GLM": {
            "Elaps": {
              "Formatted": "64 sec  (00:01:04)",
              "RawSec": "64"
            },
            "Total": 7,
            "Pass": 7,
            "Fail": 0,
            "Result": "PASSED"
          },
          "GNN": {
            "Elaps": {
              "Formatted": "132 sec  (00:02:12)",
              "RawSec": "132"
            },
            "Total": 4,
            "Pass": 4,
            "Fail": 0,
            "Result": "PASSED"
          },
          "KMeans": {
            "Elaps": {
              "Formatted": "4 sec  (00:00:04)",
              "RawSec": "4"
            },
            "Total": 1,
            "Pass": 1,
            "Fail": 0,
            "Result": "PASSED"
          },
          "LearningTrees": {
            "Elaps": {
              "Formatted": "130 sec  (00:02:10)",
              "RawSec": "130"
            },
            "Total": 3,
            "Pass": 3,
            "Fail": 0,
            "Result": "PASSED"
          },
          "PBblas": {
            "Elaps": {
              "Formatted": "14 sec  (00:00:14)",
              "RawSec": "14"
            },
            "Total": 2,
            "Pass": 2,
            "Fail": 0,
            "Result": "PASSED"
          },
          "SupportVectorMachines": {
            "Elaps": {
              "Formatted": "14 sec  (00:00:14)",
              "RawSec": "14"
            },
            "Total": 1,
            "Pass": 1,
            "Fail": 0,
            "Result": "PASSED"
          },
          "TextVectors": {
            "Elaps": {
              "Formatted": "12 sec  (00:00:12)",
              "RawSec": "12"
            },
            "Total": 5,
            "Pass": 5,
            "Fail": 0,
            "Result": "PASSED"
          }
        }
      },
      {
        "Setup": {
          "Result": "PASSED",
          "hthor": {
            "Elaps": {
              "Formatted": "38 sec  (00:00:38)",
              "RawSec": "38"
            },
            "Total": 9,
            "Pass": 9,
            "Fail": 0,
            "Result": "PASSED"
          },
          "thor": {
            "Elaps": {
              "Formatted": "23 sec  (00:00:23)",
              "RawSec": "23"
            },
            "Total": 9,
            "Pass": 9,
            "Fail": 0,
            "Result": "PASSED"
          },
          "roxie": {
            "Elaps": {
              "Formatted": "38 sec  (00:00:38)",
              "RawSec": "38"
            },
            "Total": 24,
            "Pass": 24,
            "Fail": 0,
            "Result": "PASSED"
          }
        }
      },
      {
        "Regress": {
          "Result": "FAILED",
          "Hthor": {
            "Result": "PASSED",
            "Elaps": {
              "Formatted": "410 sec  (00:06:50)",
              "RawSec": "410"
            },
            "Total": 1059,
            "Pass": 1059,
            "Fail": 0
          },
          "Thor": {
            "Result": "PASSED",
            "Elaps": {
              "Formatted": "711 sec  (00:11:51)",
              "RawSec": "711"
            },
            "Total": 947,
            "Pass": 947,
            "Fail": 0
          },
          "Roxie": {
            "Result": "FAILED",
            "Elaps": {
              "Formatted": "2739 sec  (00:45:39)",
              "RawSec": "2739"
            },
            "Total": 1156,
            "Pass": 1149,
            "Fail": 7
          }
        }
      },
      {
        "Uninstall": {
          "Elaps": "No data"
        }
      }
    ],
    "Errors": [
      {
        "roxie": {
          "payload(multiPart=false)": {
            "TestId": 641,
            "Wuid": "W20241207-060409",
            "Problem": "Aborted ",
            "Code": "-2",
            "Msg": " reason: Timeout and retry count exhausted! "
          }
        }
      }
    ]
  }
}
