{
  "OBTResult": {
    "Env": {
      "BuildSystem": "CentOS_Linux_7",
      "Hardware": "CPU/Cores: 16, RAM: 30 GB",
      "IPAddress": "10.20.0.45 (OBT-AWS02)"
    },
    "BuildSet": {
      "Branch": "candidate-9.6.x",
      "BranchDate": "Thu Dec 5 17:42:03 2024",
      "BranchSHA": "797e82d54a19dde3a5556b697de2759e9aaa1f82",
      "BuildType": "Debug",
      "Target": "BM/VM"
    },
    "Exclusion": {
      "Build": "MAKE_CASSANDRAEMBED, COUCHBASEEMBED, USE_AZURE, USE_AWS",
      "Unittest": "JlibReaderWriterTestTiming, AtomicTimingTest, AtomicTimingStressTest, RWLockStressTest",
      "MLtest": "ClassicTestModified.ecl, SVCTest.ecl",
      "Regression": "embedded-r, embedded-js, 3rdpartyservice, mongodb, python2"
    },
    "ThorConfig": {
      "Slaves": "4",
      "Channels": "1"
    },
    "Tasks": [
      {
        "Build": {
          "Result": "PASSED",
          "CMake": {
            "Formatted": "12 sec (00:00:12)",
            "RawSec": "12"
          },
          "Build": {
            "Formatted": "489 sec (00:08:09)",
            "RawSec": "489"
          },
          "Package": {
            "Formatted": "377 sec (00:06:17)",
            "RawSec": "377"
          },
          "Altogether": {
            "Formatted": "878 sec (00:14:38)",
            "RawSec": "878"
          }
        }
      },
      {
        "Install": {
          "Elaps": "No data"
        }
      },
      {
        "Unittests": {
          "Result": "PASSED",
          "Elaps": {
            "Formatted": "7608 sec (02:06:48)",
            "RawSec": "7608"
          },
          "Total": 375,
          "Pass": 375,
          "Fail": 0,
          "Error": 0,
          "Timeout": 0
        }
      },
      {
        "Wutooltests": {
          "Result": "PASSED",
          "Elaps": {
            "Formatted": "2 sec (00:00:02)",
            "RawSec": "2"
          },
          "Total": 19,
          "Pass": 19,
          "Fail": 0,
          "Error": 0,
          "Timeout": 0
        }
      },
      {
        "MLtests": {
          "Result": "PASSED",
          "DBSCAN": {
            "Elaps": {
              "Formatted": "15 sec  (00:00:15)",
              "RawSec": "15"
            },
            "Total": 2,
            "Pass": 2,
            "Fail": 0,
            "Result": "PASSED"
          },
          "GLM": {
            "Elaps": {
              "Formatted": "111 sec  (00:01:51)",
              "RawSec": "111"
            },
            "Total": 7,
            "Pass": 7,
            "Fail": 0,
            "Result": "PASSED"
          },
          "GNN": {
            "Elaps": {
              "Formatted": "78 sec  (00:01:18)",
              "RawSec": "78"
            },
            "Total": 4,
            "Pass": 4,
            "Fail": 0,
            "Result": "PASSED"
          },
          "KMeans": {
            "Elaps": {
              "Formatted": "6 sec  (00:00:06)",
              "RawSec": "6"
            },
            "Total": 1,
            "Pass": 1,
            "Fail": 0,
            "Result": "PASSED"
          },
          "LearningTrees": {
            "Elaps": {
              "Formatted": "506 sec  (00:08:26)",
              "RawSec": "506"
            },
            "Total": 3,
            "Pass": 3,
            "Fail": 0,
            "Result": "PASSED"
          },
          "PBblas": {
            "Elaps": {
              "Formatted": "24 sec  (00:00:24)",
              "RawSec": "24"
            },
            "Total": 2,
            "Pass": 2,
            "Fail": 0,
            "Result": "PASSED"
          },
          "SupportVectorMachines": {
            "Elaps": {
              "Formatted": "16 sec  (00:00:16)",
              "RawSec": "16"
            },
            "Total": 1,
            "Pass": 1,
            "Fail": 0,
            "Result": "PASSED"
          },
          "TextVectors": {
            "Elaps": {
              "Formatted": "16 sec  (00:00:16)",
              "RawSec": "16"
            },
            "Total": 5,
            "Pass": 5,
            "Fail": 0,
            "Result": "PASSED"
          }
        }
      },
      {
        "Setup": {
          "Result": "PASSED",
          "hthor": {
            "Elaps": {
              "Formatted": "193 sec  (00:03:13)",
              "RawSec": "193"
            },
            "Total": 9,
            "Pass": 9,
            "Fail": 0,
            "Result": "PASSED"
          },
          "thor": {
            "Elaps": {
              "Formatted": "72 sec  (00:01:12)",
              "RawSec": "72"
            },
            "Total": 9,
            "Pass": 9,
            "Fail": 0,
            "Result": "PASSED"
          },
          "roxie": {
            "Elaps": {
              "Formatted": "137 sec  (00:02:17)",
              "RawSec": "137"
            },
            "Total": 24,
            "Pass": 24,
            "Fail": 0,
            "Result": "PASSED"
          }
        }
      },
      {
        "Regress": {
          "Result": "FAILED",
          "Hthor": {
            "Result": "PASSED",
            "Elaps": {
              "Formatted": "789 sec  (00:13:09)",
              "RawSec": "789"
            },
            "Total": 1043,
            "Pass": 1043,
            "Fail": 0
          },
          "Thor": {
            "Result": "FAILED",
            "Elaps": {
              "Formatted": "1976 sec  (00:32:56)",
              "RawSec": "1976"
            },
            "Total": 932,
            "Pass": 930,
            "Fail": 2
          },
          "Roxie": {
            "Result": "PASSED",
            "Elaps": {
              "Formatted": "779 sec  (00:12:59)",
              "RawSec": "779"
            },
            "Total": 1140,
            "Pass": 1140,
            "Fail": 0
          }
        }
      },
      {
        "Uninstall": {
          "Elaps": "No data"
        }
      }
    ],
    "Errors": [
      {
        "thor": {
          "superkey1": {
            "TestId": 799,
            "Wuid": "W20241208-171030",
            "Problem": "Exception",
            "Code": "3000",
            "Msg": "System error: 3000: SLAVE #4 [10:20:0:45:20160]: assert(index &lt; mapping:numStatistics()) failed - file: jstats:h, line 578"
          }
        }
      }
    ]
  }
}
