{
  "OBTResult": {
    "Env": {
      "BuildSystem": "CentOS_Stream_8",
      "Hardware": "CPU/Cores: 4, RAM: 7 GB",
      "IPAddress": "10.22.254.152 (OBT-AWS03)"
    },
    "BuildSet": {
      "Branch": "candidate-9.6.x",
      "BranchDate": "Thu Dec 12 16:51:34 2024",
      "BranchSHA": "098bf2caf520d58b199318d70130e41e4d98011c",
      "BuildType": "RelWithDebInfo",
      "Target": "BM/VM"
    },
    "Exclusion": {
      "Build": "MAKE_CASSANDRAEMBED, COUCHBASEEMBED, USE_AZURE, USE_AWS, WASMEMBED",
      "Documentation": "not built",
      "Unittest": "JlibReaderWriterTestTiming, AtomicTimingTest, AtomicTimingStressTest",
      "MLtest": "ClassicTestModified.ecl, SVCTest.ecl",
      "Regression": "embedded, 3rdparty, python2, wasmembed*"
    },
    "ThorConfig": {
      "Slaves": "4",
      "Channels": "1"
    },
    "Tasks": [
      {
        "Build": {
          "Result": "PASSED",
          "CMake": {
            "Formatted": "11 sec (00:00:11)",
            "RawSec": "11"
          },
          "Build": {
            "Formatted": "1716 sec (00:28:36)",
            "RawSec": "1716"
          },
          "Package": {
            "Formatted": "278 sec (00:04:38)",
            "RawSec": "278"
          },
          "Altogether": {
            "Formatted": "2005 sec (00:33:25)",
            "RawSec": "2005"
          }
        }
      },
      {
        "Install": {
          "Elaps": "No data"
        }
      },
      {
        "Unittests": {
          "Result": "PASSED",
          "Elaps": {
            "Formatted": "3017 sec (00:50:17)",
            "RawSec": "3017"
          },
          "Total": 375,
          "Pass": 375,
          "Fail": 0,
          "Error": 0,
          "Timeout": 0
        }
      },
      {
        "Wutooltests": {
          "Result": "PASSED",
          "Elaps": {
            "Formatted": "1 sec (00:00:01)",
            "RawSec": "1"
          },
          "Total": 19,
          "Pass": 19,
          "Fail": 0,
          "Error": 0,
          "Timeout": 0
        }
      },
      {
        "MLtests": {
          "Result": "PASSED",
          "DBSCAN": {
            "Elaps": {
              "Formatted": "14 sec  (00:00:14)",
              "RawSec": "14"
            },
            "Total": 2,
            "Pass": 2,
            "Fail": 0,
            "Result": "PASSED"
          },
          "GLM": {
            "Elaps": {
              "Formatted": "88 sec  (00:01:28)",
              "RawSec": "88"
            },
            "Total": 7,
            "Pass": 7,
            "Fail": 0,
            "Result": "PASSED"
          },
          "GNN": {
            "Elaps": {
              "Formatted": "19 sec  (00:00:19)",
              "RawSec": "19"
            },
            "Total": 4,
            "Pass": 4,
            "Fail": 0,
            "Result": "PASSED"
          },
          "KMeans": {
            "Elaps": {
              "Formatted": "6 sec  (00:00:06)",
              "RawSec": "6"
            },
            "Total": 1,
            "Pass": 1,
            "Fail": 0,
            "Result": "PASSED"
          },
          "LearningTrees": {
            "Elaps": {
              "Formatted": "320 sec  (00:05:20)",
              "RawSec": "320"
            },
            "Total": 3,
            "Pass": 3,
            "Fail": 0,
            "Result": "PASSED"
          },
          "PBblas": {
            "Elaps": {
              "Formatted": "19 sec  (00:00:19)",
              "RawSec": "19"
            },
            "Total": 2,
            "Pass": 2,
            "Fail": 0,
            "Result": "PASSED"
          },
          "SupportVectorMachines": {
            "Elaps": {
              "Formatted": "19 sec  (00:00:19)",
              "RawSec": "19"
            },
            "Total": 1,
            "Pass": 1,
            "Fail": 0,
            "Result": "PASSED"
          },
          "TextVectors": {
            "Elaps": {
              "Formatted": "15 sec  (00:00:15)",
              "RawSec": "15"
            },
            "Total": 5,
            "Pass": 5,
            "Fail": 0,
            "Result": "PASSED"
          }
        }
      },
      {
        "Setup": {
          "Result": "PASSED",
          "hthor": {
            "Elaps": {
              "Formatted": "44 sec  (00:00:44)",
              "RawSec": "44"
            },
            "Total": 9,
            "Pass": 9,
            "Fail": 0,
            "Result": "PASSED"
          },
          "thor": {
            "Elaps": {
              "Formatted": "35 sec  (00:00:35)",
              "RawSec": "35"
            },
            "Total": 9,
            "Pass": 9,
            "Fail": 0,
            "Result": "PASSED"
          },
          "roxie": {
            "Elaps": {
              "Formatted": "54 sec  (00:00:54)",
              "RawSec": "54"
            },
            "Total": 24,
            "Pass": 24,
            "Fail": 0,
            "Result": "PASSED"
          }
        }
      },
      {
        "Regress": {
          "Result": "FAILED",
          "Hthor": {
            "Result": "FAILED",
            "Elaps": {
              "Formatted": "1876 sec  (00:31:16)",
              "RawSec": "1876"
            },
            "Total": 1004,
            "Pass": 1003,
            "Fail": 1
          },
          "Thor": {
            "Result": "PASSED",
            "Elaps": {
              "Formatted": "1963 sec  (00:32:43)",
              "RawSec": "1963"
            },
            "Total": 897,
            "Pass": 897,
            "Fail": 0
          },
          "Roxie": {
            "Result": "PASSED",
            "Elaps": {
              "Formatted": "2000 sec  (00:33:20)",
              "RawSec": "2000"
            },
            "Total": 1099,
            "Pass": 1099,
            "Fail": 0
          }
        }
      },
      {
        "Uninstall": {
          "Elaps": "No data"
        }
      }
    ],
    "Errors": [
      {
        "hthor": {
          "workflow_contingency_8(parallel=true)": {
            "TestId": 977,
            "Wuid": "W20241217-131618",
            "Problem": "Aborted ",
            "Code": "-2",
            "Msg": " reason: Timeout and retry count exhausted! "
          }
        }
      }
    ]
  }
}
