{
  "OBTResult": {
    "Env": {
      "BuildSystem": "CentOS_Linux_7",
      "Hardware": "CPU/Cores: 16, RAM: 30 GB",
      "IPAddress": "10.20.0.45 (OBT-AWS02)"
    },
    "BuildSet": {
      "Branch": "candidate-9.6.x",
      "BranchDate": "Thu Dec 12 16:51:34 2024",
      "BranchSHA": "098bf2caf520d58b199318d70130e41e4d98011c",
      "BuildType": "Debug",
      "Target": "BM/VM"
    },
    "Exclusion": {
      "Build": "MAKE_CASSANDRAEMBED, COUCHBASEEMBED, USE_AZURE, USE_AWS",
      "Unittest": "JlibReaderWriterTestTiming, AtomicTimingTest, AtomicTimingStressTest, RWLockStressTest",
      "MLtest": "ClassicTestModified.ecl, SVCTest.ecl",
      "Regression": "embedded-r, embedded-js, 3rdpartyservice, mongodb, python2"
    },
    "ThorConfig": {
      "Slaves": "4",
      "Channels": "1"
    },
    "Tasks": [
      {
        "Build": {
          "Result": "PASSED",
          "CMake": {
            "Formatted": "12 sec (00:00:12)",
            "RawSec": "12"
          },
          "Build": {
            "Formatted": "531 sec (00:08:51)",
            "RawSec": "531"
          },
          "Package": {
            "Formatted": "408 sec (00:06:48)",
            "RawSec": "408"
          },
          "Altogether": {
            "Formatted": "951 sec (00:15:51)",
            "RawSec": "951"
          }
        }
      },
      {
        "Install": {
          "Elaps": "No data"
        }
      },
      {
        "Unittests": {
          "Result": "PASSED",
          "Elaps": {
            "Formatted": "7953 sec (02:12:33)",
            "RawSec": "7953"
          },
          "Total": 375,
          "Pass": 375,
          "Fail": 0,
          "Error": 0,
          "Timeout": 0
        }
      },
      {
        "Wutooltests": {
          "Result": "PASSED",
          "Elaps": {
            "Formatted": "1 sec (00:00:01)",
            "RawSec": "1"
          },
          "Total": 19,
          "Pass": 19,
          "Fail": 0,
          "Error": 0,
          "Timeout": 0
        }
      },
      {
        "MLtests": {
          "Result": "PASSED",
          "DBSCAN": {
            "Elaps": {
              "Formatted": "16 sec  (00:00:16)",
              "RawSec": "16"
            },
            "Total": 2,
            "Pass": 2,
            "Fail": 0,
            "Result": "PASSED"
          },
          "GLM": {
            "Elaps": {
              "Formatted": "115 sec  (00:01:55)",
              "RawSec": "115"
            },
            "Total": 7,
            "Pass": 7,
            "Fail": 0,
            "Result": "PASSED"
          },
          "GNN": {
            "Elaps": {
              "Formatted": "79 sec  (00:01:19)",
              "RawSec": "79"
            },
            "Total": 4,
            "Pass": 4,
            "Fail": 0,
            "Result": "PASSED"
          },
          "KMeans": {
            "Elaps": {
              "Formatted": "6 sec  (00:00:06)",
              "RawSec": "6"
            },
            "Total": 1,
            "Pass": 1,
            "Fail": 0,
            "Result": "PASSED"
          },
          "LearningTrees": {
            "Elaps": {
              "Formatted": "525 sec  (00:08:45)",
              "RawSec": "525"
            },
            "Total": 3,
            "Pass": 3,
            "Fail": 0,
            "Result": "PASSED"
          },
          "PBblas": {
            "Elaps": {
              "Formatted": "25 sec  (00:00:25)",
              "RawSec": "25"
            },
            "Total": 2,
            "Pass": 2,
            "Fail": 0,
            "Result": "PASSED"
          },
          "SupportVectorMachines": {
            "Elaps": {
              "Formatted": "17 sec  (00:00:17)",
              "RawSec": "17"
            },
            "Total": 1,
            "Pass": 1,
            "Fail": 0,
            "Result": "PASSED"
          },
          "TextVectors": {
            "Elaps": {
              "Formatted": "17 sec  (00:00:17)",
              "RawSec": "17"
            },
            "Total": 5,
            "Pass": 5,
            "Fail": 0,
            "Result": "PASSED"
          }
        }
      },
      {
        "Setup": {
          "Result": "PASSED",
          "hthor": {
            "Elaps": {
              "Formatted": "190 sec  (00:03:10)",
              "RawSec": "190"
            },
            "Total": 9,
            "Pass": 9,
            "Fail": 0,
            "Result": "PASSED"
          },
          "thor": {
            "Elaps": {
              "Formatted": "75 sec  (00:01:15)",
              "RawSec": "75"
            },
            "Total": 9,
            "Pass": 9,
            "Fail": 0,
            "Result": "PASSED"
          },
          "roxie": {
            "Elaps": {
              "Formatted": "144 sec  (00:02:24)",
              "RawSec": "144"
            },
            "Total": 24,
            "Pass": 24,
            "Fail": 0,
            "Result": "PASSED"
          }
        }
      },
      {
        "Regress": {
          "Result": "FAILED",
          "Hthor": {
            "Result": "PASSED",
            "Elaps": {
              "Formatted": "836 sec  (00:13:56)",
              "RawSec": "836"
            },
            "Total": 1043,
            "Pass": 1043,
            "Fail": 0
          },
          "Thor": {
            "Result": "FAILED",
            "Elaps": {
              "Formatted": "1996 sec  (00:33:16)",
              "RawSec": "1996"
            },
            "Total": 932,
            "Pass": 931,
            "Fail": 1
          },
          "Roxie": {
            "Result": "PASSED",
            "Elaps": {
              "Formatted": "779 sec  (00:12:59)",
              "RawSec": "779"
            },
            "Total": 1140,
            "Pass": 1140,
            "Fail": 0
          }
        }
      },
      {
        "Uninstall": {
          "Elaps": "No data"
        }
      }
    ],
    "Errors": [
      {
        "thor": {
          "superkey1": {
            "TestId": 799,
            "Wuid": "W20241215-172621-4",
            "Problem": "Exception",
            "Code": "3000",
            "Msg": "System error: 3000: SLAVE #1 [10:20:0:45:20100]: assert(index &lt; mapping:numStatistics()) failed - file: jstats:h, line 578"
          }
        }
      }
    ]
  }
}
