{
  "OBTResult": {
    "Env": {
      "BuildSystem": "CentOS_Linux_7",
      "Hardware": "CPU/Cores: 16, RAM: 30 GB",
      "IPAddress": "10.20.0.45 (OBT-AWS02)"
    },
    "BuildSet": {
      "Branch": "master",
      "BranchDate": "Thu Dec 12 16:49:16 2024",
      "BranchSHA": "61189d35899f5052ae44d88cd5a443e24b5f8799",
      "BuildType": "RelWithDebInfo",
      "Target": "BM/VM"
    },
    "Exclusion": {
      "Build": "MAKE_CASSANDRAEMBED, COUCHBASEEMBED, USE_AZURE, USE_AWS",
      "Unittest": "JlibReaderWriterTestTiming, AtomicTimingTest, AtomicTimingStressTest, RWLockStressTest",
      "MLtest": "ClassicTestModified.ecl, SVCTest.ecl",
      "Regression": "embedded-r, embedded-js, 3rdpartyservice, mongodb, python2"
    },
    "ThorConfig": {
      "Slaves": "4",
      "Channels": "1"
    },
    "Tasks": [
      {
        "Build": {
          "Result": "PASSED",
          "CMake": {
            "Formatted": "14 sec (00:00:14)",
            "RawSec": "14"
          },
          "Build": {
            "Formatted": "614 sec (00:10:14)",
            "RawSec": "614"
          },
          "Package": {
            "Formatted": "357 sec (00:05:57)",
            "RawSec": "357"
          },
          "Altogether": {
            "Formatted": "985 sec (00:16:25)",
            "RawSec": "985"
          }
        }
      },
      {
        "Install": {
          "Elaps": "No data"
        }
      },
      {
        "Unittests": {
          "Result": "FAILED",
          "Elaps": {
            "Formatted": "3234 sec (00:53:54)",
            "RawSec": "3234"
          },
          "Total": 386,
          "Pass": 385,
          "Fail": 1,
          "Error": 0,
          "Timeout": 0
        }
      },
      {
        "Wutooltests": {
          "Result": "PASSED",
          "Elaps": {
            "Formatted": "1 sec (00:00:01)",
            "RawSec": "1"
          },
          "Total": 19,
          "Pass": 19,
          "Fail": 0,
          "Error": 0,
          "Timeout": 0
        }
      },
      {
        "MLtests": {
          "Result": "PASSED",
          "DBSCAN": {
            "Elaps": {
              "Formatted": "10 sec  (00:00:10)",
              "RawSec": "10"
            },
            "Total": 2,
            "Pass": 2,
            "Fail": 0,
            "Result": "PASSED"
          },
          "GLM": {
            "Elaps": {
              "Formatted": "64 sec  (00:01:04)",
              "RawSec": "64"
            },
            "Total": 7,
            "Pass": 7,
            "Fail": 0,
            "Result": "PASSED"
          },
          "GNN": {
            "Elaps": {
              "Formatted": "104 sec  (00:01:44)",
              "RawSec": "104"
            },
            "Total": 4,
            "Pass": 4,
            "Fail": 0,
            "Result": "PASSED"
          },
          "KMeans": {
            "Elaps": {
              "Formatted": "4 sec  (00:00:04)",
              "RawSec": "4"
            },
            "Total": 1,
            "Pass": 1,
            "Fail": 0,
            "Result": "PASSED"
          },
          "LearningTrees": {
            "Elaps": {
              "Formatted": "132 sec  (00:02:12)",
              "RawSec": "132"
            },
            "Total": 3,
            "Pass": 3,
            "Fail": 0,
            "Result": "PASSED"
          },
          "PBblas": {
            "Elaps": {
              "Formatted": "14 sec  (00:00:14)",
              "RawSec": "14"
            },
            "Total": 2,
            "Pass": 2,
            "Fail": 0,
            "Result": "PASSED"
          },
          "SupportVectorMachines": {
            "Elaps": {
              "Formatted": "14 sec  (00:00:14)",
              "RawSec": "14"
            },
            "Total": 1,
            "Pass": 1,
            "Fail": 0,
            "Result": "PASSED"
          },
          "TextVectors": {
            "Elaps": {
              "Formatted": "12 sec  (00:00:12)",
              "RawSec": "12"
            },
            "Total": 5,
            "Pass": 5,
            "Fail": 0,
            "Result": "PASSED"
          }
        }
      },
      {
        "Setup": {
          "Result": "PASSED",
          "hthor": {
            "Elaps": {
              "Formatted": "38 sec  (00:00:38)",
              "RawSec": "38"
            },
            "Total": 9,
            "Pass": 9,
            "Fail": 0,
            "Result": "PASSED"
          },
          "thor": {
            "Elaps": {
              "Formatted": "22 sec  (00:00:22)",
              "RawSec": "22"
            },
            "Total": 9,
            "Pass": 9,
            "Fail": 0,
            "Result": "PASSED"
          },
          "roxie": {
            "Elaps": {
              "Formatted": "38 sec  (00:00:38)",
              "RawSec": "38"
            },
            "Total": 24,
            "Pass": 24,
            "Fail": 0,
            "Result": "PASSED"
          }
        }
      },
      {
        "Regress": {
          "Result": "FAILED",
          "Hthor": {
            "Result": "PASSED",
            "Elaps": {
              "Formatted": "406 sec  (00:06:46)",
              "RawSec": "406"
            },
            "Total": 1059,
            "Pass": 1059,
            "Fail": 0
          },
          "Thor": {
            "Result": "FAILED",
            "Elaps": {
              "Formatted": "1532 sec  (00:25:32)",
              "RawSec": "1532"
            },
            "Total": 947,
            "Pass": 946,
            "Fail": 1
          },
          "Roxie": {
            "Result": "FAILED",
            "Elaps": {
              "Formatted": "2567 sec  (00:42:47)",
              "RawSec": "2567"
            },
            "Total": 1156,
            "Pass": 1153,
            "Fail": 3
          }
        }
      },
      {
        "Uninstall": {
          "Elaps": "No data"
        }
      }
    ],
    "Errors": [
      {
        "thor": {
          "loopthor2": {
            "TestId": 524,
            "Wuid": "W20241213-054135",
            "Problem": "Aborted ",
            "Code": "-2",
            "Msg": " reason: Timeout "
          }
        },
        "roxie": {
          "spray_expire_test": {
            "TestId": 831,
            "Wuid": "W20241213-060813-4",
            "Problem": "Exception",
            "Code": "4294967295",
            "Msg": "DropZone Plane not found for host : path /var/lib/HPCCSystems/mydropzone/W20241213-060813-4-spray_input_CSV:"
          }
        }
      },
      {
        "thor": {
          "loopthor2": {
            "TestId": 524,
            "Wuid": "W20241213-054135",
            "Problem": "Aborted ",
            "Code": "-2",
            "Msg": " reason: Timeout "
          }
        },
        "roxie": {
          "spray_expire_test": {
            "TestId": 831,
            "Wuid": "W20241213-060813-4",
            "Problem": "Exception",
            "Code": "4294967295",
            "Msg": "DropZone Plane not found for host : path /var/lib/HPCCSystems/mydropzone/W20241213-060813-4-spray_input_CSV:"
          }
        }
      },
      {
        "thor": {
          "loopthor2": {
            "TestId": 524,
            "Wuid": "W20241213-054135",
            "Problem": "Aborted ",
            "Code": "-2",
            "Msg": " reason: Timeout "
          }
        },
        "roxie": {
          "spray_expire_test": {
            "TestId": 831,
            "Wuid": "W20241213-060813-4",
            "Problem": "Exception",
            "Code": "4294967295",
            "Msg": "DropZone Plane not found for host : path /var/lib/HPCCSystems/mydropzone/W20241213-060813-4-spray_input_CSV:"
          }
        }
      }
    ]
  }
}
