{
  "OBTResult": {
    "Env": {
      "BuildSystem": "Rocky_Linux_8_9",
      "Hardware": "CPU/Cores: 8, RAM: 15 GB",
      "IPAddress": "10.22.254.98 (OBT-AWS04)"
    },
    "BuildSet": {
      "Branch": "master",
      "BranchDate": "Thu Dec 12 16:49:16 2024",
      "BranchSHA": "61189d35899f5052ae44d88cd5a443e24b5f8799",
      "BuildType": "RelWithDebInfo",
      "Target": "BM/VM"
    },
    "Exclusion": {
      "Build": "MAKE_CASSANDRAEMBED, COUCHBASEEMBED, USE_AZURE, USE_AWS, WASMEMBED",
      "Documentation": "not built",
      "Unittest": "JlibReaderWriterTestTiming, AtomicTimingTest, AtomicTimingStressTest",
      "MLtest": "ClassicTestModified.ecl, SVCTest.ecl",
      "Regression": "embedded, 3rdparty, python2, wasmembed*"
    },
    "ThorConfig": {
      "Slaves": "4",
      "Channels": "1"
    },
    "Tasks": [
      {
        "Build": {
          "Result": "PASSED",
          "CMake": {
            "Formatted": "10 sec (00:00:10)",
            "RawSec": "10"
          },
          "Build": {
            "Formatted": "829 sec (00:13:49)",
            "RawSec": "829"
          },
          "Package": {
            "Formatted": "222 sec (00:03:42)",
            "RawSec": "222"
          },
          "Altogether": {
            "Formatted": "1061 sec (00:17:41)",
            "RawSec": "1061"
          }
        }
      },
      {
        "Install": {
          "Elaps": "No data"
        }
      },
      {
        "Unittests": {
          "Result": "FAILED",
          "Elaps": {
            "Formatted": "3034 sec (00:50:34)",
            "RawSec": "3034"
          },
          "Total": 387,
          "Pass": 386,
          "Fail": 1,
          "Error": 0,
          "Timeout": 0
        }
      },
      {
        "Wutooltests": {
          "Result": "PASSED",
          "Elaps": {
            "Formatted": "1 sec (00:00:01)",
            "RawSec": "1"
          },
          "Total": 19,
          "Pass": 19,
          "Fail": 0,
          "Error": 0,
          "Timeout": 0
        }
      },
      {
        "MLtests": {
          "Result": "PASSED",
          "DBSCAN": {
            "Elaps": {
              "Formatted": "9 sec  (00:00:09)",
              "RawSec": "9"
            },
            "Total": 2,
            "Pass": 2,
            "Fail": 0,
            "Result": "PASSED"
          },
          "GLM": {
            "Elaps": {
              "Formatted": "50 sec  (00:00:50)",
              "RawSec": "50"
            },
            "Total": 7,
            "Pass": 7,
            "Fail": 0,
            "Result": "PASSED"
          },
          "GNN": {
            "Elaps": {
              "Formatted": "68 sec  (00:01:08)",
              "RawSec": "68"
            },
            "Total": 4,
            "Pass": 4,
            "Fail": 0,
            "Result": "PASSED"
          },
          "KMeans": {
            "Elaps": {
              "Formatted": "4 sec  (00:00:04)",
              "RawSec": "4"
            },
            "Total": 1,
            "Pass": 1,
            "Fail": 0,
            "Result": "PASSED"
          },
          "LearningTrees": {
            "Elaps": {
              "Formatted": "168 sec  (00:02:48)",
              "RawSec": "168"
            },
            "Total": 3,
            "Pass": 3,
            "Fail": 0,
            "Result": "PASSED"
          },
          "PBblas": {
            "Elaps": {
              "Formatted": "12 sec  (00:00:12)",
              "RawSec": "12"
            },
            "Total": 2,
            "Pass": 2,
            "Fail": 0,
            "Result": "PASSED"
          },
          "SupportVectorMachines": {
            "Elaps": {
              "Formatted": "14 sec  (00:00:14)",
              "RawSec": "14"
            },
            "Total": 1,
            "Pass": 1,
            "Fail": 0,
            "Result": "PASSED"
          },
          "TextVectors": {
            "Elaps": {
              "Formatted": "10 sec  (00:00:10)",
              "RawSec": "10"
            },
            "Total": 5,
            "Pass": 5,
            "Fail": 0,
            "Result": "PASSED"
          }
        }
      },
      {
        "Setup": {
          "Result": "PASSED",
          "hthor": {
            "Elaps": {
              "Formatted": "37 sec  (00:00:37)",
              "RawSec": "37"
            },
            "Total": 9,
            "Pass": 9,
            "Fail": 0,
            "Result": "PASSED"
          },
          "thor": {
            "Elaps": {
              "Formatted": "23 sec  (00:00:23)",
              "RawSec": "23"
            },
            "Total": 9,
            "Pass": 9,
            "Fail": 0,
            "Result": "PASSED"
          },
          "roxie": {
            "Elaps": {
              "Formatted": "37 sec  (00:00:37)",
              "RawSec": "37"
            },
            "Total": 24,
            "Pass": 24,
            "Fail": 0,
            "Result": "PASSED"
          }
        }
      },
      {
        "Regress": {
          "Result": "FAILED",
          "Hthor": {
            "Result": "PASSED",
            "Elaps": {
              "Formatted": "469 sec  (00:07:49)",
              "RawSec": "469"
            },
            "Total": 1020,
            "Pass": 1020,
            "Fail": 0
          },
          "Thor": {
            "Result": "FAILED",
            "Elaps": {
              "Formatted": "945 sec  (00:15:45)",
              "RawSec": "945"
            },
            "Total": 912,
            "Pass": 911,
            "Fail": 1
          },
          "Roxie": {
            "Result": "FAILED",
            "Elaps": {
              "Formatted": "2833 sec  (00:47:13)",
              "RawSec": "2833"
            },
            "Total": 1115,
            "Pass": 1110,
            "Fail": 5
          }
        }
      },
      {
        "Uninstall": {
          "Elaps": "No data"
        }
      }
    ],
    "Errors": [
      {
        "thor": {
          "loopthor2": {
            "TestId": 496,
            "Wuid": "W20241217-054636-1",
            "Problem": "Aborted ",
            "Code": "-2",
            "Msg": " reason: Timeout "
          }
        },
        "roxie": {
          "sqfilt(multiPart=true)": {
            "TestId": 826,
            "Wuid": "W20241217-060318",
            "Problem": "Aborted ",
            "Code": "-2",
            "Msg": " reason: Timeout and retry count exhausted! "
          }
        }
      },
      {
        "thor": {
          "loopthor2": {
            "TestId": 496,
            "Wuid": "W20241217-054636-1",
            "Problem": "Aborted ",
            "Code": "-2",
            "Msg": " reason: Timeout "
          }
        },
        "roxie": {
          "sqfilt(multiPart=true)": {
            "TestId": 826,
            "Wuid": "W20241217-060318",
            "Problem": "Aborted ",
            "Code": "-2",
            "Msg": " reason: Timeout and retry count exhausted! "
          }
        }
      },
      {
        "thor": {
          "loopthor2": {
            "TestId": 496,
            "Wuid": "W20241217-054636-1",
            "Problem": "Aborted ",
            "Code": "-2",
            "Msg": " reason: Timeout "
          }
        },
        "roxie": {
          "sqfilt(multiPart=true)": {
            "TestId": 826,
            "Wuid": "W20241217-060318",
            "Problem": "Aborted ",
            "Code": "-2",
            "Msg": " reason: Timeout and retry count exhausted! "
          }
        }
      }
    ]
  }
}
