{
  "OBTResult": {
    "Env": {
      "BuildSystem": "CentOS_Linux_7",
      "Hardware": "CPU/Cores: 16, RAM: 30 GB",
      "IPAddress": "10.20.0.45 (OBT-AWS02)"
    },
    "BuildSet": {
      "Branch": "candidate-9.4.x",
      "BranchDate": "Thu Dec 5 17:38:50 2024",
      "BranchSHA": "7b120ae9ea2799d9fb6e08be5ce038068cbedc1e",
      "BuildType": "RelWithDebInfo",
      "Target": "BM/VM"
    },
    "Exclusion": {
      "Build": "MAKE_CASSANDRAEMBED, COUCHBASEEMBED, USE_AZURE, USE_AWS",
      "Unittest": "JlibReaderWriterTestTiming, AtomicTimingTest, AtomicTimingStressTest, RWLockStressTest",
      "MLtest": "ClassicTestModified.ecl, SVCTest.ecl",
      "Regression": "embedded-r, embedded-js, 3rdpartyservice, mongodb, python2"
    },
    "ThorConfig": {
      "Slaves": "4",
      "Channels": "1"
    },
    "Tasks": [
      {
        "Build": {
          "Result": "PASSED",
          "CMake": {
            "Formatted": "13 sec (00:00:13)",
            "RawSec": "13"
          },
          "Build": {
            "Formatted": "585 sec (00:09:45)",
            "RawSec": "585"
          },
          "Package": {
            "Formatted": "386 sec (00:06:26)",
            "RawSec": "386"
          },
          "Altogether": {
            "Formatted": "984 sec (00:16:24)",
            "RawSec": "984"
          }
        }
      },
      {
        "Install": {
          "Elaps": "No data"
        }
      },
      {
        "Unittests": {
          "Result": "PASSED",
          "Elaps": {
            "Formatted": "2213 sec (00:36:53)",
            "RawSec": "2213"
          },
          "Total": 359,
          "Pass": 359,
          "Fail": 0,
          "Error": 0,
          "Timeout": 0
        }
      },
      {
        "Wutooltests": {
          "Result": "PASSED",
          "Elaps": {
            "Formatted": "1 sec (00:00:01)",
            "RawSec": "1"
          },
          "Total": 19,
          "Pass": 19,
          "Fail": 0,
          "Error": 0,
          "Timeout": 0
        }
      },
      {
        "MLtests": {
          "Result": "PASSED",
          "DBSCAN": {
            "Elaps": {
              "Formatted": "11 sec  (00:00:11)",
              "RawSec": "11"
            },
            "Total": 2,
            "Pass": 2,
            "Fail": 0,
            "Result": "PASSED"
          },
          "GLM": {
            "Elaps": {
              "Formatted": "88 sec  (00:01:28)",
              "RawSec": "88"
            },
            "Total": 7,
            "Pass": 7,
            "Fail": 0,
            "Result": "PASSED"
          },
          "GNN": {
            "Elaps": {
              "Formatted": "77 sec  (00:01:17)",
              "RawSec": "77"
            },
            "Total": 4,
            "Pass": 4,
            "Fail": 0,
            "Result": "PASSED"
          },
          "KMeans": {
            "Elaps": {
              "Formatted": "5 sec  (00:00:05)",
              "RawSec": "5"
            },
            "Total": 1,
            "Pass": 1,
            "Fail": 0,
            "Result": "PASSED"
          },
          "LearningTrees": {
            "Elaps": {
              "Formatted": "143 sec  (00:02:23)",
              "RawSec": "143"
            },
            "Total": 3,
            "Pass": 3,
            "Fail": 0,
            "Result": "PASSED"
          },
          "PBblas": {
            "Elaps": {
              "Formatted": "19 sec  (00:00:19)",
              "RawSec": "19"
            },
            "Total": 2,
            "Pass": 2,
            "Fail": 0,
            "Result": "PASSED"
          },
          "SupportVectorMachines": {
            "Elaps": {
              "Formatted": "14 sec  (00:00:14)",
              "RawSec": "14"
            },
            "Total": 1,
            "Pass": 1,
            "Fail": 0,
            "Result": "PASSED"
          },
          "TextVectors": {
            "Elaps": {
              "Formatted": "13 sec  (00:00:13)",
              "RawSec": "13"
            },
            "Total": 5,
            "Pass": 5,
            "Fail": 0,
            "Result": "PASSED"
          }
        }
      },
      {
        "Setup": {
          "Result": "PASSED",
          "hthor": {
            "Elaps": {
              "Formatted": "37 sec  (00:00:37)",
              "RawSec": "37"
            },
            "Total": 9,
            "Pass": 9,
            "Fail": 0,
            "Result": "PASSED"
          },
          "thor": {
            "Elaps": {
              "Formatted": "20 sec  (00:00:20)",
              "RawSec": "20"
            },
            "Total": 9,
            "Pass": 9,
            "Fail": 0,
            "Result": "PASSED"
          },
          "roxie": {
            "Elaps": {
              "Formatted": "37 sec  (00:00:37)",
              "RawSec": "37"
            },
            "Total": 24,
            "Pass": 24,
            "Fail": 0,
            "Result": "PASSED"
          }
        }
      },
      {
        "Regress": {
          "Result": "FAILED",
          "Hthor": {
            "Result": "PASSED",
            "Elaps": {
              "Formatted": "412 sec  (00:06:52)",
              "RawSec": "412"
            },
            "Total": 1043,
            "Pass": 1043,
            "Fail": 0
          },
          "Thor": {
            "Result": "PASSED",
            "Elaps": {
              "Formatted": "774 sec  (00:12:54)",
              "RawSec": "774"
            },
            "Total": 932,
            "Pass": 932,
            "Fail": 0
          },
          "Roxie": {
            "Result": "FAILED",
            "Elaps": {
              "Formatted": "547 sec  (00:09:07)",
              "RawSec": "547"
            },
            "Total": 1138,
            "Pass": 1137,
            "Fail": 1
          }
        }
      },
      {
        "Uninstall": {
          "Elaps": "No data"
        }
      }
    ],
    "Errors": [
      {
        "roxie": {
          "stresstext(multiPart=true)": {
            "TestId": 943,
            "Wuid": "W20241207-125736",
            "Problem": "Exception",
            "Code": "1454",
            "Msg": "Failed to get response from server for dynamic file callback"
          }
        }
      }
    ]
  }
}
