{
  "OBTResult": {
    "Env": {
      "BuildSystem": "CentOS_Stream_8",
      "Hardware": "CPU/Cores: 4, RAM: 7 GB",
      "IPAddress": "10.22.254.152 (OBT-AWS03)"
    },
    "BuildSet": {
      "Branch": "candidate-9.6.x",
      "BranchDate": "Thu Dec 5 17:42:03 2024",
      "BranchSHA": "797e82d54a19dde3a5556b697de2759e9aaa1f82",
      "BuildType": "RelWithDebInfo",
      "Target": "BM/VM"
    },
    "Exclusion": {
      "Build": "MAKE_CASSANDRAEMBED, COUCHBASEEMBED, USE_AZURE, USE_AWS, WASMEMBED",
      "Documentation": "not built",
      "Unittest": "JlibReaderWriterTestTiming, AtomicTimingTest, AtomicTimingStressTest",
      "MLtest": "ClassicTestModified.ecl, SVCTest.ecl",
      "Regression": "embedded, 3rdparty, python2, wasmembed*"
    },
    "ThorConfig": {
      "Slaves": "4",
      "Channels": "1"
    },
    "Tasks": [
      {
        "Build": {
          "Result": "PASSED",
          "CMake": {
            "Formatted": "11 sec (00:00:11)",
            "RawSec": "11"
          },
          "Build": {
            "Formatted": "1676 sec (00:27:56)",
            "RawSec": "1676"
          },
          "Package": {
            "Formatted": "250 sec (00:04:10)",
            "RawSec": "250"
          },
          "Altogether": {
            "Formatted": "1937 sec (00:32:17)",
            "RawSec": "1937"
          }
        }
      },
      {
        "Install": {
          "Elaps": "No data"
        }
      },
      {
        "Unittests": {
          "Result": "PASSED",
          "Elaps": {
            "Formatted": "2967 sec (00:49:27)",
            "RawSec": "2967"
          },
          "Total": 375,
          "Pass": 375,
          "Fail": 0,
          "Error": 0,
          "Timeout": 0
        }
      },
      {
        "Wutooltests": {
          "Result": "PASSED",
          "Elaps": {
            "Formatted": "0 sec (00:00:00)",
            "RawSec": "0"
          },
          "Total": 19,
          "Pass": 19,
          "Fail": 0,
          "Error": 0,
          "Timeout": 0
        }
      },
      {
        "MLtests": {
          "Result": "PASSED",
          "DBSCAN": {
            "Elaps": {
              "Formatted": "14 sec  (00:00:14)",
              "RawSec": "14"
            },
            "Total": 2,
            "Pass": 2,
            "Fail": 0,
            "Result": "PASSED"
          },
          "GLM": {
            "Elaps": {
              "Formatted": "84 sec  (00:01:24)",
              "RawSec": "84"
            },
            "Total": 7,
            "Pass": 7,
            "Fail": 0,
            "Result": "PASSED"
          },
          "GNN": {
            "Elaps": {
              "Formatted": "19 sec  (00:00:19)",
              "RawSec": "19"
            },
            "Total": 4,
            "Pass": 4,
            "Fail": 0,
            "Result": "PASSED"
          },
          "KMeans": {
            "Elaps": {
              "Formatted": "6 sec  (00:00:06)",
              "RawSec": "6"
            },
            "Total": 1,
            "Pass": 1,
            "Fail": 0,
            "Result": "PASSED"
          },
          "LearningTrees": {
            "Elaps": {
              "Formatted": "468 sec  (00:07:48)",
              "RawSec": "468"
            },
            "Total": 3,
            "Pass": 3,
            "Fail": 0,
            "Result": "PASSED"
          },
          "PBblas": {
            "Elaps": {
              "Formatted": "19 sec  (00:00:19)",
              "RawSec": "19"
            },
            "Total": 2,
            "Pass": 2,
            "Fail": 0,
            "Result": "PASSED"
          },
          "SupportVectorMachines": {
            "Elaps": {
              "Formatted": "17 sec  (00:00:17)",
              "RawSec": "17"
            },
            "Total": 1,
            "Pass": 1,
            "Fail": 0,
            "Result": "PASSED"
          },
          "TextVectors": {
            "Elaps": {
              "Formatted": "14 sec  (00:00:14)",
              "RawSec": "14"
            },
            "Total": 5,
            "Pass": 5,
            "Fail": 0,
            "Result": "PASSED"
          }
        }
      },
      {
        "Setup": {
          "Result": "PASSED",
          "hthor": {
            "Elaps": {
              "Formatted": "43 sec  (00:00:43)",
              "RawSec": "43"
            },
            "Total": 9,
            "Pass": 9,
            "Fail": 0,
            "Result": "PASSED"
          },
          "thor": {
            "Elaps": {
              "Formatted": "35 sec  (00:00:35)",
              "RawSec": "35"
            },
            "Total": 9,
            "Pass": 9,
            "Fail": 0,
            "Result": "PASSED"
          },
          "roxie": {
            "Elaps": {
              "Formatted": "52 sec  (00:00:52)",
              "RawSec": "52"
            },
            "Total": 24,
            "Pass": 24,
            "Fail": 0,
            "Result": "PASSED"
          }
        }
      },
      {
        "Regress": {
          "Result": "PASSED",
          "Hthor": {
            "Result": "PASSED",
            "Elaps": {
              "Formatted": "1628 sec  (00:27:08)",
              "RawSec": "1628"
            },
            "Total": 1004,
            "Pass": 1004,
            "Fail": 0
          },
          "Thor": {
            "Result": "PASSED",
            "Elaps": {
              "Formatted": "1890 sec  (00:31:30)",
              "RawSec": "1890"
            },
            "Total": 897,
            "Pass": 897,
            "Fail": 0
          },
          "Roxie": {
            "Result": "PASSED",
            "Elaps": {
              "Formatted": "1876 sec  (00:31:16)",
              "RawSec": "1876"
            },
            "Total": 1099,
            "Pass": 1099,
            "Fail": 0
          }
        }
      },
      {
        "Uninstall": {
          "Elaps": "No data"
        }
      }
    ],
    "Errors": []
  }
}
