{
  "OBTResult": {
    "Env": {
      "BuildSystem": "Rocky_Linux_8_9",
      "Hardware": "CPU/Cores: 8, RAM: 15 GB",
      "IPAddress": "10.22.254.98 (OBT-AWS04)"
    },
    "BuildSet": {
      "Branch": "master",
      "BranchDate": "Fri Dec 20 15:25:38 2024",
      "BranchSHA": "b959a451cc3110b8041ebbd3f1ee9c637bb3c411",
      "BuildType": "RelWithDebInfo",
      "Target": "BM/VM"
    },
    "Exclusion": {
      "Build": "MAKE_CASSANDRAEMBED, COUCHBASEEMBED, USE_AZURE, USE_AWS, WASMEMBED",
      "Documentation": "not built",
      "Unittest": "JlibReaderWriterTestTiming, AtomicTimingTest, AtomicTimingStressTest",
      "MLtest": "ClassicTestModified.ecl, SVCTest.ecl",
      "Regression": "embedded, 3rdparty, python2, wasmembed*"
    },
    "ThorConfig": {
      "Slaves": "4",
      "Channels": "1"
    },
    "Tasks": [
      {
        "Build": {
          "Result": "PASSED",
          "CMake": {
            "Formatted": "9 sec (00:00:09)",
            "RawSec": "9"
          },
          "Build": {
            "Formatted": "815 sec (00:13:35)",
            "RawSec": "815"
          },
          "Package": {
            "Formatted": "217 sec (00:03:37)",
            "RawSec": "217"
          },
          "Altogether": {
            "Formatted": "1041 sec (00:17:21)",
            "RawSec": "1041"
          }
        }
      },
      {
        "Install": {
          "Elaps": "No data"
        }
      },
      {
        "Unittests": {
          "Result": "FAILED",
          "Elaps": {
            "Formatted": "2988 sec (00:49:48)",
            "RawSec": "2988"
          },
          "Total": 387,
          "Pass": 386,
          "Fail": 1,
          "Error": 0,
          "Timeout": 0
        }
      },
      {
        "Wutooltests": {
          "Result": "PASSED",
          "Elaps": {
            "Formatted": "1 sec (00:00:01)",
            "RawSec": "1"
          },
          "Total": 19,
          "Pass": 19,
          "Fail": 0,
          "Error": 0,
          "Timeout": 0
        }
      },
      {
        "MLtests": {
          "Result": "PASSED",
          "DBSCAN": {
            "Elaps": {
              "Formatted": "9 sec  (00:00:09)",
              "RawSec": "9"
            },
            "Total": 2,
            "Pass": 2,
            "Fail": 0,
            "Result": "PASSED"
          },
          "GLM": {
            "Elaps": {
              "Formatted": "50 sec  (00:00:50)",
              "RawSec": "50"
            },
            "Total": 7,
            "Pass": 7,
            "Fail": 0,
            "Result": "PASSED"
          },
          "GNN": {
            "Elaps": {
              "Formatted": "68 sec  (00:01:08)",
              "RawSec": "68"
            },
            "Total": 4,
            "Pass": 4,
            "Fail": 0,
            "Result": "PASSED"
          },
          "KMeans": {
            "Elaps": {
              "Formatted": "4 sec  (00:00:04)",
              "RawSec": "4"
            },
            "Total": 1,
            "Pass": 1,
            "Fail": 0,
            "Result": "PASSED"
          },
          "LearningTrees": {
            "Elaps": {
              "Formatted": "165 sec  (00:02:45)",
              "RawSec": "165"
            },
            "Total": 3,
            "Pass": 3,
            "Fail": 0,
            "Result": "PASSED"
          },
          "PBblas": {
            "Elaps": {
              "Formatted": "11 sec  (00:00:11)",
              "RawSec": "11"
            },
            "Total": 2,
            "Pass": 2,
            "Fail": 0,
            "Result": "PASSED"
          },
          "SupportVectorMachines": {
            "Elaps": {
              "Formatted": "14 sec  (00:00:14)",
              "RawSec": "14"
            },
            "Total": 1,
            "Pass": 1,
            "Fail": 0,
            "Result": "PASSED"
          },
          "TextVectors": {
            "Elaps": {
              "Formatted": "10 sec  (00:00:10)",
              "RawSec": "10"
            },
            "Total": 5,
            "Pass": 5,
            "Fail": 0,
            "Result": "PASSED"
          }
        }
      },
      {
        "Setup": {
          "Result": "PASSED",
          "hthor": {
            "Elaps": {
              "Formatted": "37 sec  (00:00:37)",
              "RawSec": "37"
            },
            "Total": 9,
            "Pass": 9,
            "Fail": 0,
            "Result": "PASSED"
          },
          "thor": {
            "Elaps": {
              "Formatted": "22 sec  (00:00:22)",
              "RawSec": "22"
            },
            "Total": 9,
            "Pass": 9,
            "Fail": 0,
            "Result": "PASSED"
          },
          "roxie": {
            "Elaps": {
              "Formatted": "37 sec  (00:00:37)",
              "RawSec": "37"
            },
            "Total": 24,
            "Pass": 24,
            "Fail": 0,
            "Result": "PASSED"
          }
        }
      },
      {
        "Regress": {
          "Result": "PASSED",
          "Hthor": {
            "Result": "PASSED",
            "Elaps": {
              "Formatted": "480 sec  (00:08:00)",
              "RawSec": "480"
            },
            "Total": 1020,
            "Pass": 1020,
            "Fail": 0
          },
          "Thor": {
            "Result": "PASSED",
            "Elaps": {
              "Formatted": "896 sec  (00:14:56)",
              "RawSec": "896"
            },
            "Total": 912,
            "Pass": 912,
            "Fail": 0
          },
          "Roxie": {
            "Result": "PASSED",
            "Elaps": {
              "Formatted": "595 sec  (00:09:55)",
              "RawSec": "595"
            },
            "Total": 1115,
            "Pass": 1115,
            "Fail": 0
          }
        }
      },
      {
        "Uninstall": {
          "Elaps": "No data"
        }
      }
    ],
    "Errors": [
      {}
    ]
  }
}
