{
  "OBTResult": {
    "Env": {
      "BuildSystem": "Rocky_Linux_8_9",
      "Hardware": "CPU/Cores: 8, RAM: 15 GB",
      "IPAddress": "10.22.254.98 (OBT-AWS04)"
    },
    "BuildSet": {
      "Branch": "candidate-9.8.x",
      "BranchDate": "Fri Dec 20 13:32:09 2024",
      "BranchSHA": "fc98a1c17b1edee7e01c2117117caa56d27c824c",
      "BuildType": "Debug",
      "Target": "BM/VM"
    },
    "Exclusion": {
      "Build": "MAKE_CASSANDRAEMBED, COUCHBASEEMBED, USE_AZURE, USE_AWS, WASMEMBED",
      "Documentation": "not built",
      "Unittest": "JlibReaderWriterTestTiming, AtomicTimingTest, AtomicTimingStressTest",
      "MLtest": "ClassicTestModified.ecl, SVCTest.ecl"
    },
    "ThorConfig": {
      "Slaves": "4",
      "Channels": "1"
    },
    "Tasks": [
      {
        "Build": {
          "Result": "FAILED",
          "CMake": {
            "Formatted": "4 sec (00:00:04)",
            "RawSec": "4"
          },
          "Build": {
            "Formatted": "0 sec (00:00:00)",
            "RawSec": "0"
          },
          "Package": {
            "Formatted": "0 sec (00:00:00)",
            "RawSec": "0"
          },
          "Altogether": {
            "Formatted": "4 sec (00:00:04)",
            "RawSec": "4"
          }
        }
      }
    ],
    "Errors": []
  }
}
