{
  "OBTResult": {
    "Env": {
      "BuildSystem": "CentOS_Stream_8",
      "Hardware": "CPU/Cores: 4, RAM: 7 GB",
      "IPAddress": "10.22.254.152 (OBT-AWS03)"
    },
    "BuildSet": {
      "Branch": "master",
      "BranchDate": "Thu Dec 12 16:49:16 2024",
      "BranchSHA": "61189d35899f5052ae44d88cd5a443e24b5f8799",
      "BuildType": "RelWithDebInfo",
      "Target": "BM/VM"
    },
    "Exclusion": {
      "Build": "MAKE_CASSANDRAEMBED, COUCHBASEEMBED, USE_AZURE, USE_AWS, WASMEMBED",
      "Documentation": "not built",
      "Unittest": "JlibReaderWriterTestTiming, AtomicTimingTest, AtomicTimingStressTest",
      "MLtest": "ClassicTestModified.ecl, SVCTest.ecl",
      "Regression": "embedded, 3rdparty, python2, wasmembed*"
    },
    "ThorConfig": {
      "Slaves": "4",
      "Channels": "1"
    },
    "Tasks": [
      {
        "Build": {
          "Result": "PASSED",
          "CMake": {
            "Formatted": "10 sec (00:00:10)",
            "RawSec": "10"
          },
          "Build": {
            "Formatted": "1747 sec (00:29:07)",
            "RawSec": "1747"
          },
          "Package": {
            "Formatted": "280 sec (00:04:40)",
            "RawSec": "280"
          },
          "Altogether": {
            "Formatted": "2037 sec (00:33:57)",
            "RawSec": "2037"
          }
        }
      },
      {
        "Install": {
          "Elaps": "No data"
        }
      },
      {
        "Unittests": {
          "Result": "FAILED",
          "Elaps": {
            "Formatted": "3008 sec (00:50:08)",
            "RawSec": "3008"
          },
          "Total": 387,
          "Pass": 386,
          "Fail": 1,
          "Error": 0,
          "Timeout": 0
        }
      },
      {
        "Wutooltests": {
          "Result": "PASSED",
          "Elaps": {
            "Formatted": "1 sec (00:00:01)",
            "RawSec": "1"
          },
          "Total": 19,
          "Pass": 19,
          "Fail": 0,
          "Error": 0,
          "Timeout": 0
        }
      },
      {
        "MLtests": {
          "Result": "FAILED",
          "DBSCAN": {
            "Elaps": {
              "Formatted": "12 sec  (00:00:12)",
              "RawSec": "12"
            },
            "Total": 2,
            "Pass": 2,
            "Fail": 0,
            "Result": "PASSED"
          },
          "GLM": {
            "Elaps": {
              "Formatted": "63 sec  (00:01:03)",
              "RawSec": "63"
            },
            "Total": 7,
            "Pass": 7,
            "Fail": 0,
            "Result": "PASSED"
          },
          "GNN": {
            "Elaps": {
              "Formatted": "19 sec  (00:00:19)",
              "RawSec": "19"
            },
            "Total": 4,
            "Pass": 4,
            "Fail": 0,
            "Result": "PASSED"
          },
          "KMeans": {
            "Elaps": {
              "Formatted": "5 sec  (00:00:05)",
              "RawSec": "5"
            },
            "Total": 1,
            "Pass": 1,
            "Fail": 0,
            "Result": "PASSED"
          },
          "LearningTrees": {
            "Elaps": {
              "Formatted": "315 sec  (00:05:15)",
              "RawSec": "315"
            },
            "Total": 3,
            "Pass": 3,
            "Fail": 0,
            "Result": "PASSED"
          },
          "PBblas": {
            "Elaps": {
              "Formatted": "14 sec  (00:00:14)",
              "RawSec": "14"
            },
            "Total": 2,
            "Pass": 1,
            "Fail": 1,
            "Result": "FAILED"
          },
          "SupportVectorMachines": {
            "Elaps": {
              "Formatted": "77 sec  (00:01:17)",
              "RawSec": "77"
            },
            "Total": 1,
            "Pass": 1,
            "Fail": 0,
            "Result": "FAILED"
          },
          "TextVectors": {
            "Elaps": {
              "Formatted": "14 sec  (00:00:14)",
              "RawSec": "14"
            },
            "Total": 5,
            "Pass": 5,
            "Fail": 0,
            "Result": "FAILED"
          }
        }
      },
      {
        "Setup": {
          "Result": "PASSED",
          "hthor": {
            "Elaps": {
              "Formatted": "44 sec  (00:00:44)",
              "RawSec": "44"
            },
            "Total": 9,
            "Pass": 9,
            "Fail": 0,
            "Result": "PASSED"
          },
          "thor": {
            "Elaps": {
              "Formatted": "40 sec  (00:00:40)",
              "RawSec": "40"
            },
            "Total": 9,
            "Pass": 9,
            "Fail": 0,
            "Result": "PASSED"
          },
          "roxie": {
            "Elaps": {
              "Formatted": "54 sec  (00:00:54)",
              "RawSec": "54"
            },
            "Total": 24,
            "Pass": 24,
            "Fail": 0,
            "Result": "PASSED"
          }
        }
      },
      {
        "Regress": {
          "Result": "FAILED",
          "Hthor": {
            "Result": "PASSED",
            "Elaps": {
              "Formatted": "1728 sec  (00:28:48)",
              "RawSec": "1728"
            },
            "Total": 1020,
            "Pass": 1020,
            "Fail": 0
          },
          "Thor": {
            "Result": "PASSED",
            "Elaps": {
              "Formatted": "1879 sec  (00:31:19)",
              "RawSec": "1879"
            },
            "Total": 912,
            "Pass": 912,
            "Fail": 0
          },
          "Roxie": {
            "Result": "FAILED",
            "Elaps": {
              "Formatted": "2006 sec  (00:33:26)",
              "RawSec": "2006"
            },
            "Total": 1115,
            "Pass": 1114,
            "Fail": 1
          }
        }
      },
      {
        "Uninstall": {
          "Elaps": "No data"
        }
      }
    ],
    "Errors": [
      {
        "thor": {
          "ConfTest2": {
            "TestId": 2,
            "Wuid": "W20241217-054845",
            "Problem": "Exception",
            "Code": "eclagent",
            "Msg": "System error: 0: Graph graph1[226], project[230]: WORKER #4 [10:22:254:152:20160]: Not a positive definite matrix,  - caused by (0, Not a positive definite matrix)"
          }
        },
        "roxie": {
          "spray_test_xml(xml_header='short',xml_footer='none')": {
            "TestId": 806,
            "Wuid": "W20241217-071647",
            "Problem": "Exception",
            "Code": "4294967295",
            "Msg": "DropZone Plane not found for host : path /var/lib/HPCCSystems/mydropzone/W20241217-071647-desprayed_xml:"
          }
        }
      },
      {
        "thor": {
          "ConfTest2": {
            "TestId": 2,
            "Wuid": "W20241217-054845",
            "Problem": "Exception",
            "Code": "eclagent",
            "Msg": "System error: 0: Graph graph1[226], project[230]: WORKER #4 [10:22:254:152:20160]: Not a positive definite matrix,  - caused by (0, Not a positive definite matrix)"
          }
        },
        "roxie": {
          "spray_test_xml(xml_header='short',xml_footer='none')": {
            "TestId": 806,
            "Wuid": "W20241217-071647",
            "Problem": "Exception",
            "Code": "4294967295",
            "Msg": "DropZone Plane not found for host : path /var/lib/HPCCSystems/mydropzone/W20241217-071647-desprayed_xml:"
          }
        }
      },
      {
        "thor": {
          "ConfTest2": {
            "TestId": 2,
            "Wuid": "W20241217-054845",
            "Problem": "Exception",
            "Code": "eclagent",
            "Msg": "System error: 0: Graph graph1[226], project[230]: WORKER #4 [10:22:254:152:20160]: Not a positive definite matrix,  - caused by (0, Not a positive definite matrix)"
          }
        },
        "roxie": {
          "spray_test_xml(xml_header='short',xml_footer='none')": {
            "TestId": 806,
            "Wuid": "W20241217-071647",
            "Problem": "Exception",
            "Code": "4294967295",
            "Msg": "DropZone Plane not found for host : path /var/lib/HPCCSystems/mydropzone/W20241217-071647-desprayed_xml:"
          }
        }
      },
      {
        "thor": {
          "ConfTest2": {
            "TestId": 2,
            "Wuid": "W20241217-054845",
            "Problem": "Exception",
            "Code": "eclagent",
            "Msg": "System error: 0: Graph graph1[226], project[230]: WORKER #4 [10:22:254:152:20160]: Not a positive definite matrix,  - caused by (0, Not a positive definite matrix)"
          }
        },
        "roxie": {
          "spray_test_xml(xml_header='short',xml_footer='none')": {
            "TestId": 806,
            "Wuid": "W20241217-071647",
            "Problem": "Exception",
            "Code": "4294967295",
            "Msg": "DropZone Plane not found for host : path /var/lib/HPCCSystems/mydropzone/W20241217-071647-desprayed_xml:"
          }
        }
      },
      {
        "thor": {
          "ConfTest2": {
            "TestId": 2,
            "Wuid": "W20241217-054845",
            "Problem": "Exception",
            "Code": "eclagent",
            "Msg": "System error: 0: Graph graph1[226], project[230]: WORKER #4 [10:22:254:152:20160]: Not a positive definite matrix,  - caused by (0, Not a positive definite matrix)"
          }
        },
        "roxie": {
          "spray_test_xml(xml_header='short',xml_footer='none')": {
            "TestId": 806,
            "Wuid": "W20241217-071647",
            "Problem": "Exception",
            "Code": "4294967295",
            "Msg": "DropZone Plane not found for host : path /var/lib/HPCCSystems/mydropzone/W20241217-071647-desprayed_xml:"
          }
        }
      },
      {
        "thor": {
          "ConfTest2": {
            "TestId": 2,
            "Wuid": "W20241217-054845",
            "Problem": "Exception",
            "Code": "eclagent",
            "Msg": "System error: 0: Graph graph1[226], project[230]: WORKER #4 [10:22:254:152:20160]: Not a positive definite matrix,  - caused by (0, Not a positive definite matrix)"
          }
        },
        "roxie": {
          "spray_test_xml(xml_header='short',xml_footer='none')": {
            "TestId": 806,
            "Wuid": "W20241217-071647",
            "Problem": "Exception",
            "Code": "4294967295",
            "Msg": "DropZone Plane not found for host : path /var/lib/HPCCSystems/mydropzone/W20241217-071647-desprayed_xml:"
          }
        }
      },
      {
        "thor": {
          "ConfTest2": {
            "TestId": 2,
            "Wuid": "W20241217-054845",
            "Problem": "Exception",
            "Code": "eclagent",
            "Msg": "System error: 0: Graph graph1[226], project[230]: WORKER #4 [10:22:254:152:20160]: Not a positive definite matrix,  - caused by (0, Not a positive definite matrix)"
          }
        },
        "roxie": {
          "spray_test_xml(xml_header='short',xml_footer='none')": {
            "TestId": 806,
            "Wuid": "W20241217-071647",
            "Problem": "Exception",
            "Code": "4294967295",
            "Msg": "DropZone Plane not found for host : path /var/lib/HPCCSystems/mydropzone/W20241217-071647-desprayed_xml:"
          }
        }
      },
      {
        "thor": {
          "ConfTest2": {
            "TestId": 2,
            "Wuid": "W20241217-054845",
            "Problem": "Exception",
            "Code": "eclagent",
            "Msg": "System error: 0: Graph graph1[226], project[230]: WORKER #4 [10:22:254:152:20160]: Not a positive definite matrix,  - caused by (0, Not a positive definite matrix)"
          }
        },
        "roxie": {
          "spray_test_xml(xml_header='short',xml_footer='none')": {
            "TestId": 806,
            "Wuid": "W20241217-071647",
            "Problem": "Exception",
            "Code": "4294967295",
            "Msg": "DropZone Plane not found for host : path /var/lib/HPCCSystems/mydropzone/W20241217-071647-desprayed_xml:"
          }
        }
      },
      {
        "thor": {
          "ConfTest2": {
            "TestId": 2,
            "Wuid": "W20241217-054845",
            "Problem": "Exception",
            "Code": "eclagent",
            "Msg": "System error: 0: Graph graph1[226], project[230]: WORKER #4 [10:22:254:152:20160]: Not a positive definite matrix,  - caused by (0, Not a positive definite matrix)"
          }
        },
        "roxie": {
          "spray_test_xml(xml_header='short',xml_footer='none')": {
            "TestId": 806,
            "Wuid": "W20241217-071647",
            "Problem": "Exception",
            "Code": "4294967295",
            "Msg": "DropZone Plane not found for host : path /var/lib/HPCCSystems/mydropzone/W20241217-071647-desprayed_xml:"
          }
        }
      },
      {
        "thor": {
          "ConfTest2": {
            "TestId": 2,
            "Wuid": "W20241217-054845",
            "Problem": "Exception",
            "Code": "eclagent",
            "Msg": "System error: 0: Graph graph1[226], project[230]: WORKER #4 [10:22:254:152:20160]: Not a positive definite matrix,  - caused by (0, Not a positive definite matrix)"
          }
        },
        "roxie": {
          "spray_test_xml(xml_header='short',xml_footer='none')": {
            "TestId": 806,
            "Wuid": "W20241217-071647",
            "Problem": "Exception",
            "Code": "4294967295",
            "Msg": "DropZone Plane not found for host : path /var/lib/HPCCSystems/mydropzone/W20241217-071647-desprayed_xml:"
          }
        }
      }
    ]
  }
}
