{
  "OBTResult": {
    "Env": {
      "BuildSystem": "CentOS_Linux_7",
      "Hardware": "CPU/Cores: 16, RAM: 30 GB",
      "IPAddress": "10.20.0.45 (OBT-AWS02)"
    },
    "BuildSet": {
      "Branch": "candidate-9.2.x",
      "BranchDate": "Wed Dec 18 14:23:21 2024",
      "BranchSHA": "0b7881cf3da3b33004fc54dab9a1f17ec28ecbf8",
      "BuildType": "RelWithDebInfo",
      "Target": "BM/VM"
    },
    "Exclusion": {
      "Build": "MAKE_CASSANDRAEMBED, COUCHBASEEMBED, USE_AZURE, USE_AWS",
      "Unittest": "JlibReaderWriterTestTiming, AtomicTimingTest, AtomicTimingStressTest, RWLockStressTest",
      "MLtest": "ClassicTestModified.ecl, SVCTest.ecl",
      "Regression": "embedded-r, embedded-js, 3rdpartyservice, mongodb, python2"
    },
    "ThorConfig": {
      "Slaves": "4",
      "Channels": "1"
    },
    "Tasks": [
      {
        "Build": {
          "Result": "PASSED",
          "CMake": {
            "Formatted": "11 sec (00:00:11)",
            "RawSec": "11"
          },
          "Build": {
            "Formatted": "634 sec (00:10:34)",
            "RawSec": "634"
          },
          "Package": {
            "Formatted": "354 sec (00:05:54)",
            "RawSec": "354"
          },
          "Altogether": {
            "Formatted": "999 sec (00:16:39)",
            "RawSec": "999"
          }
        }
      },
      {
        "Install": {
          "Elaps": "No data"
        }
      },
      {
        "Unittests": {
          "Result": "PASSED",
          "Elaps": {
            "Formatted": "2162 sec (00:36:02)",
            "RawSec": "2162"
          },
          "Total": 333,
          "Pass": 333,
          "Fail": 0,
          "Error": 0,
          "Timeout": 0
        }
      },
      {
        "Wutooltests": {
          "Result": "PASSED",
          "Elaps": {
            "Formatted": "1 sec (00:00:01)",
            "RawSec": "1"
          },
          "Total": 19,
          "Pass": 19,
          "Fail": 0,
          "Error": 0,
          "Timeout": 0
        }
      },
      {
        "MLtests": {
          "Result": "PASSED",
          "DBSCAN": {
            "Elaps": {
              "Formatted": "371 sec  (00:06:11)",
              "RawSec": "371"
            },
            "Total": 2,
            "Pass": 2,
            "Fail": 0,
            "Result": "PASSED"
          },
          "GLM": {
            "Elaps": {
              "Formatted": "89 sec  (00:01:29)",
              "RawSec": "89"
            },
            "Total": 7,
            "Pass": 7,
            "Fail": 0,
            "Result": "PASSED"
          },
          "GNN": {
            "Elaps": {
              "Formatted": "16 sec  (00:00:16)",
              "RawSec": "16"
            },
            "Total": 4,
            "Pass": 4,
            "Fail": 0,
            "Result": "PASSED"
          },
          "KMeans": {
            "Elaps": {
              "Formatted": "5 sec  (00:00:05)",
              "RawSec": "5"
            },
            "Total": 1,
            "Pass": 1,
            "Fail": 0,
            "Result": "PASSED"
          },
          "LearningTrees": {
            "Elaps": {
              "Formatted": "472 sec  (00:07:52)",
              "RawSec": "472"
            },
            "Total": 3,
            "Pass": 3,
            "Fail": 0,
            "Result": "PASSED"
          },
          "PBblas": {
            "Elaps": {
              "Formatted": "260 sec  (00:04:20)",
              "RawSec": "260"
            },
            "Total": 2,
            "Pass": 2,
            "Fail": 0,
            "Result": "PASSED"
          },
          "SupportVectorMachines": {
            "Elaps": {
              "Formatted": "15 sec  (00:00:15)",
              "RawSec": "15"
            },
            "Total": 1,
            "Pass": 1,
            "Fail": 0,
            "Result": "PASSED"
          },
          "TextVectors": {
            "Elaps": {
              "Formatted": "2173 sec  (00:36:13)",
              "RawSec": "2173"
            },
            "Total": 5,
            "Pass": 5,
            "Fail": 0,
            "Result": "PASSED"
          }
        }
      },
      {
        "Setup": {
          "Result": "PASSED",
          "hthor": {
            "Elaps": {
              "Formatted": "41 sec  (00:00:41)",
              "RawSec": "41"
            },
            "Total": 9,
            "Pass": 9,
            "Fail": 0,
            "Result": "PASSED"
          },
          "thor": {
            "Elaps": {
              "Formatted": "22 sec  (00:00:22)",
              "RawSec": "22"
            },
            "Total": 9,
            "Pass": 9,
            "Fail": 0,
            "Result": "PASSED"
          },
          "roxie": {
            "Elaps": {
              "Formatted": "39 sec  (00:00:39)",
              "RawSec": "39"
            },
            "Total": 24,
            "Pass": 24,
            "Fail": 0,
            "Result": "PASSED"
          }
        }
      },
      {
        "Regress": {
          "Result": "FAILED",
          "Hthor": {
            "Result": "PASSED",
            "Elaps": {
              "Formatted": "404 sec  (00:06:44)",
              "RawSec": "404"
            },
            "Total": 1036,
            "Pass": 1036,
            "Fail": 0
          },
          "Thor": {
            "Result": "FAILED",
            "Elaps": {
              "Formatted": "813 sec  (00:13:33)",
              "RawSec": "813"
            },
            "Total": 926,
            "Pass": 925,
            "Fail": 1
          },
          "Roxie": {
            "Result": "FAILED",
            "Elaps": {
              "Formatted": "535 sec  (00:08:55)",
              "RawSec": "535"
            },
            "Total": 1126,
            "Pass": 1125,
            "Fail": 1
          }
        }
      },
      {
        "Uninstall": {
          "Elaps": "No data"
        }
      }
    ],
    "Errors": [
      {
        "thor": {
          "loopthor2": {
            "TestId": 520,
            "Wuid": "W20241226-150952",
            "Problem": "Exception",
            "Code": "10034",
            "Msg": "System error: 10034: Graph graph1[26], join[30]: Graph graph1[26], join[30]: CSortMaster::ConnectSlaves: Could not connect to 10:20:0:45:20141, Master exception - caused by (10034, Graph graph1[26], join[30]: CSortMaster::ConnectSlaves: Could not connect to 10:20:0:45:20141)"
          }
        },
        "roxie": {
          "stresstext(multiPart=true)": {
            "TestId": 933,
            "Wuid": "W20241226-152459-2",
            "Problem": "Exception",
            "Code": "1454",
            "Msg": "Failed to get response from server for dynamic file callback"
          }
        }
      },
      {
        "thor": {
          "loopthor2": {
            "TestId": 520,
            "Wuid": "W20241226-150952",
            "Problem": "Exception",
            "Code": "10034",
            "Msg": "System error: 10034: Graph graph1[26], join[30]: Graph graph1[26], join[30]: CSortMaster::ConnectSlaves: Could not connect to 10:20:0:45:20141, Master exception - caused by (10034, Graph graph1[26], join[30]: CSortMaster::ConnectSlaves: Could not connect to 10:20:0:45:20141)"
          }
        },
        "roxie": {
          "stresstext(multiPart=true)": {
            "TestId": 933,
            "Wuid": "W20241226-152459-2",
            "Problem": "Exception",
            "Code": "1454",
            "Msg": "Failed to get response from server for dynamic file callback"
          }
        }
      }
    ]
  }
}
