{
  "OBTResult": {
    "Env": {
      "BuildSystem": "CentOS_Linux_7",
      "Hardware": "vCPU: 8, RAM: 16 GB",
      "IPAddress": "10.20.0.45"
    },
    "Remote": {
      "System": "Minikube",
      "Hardware": "CPU/Cores: 16, RAM: 64 GB",
      "HthorConfig": {
        "Replicas": "3",
        "MaxActive": "4",
        "UseChildProcesses": "true",
        "AllowedPipePrograms": "*"
      },
      "ThorConfig": {
        "NumWorkers": "2",
        "MaxJobs": "4",
        "MaxGraph": "2",
        "MultiJobLinger": "true",
        "LingerPeriod": "200",
        "AllowedPipePrograms": "*"
      },
      "RoxieWorkunitConfig": {
        "Replicas": "1",
        "MaxActive": "20",
        "UseChildProcesses": "true",
        "AllowedPipePrograms": "*"
      }
    },
    "BuildSet": {
      "Branch": "community_9.8.44-1 Gold",
      "BranchDate": "N/A",
      "BranchSHA": "N/A",
      "BuildType": "Release",
      "Target": "K8s"
    },
    "Exclusion": {
      "Build": "N/A",
      "Documentation": "N/A",
      "Unittest": "N/A",
      "MLtest": "N/A",
      "Regression": "--ef pipefail.ecl -e embedded-r,embedded-js,3rdpartyservice,mongodb,spray"
    },
    "Tasks": [
      {
        "UpdateHelmRepo": {
          "Result": "Done",
          "Elaps": {
            "Formatted": "1 sec 1 sec (00:00:01)",
            "RawSec": "1"
          }
        }
      },
      {
        "CheckLocalPlatform": {
          "Result": "Done",
          "Version": "",
          "Elaps": {
            "Formatted": "39 sec 39 sec (00:00:39)",
            "RawSec": "39"
          }
        }
      },
      {
        "StartMinikube": {
          "Result": "Done",
          "Elaps": {
            "Formatted": "28 sec 28 sec (00:00:28)",
            "RawSec": "28"
          }
        }
      },
      {
        "DeployHPCC": {
          "Result": "Done",
          "Elaps": {
            "Formatted": "2 sec 2 sec (00:00:02)",
            "RawSec": "2"
          }
        }
      },
      {
        "WaitForPODs": {
          "Result": "Done",
          "NumberOfPODs": 29,
          "Elaps": {
            "Formatted": "151 sec 151 sec (00:02:31)",
            "RawSec": "151"
          }
        }
      },
      {
        "ECLWatchAnnotation": {
          "Result": "",
          "Elaps": {
            "Formatted": "39 sec 39 sec (00:00:39)",
            "RawSec": "39"
          }
        }
      },
      {
        "Setup": {
          "Result": "PASSED",
          "hthor": {
            "Elaps": {
              "Formatted": "0 sec (00:00:00)",
              "RawSec": "0"
            },
            "Total": 0,
            "Pass": 0,
            "Fail": 0,
            "Result": "N/A"
          },
          "thor": {
            "Elaps": {
              "Formatted": "90 sec (00:01:30)",
              "RawSec": "90"
            },
            "Total": 9,
            "Pass": 9,
            "Fail": 0,
            "Result": "PASSED"
          },
          "roxie": {
            "Elaps": {
              "Formatted": "76 sec (00:01:16)",
              "RawSec": "76"
            },
            "Total": 24,
            "Pass": 24,
            "Fail": 0,
            "Result": "PASSED"
          }
        }
      },
      {
        " PublishQueries": {
          "Result": "Done",
          "Total": 15,
          "Elaps": {
            "Formatted": "31 sec 31 sec (00:00:31)",
            "RawSec": "31"
          }
        }
      },
      {
        "Regress": {
          "Result": "FAILED",
          "Hthor": {
            "Result": "FAILED",
            "Elaps": {
              "Formatted": "1906 sec (00:31:46)",
              "RawSec": "1906"
            },
            "Total": 1050,
            "Pass": 1049,
            "Fail": 1
          },
          "Thor": {
            "Result": "FAILED",
            "Elaps": {
              "Formatted": "1947 sec (00:32:27)",
              "RawSec": "1947"
            },
            "Total": 937,
            "Pass": 935,
            "Fail": 2
          },
          "Roxie": {
            "Result": "FAILED",
            "Elaps": {
              "Formatted": "2867 sec (00:47:47)",
              "RawSec": "2867"
            },
            "Total": 1124,
            "Pass": 1116,
            "Fail": 8
          }
        }
      },
      {
        "CollectTimings": {
          "Result": "Done",
          "Elaps": {
            "Formatted": "24 sec 24 sec (00:00:24).",
            "RawSec": "24"
          }
        }
      },
      {
        "CollectPODLogs": {
          "Result": "Done",
          "Elaps": {
            "Formatted": "23 sec 23 sec (00:00:23).",
            "RawSec": "23"
          }
        }
      },
      {
        "UninstallPODs": {
          "Result": "Done",
          "Elaps": {
            "Formatted": "101 sec 101 sec (00:01:41)",
            "RawSec": "101"
          }
        }
      },
      {
        "StopMinikube": {
          "Result": "Done",
          "Elaps": {
            "Formatted": "7 sec 7 sec (00:00:07).",
            "RawSec": "7"
          }
        }
      },
      {
        "RunLogProcessor": {
          "Result": "Done",
          "Elaps": {
            "Formatted": "0 sec 0 sec (00:00:00).",
            "RawSec": "0"
          }
        }
      }
    ],
    "Errors": [
      {
        "HthorRegress": [
          "[Failure] 140. Fail cryptoplugin_pke_lfn.ecl - W20241211-173600 (1 sec)"
        ]
      },
      {
        "ThorRegress": [
          "[Failure] 137. Fail cryptoplugin_pke_lfn.ecl - W20241211-180711-2 (2 sec)",
          "[Failure] 257. Fail external.ecl - W20241211-180941 (2 sec)"
        ]
      },
      {
        "RoxieRegress": [
          "[Failure] 151. Fail cryptoplugin_pke_lfn.ecl - W20241211-184232 (3 sec)",
          "[Failure] 284. Fail external.ecl - W20241211-184618-5 (3 sec)",
          "[Failure] 286. Fail externalplane.ecl - W20241211-184622 (3 sec)",
          "[Failure] 726. Fail rewrite.ecl - W20241211-190135 (3 sec)",
          "[Failure] 1082. Fail workflow_9b.ecl ( version: parallel=false ) - W20241211-192156 (3 sec)",
          "[Failure] 1083. Fail workflow_9b.ecl ( version: parallel=true ) - W20241211-192159 (3 sec)",
          "[Failure] 1085. Fail workflow_9c.ecl ( version: parallel=true ) - W20241211-192202 (62 sec)",
          "[Failure] 1084. Fail workflow_9c.ecl ( version: parallel=false ) - W20241211-192159-5 (91 sec)"
        ]
      }
    ]
  }
}
