{
  "OBTResult": {
    "Env": {
      "BuildSystem": "Ubuntu_22_04_5_LTS",
      "Hardware": "CPU/Cores: 8, RAM: 16 GB",
      "IPAddress": "192.168.1.54"
    },
    "Remote": {
      "System": "AKS",
      "VmSize": "Standard_D16s_v4",
      "Hardware": "CPU/Cores: 16, RAM: 64 GB",
      "HthorConfig": {
        "Replicas": "3",
        "MaxActive": "4",
        "UseChildProcesses": "true",
        "AllowedPipePrograms": "*"
      },
      "ThorConfig": {
        "NumWorkers": "2",
        "MaxJobs": "4",
        "MaxGraph": "2",
        "MultiJobLinger": "true",
        "LingerPeriod": "200",
        "AllowedPipePrograms": "*"
      },
      "RoxieWorkunitConfig": {
        "Replicas": "1",
        "MaxActive": "20",
        "UseChildProcesses": "true",
        "AllowedPipePrograms": "*"
      }
    },
    "BuildSet": {
      "Branch": "community_9.8.46-rc1",
      "BranchDate": "N/A",
      "BranchSHA": "N/A",
      "BuildType": "Release",
      "Target": "K8s"
    },
    "Exclusion": {
      "Build": "N/A",
      "Documentation": "N/A",
      "Unittest": "N/A",
      "MLtest": "N/A",
      "Regression": "--ef pipefail.ecl -e embedded-r,embedded-js,3rdpartyservice,mongodb,spray"
    },
    "Tasks": [
      {
        "UpdateHelmRepo": {
          "Result": "Done",
          "Elaps": {
            "Formatted": "5 sec (00:00:05)",
            "RawSec": "5"
          }
        }
      },
      {
        "UpgradeTerraform": {
          "Result": "Done",
          "Version": "Terraform v1.10.2",
          "Elaps": {
            "Formatted": "46 sec (00:00:46)",
            "RawSec": "46"
          }
        }
      },
      {
        "CreateVirtualNetwork": {
          "Result": "Done (retCode: 0)",
          "NumberOfResources": 11,
          "Elaps": {
            "Formatted": "106 sec (00:01:46)",
            "RawSec": "106"
          }
        }
      },
      {
        "CreateStorage": {
          "Result": "Done (retCode: 0)",
          "NumberOfResources": 16,
          "Elaps": {
            "Formatted": "180 sec (00:03:00)",
            "RawSec": "180"
          }
        }
      },
      {
        "CreateAKS": {
          "Result": "Done",
          "NumberOfResources": 20,
          "Elaps": {
            "Formatted": "491 sec (00:08:11)",
            "RawSec": "491"
          }
        }
      },
      {
        "ECLWatchAnnotation": {
          "Result": "Done",
          "Elaps": {
            "Formatted": "65 sec (00:01:05)",
            "RawSec": "65"
          }
        }
      },
      {
        "Setup": {
          "Result": "PASSED",
          "hthor": {
            "Elaps": {
              "Formatted": "0 sec (00:00:00)",
              "RawSec": "0"
            },
            "Total": 0,
            "Pass": 0,
            "Fail": 0,
            "Result": "N/A"
          },
          "thor": {
            "Elaps": {
              "Formatted": "110 sec (00:01:50)",
              "RawSec": "110"
            },
            "Total": 9,
            "Pass": 9,
            "Fail": 0,
            "Result": "PASSED"
          },
          "roxie": {
            "Elaps": {
              "Formatted": "117 sec (00:01:57)",
              "RawSec": "117"
            },
            "Total": 24,
            "Pass": 24,
            "Fail": 0,
            "Result": "PASSED"
          }
        }
      },
      {
        "PublishQueries": {
          "Result": "Done",
          "Total": 15,
          "Elaps": {
            "Formatted": "89 sec (00:01:29)",
            "RawSec": "89"
          }
        }
      },
      {
        "Regress": {
          "Result": "FAILED",
          "Hthor": {
            "Result": "FAILED",
            "Elaps": {
              "Formatted": "4279 sec (01:11:19)",
              "RawSec": "4279"
            },
            "Total": 1050,
            "Pass": 1049,
            "Fail": 1
          },
          "Thor": {
            "Result": "FAILED",
            "Elaps": {
              "Formatted": "4076 sec (01:07:56)",
              "RawSec": "4076"
            },
            "Total": 937,
            "Pass": 935,
            "Fail": 2
          },
          "Roxie": {
            "Result": "FAILED",
            "Elaps": {
              "Formatted": "5127 sec (01:25:27)",
              "RawSec": "5127"
            },
            "Total": 1124,
            "Pass": 1072,
            "Fail": 52
          }
        }
      },
      {
        "CollectTimings": {
          "Result": "Done",
          "Elaps": {
            "Formatted": "1026 sec (00:17:06).",
            "RawSec": "1026"
          }
        }
      },
      {
        "CollectPODLogs": {
          "Result": "Done",
          "Elaps": {
            "Formatted": "305 sec (00:05:05).",
            "RawSec": "305"
          }
        }
      },
      {
        "DestroyAKS": {
          "Result": "Done (retCode: 0)",
          "NumberOfResources": 20,
          "Elaps": {
            "Formatted": "511 sec (00:08:31)",
            "RawSec": "511"
          }
        }
      },
      {
        "DestroyStorage": {
          "Result": "Done (retCode: 0)",
          "NumberOfResources": 16,
          "Elaps": {
            "Formatted": "124 sec (00:02:04)",
            "RawSec": "124"
          }
        }
      },
      {
        "DestroyVirtualNetwork": {
          "Result": "Done (retCode: 0)",
          "NumberOfResources": 11,
          "Elaps": {
            "Formatted": "160 sec (00:02:40)",
            "RawSec": "160"
          }
        }
      },
      {
        "RunLogProcessor": {
          "Result": "Done",
          "Elaps": {
            "Formatted": "0 sec (00:00:00).",
            "RawSec": "0"
          }
        }
      }
    ],
    "Errors": [
      {
        "HthorRegress": [
          "[Failure] 140. Fail cryptoplugin_pke_lfn.ecl - W20241216-115215 (6 sec)"
        ]
      },
      {
        "ThorRegress": [
          "[Failure] 137. Fail cryptoplugin_pke_lfn.ecl - W20241216-130252-1 (7 sec)",
          "[Failure] 257. Fail external.ecl - W20241216-130957 (7 sec)"
        ]
      },
      {
        "RoxieRegress": [
          "[Failure] 151. Fail cryptoplugin_pke_lfn.ecl - W20241216-141447 (7 sec)",
          "[Failure] 284. Fail external.ecl - W20241216-142333-1 (7 sec)",
          "[Failure] 286. Fail externalplane.ecl - W20241216-142341 (8 sec)",
          "[Failure] 388. Fail indexmerge.ecl ( version: multiPart=false ) - W20241216-143050 (7 sec)",
          "[Failure] 574. Fail mergechild.ecl ( version: multiPart=false ) - W20241216-144447-4 (8 sec)",
          "[Failure] 669. Fail pullindex2.ecl ( version: multiPart=false ) - W20241216-145129 (7 sec)",
          "[Failure] 726. Fail rewrite.ecl - W20241216-145528 (7 sec)",
          "[Failure] 823. Fail sqaggds.ecl ( version: multiPart=false ) - W20241216-150306 (9 sec)",
          "[Failure] 824. Fail sqaggds3.ecl ( version: multiPart=false ) - W20241216-150309 (8 sec)",
          "[Failure] 825. Fail sqaggds4.ecl ( version: multiPart=false ) - W20241216-150316 (8 sec)",
          "[Failure] 826. Fail sqaggds_an.ecl ( version: multiPart=false ) - W20241216-150317 (9 sec)",
          "[Failure] 833. Fail sqfilt.ecl ( version: multiPart=false ) - W20241216-150353 (8 sec)",
          "[Failure] 835. Fail sqfilt.ecl ( version: multiPart=false, useSequential=true ) - W20241216-150402 (8 sec)",
          "[Failure] 836. Fail sqfilt.ecl ( version: multiPart=false, useSequential=true, useNoFold=true ) - W20241216-150404 (8 sec)",
          "[Failure] 837. Fail sqfilt.ecl ( version: multiPart=false, useSequential=true, useNoFold=true, optRemoteRead=true ) - W20241216-150411 (8 sec)",
          "[Failure] 838. Fail sqfilt2.ecl ( version: multiPart=false ) - W20241216-150414 (8 sec)",
          "[Failure] 841. Fail sqfilt_an.ecl ( version: multiPart=false ) - W20241216-150429 (8 sec)",
          "[Failure] 861. Fail sqsimple.ecl ( version: multiPart=false ) - W20241216-150555 (8 sec)",
          "[Failure] 872. Fail steplimit1.ecl ( version: multiPart=false ) - W20241216-150638-3 (8 sec)",
          "[Failure] 874. Fail steplimit2.ecl ( version: multiPart=false ) - W20241216-150647-1 (7 sec)",
          "[Failure] 894. Fail stepping7.ecl ( version: multiPart=false ) - W20241216-150808 (7 sec)",
          "[Failure] 896. Fail stepping7a.ecl ( version: multiPart=false ) - W20241216-150817 (7 sec)",
          "[Failure] 898. Fail stepping7b.ecl ( version: multiPart=false ) - W20241216-150825 (7 sec)",
          "[Failure] 900. Fail stepping7c.ecl ( version: multiPart=false ) - W20241216-150834 (7 sec)",
          "[Failure] 902. Fail stepping7d.ecl ( version: multiPart=false ) - W20241216-150842 (7 sec)",
          "[Failure] 904. Fail stepping7e.ecl ( version: multiPart=false ) - W20241216-150851 (7 sec)",
          "[Failure] 906. Fail stepping7f.ecl ( version: multiPart=false ) - W20241216-150859 (7 sec)",
          "[Failure] 908. Fail stepping7g.ecl ( version: multiPart=false ) - W20241216-150908 (7 sec)",
          "[Failure] 910. Fail stepping7h.ecl ( version: multiPart=false ) - W20241216-150916 (7 sec)",
          "[Failure] 912. Fail stepping8.ecl ( version: multiPart=false ) - W20241216-150925 (8 sec)",
          "[Failure] 914. Fail stepping8a.ecl ( version: multiPart=false ) - W20241216-150933 (7 sec)",
          "[Failure] 916. Fail stepping8b.ecl ( version: multiPart=false ) - W20241216-150942 (7 sec)",
          "[Failure] 918. Fail stepping9a.ecl ( version: multiPart=false ) - W20241216-150951 (7 sec)",
          "[Failure] 920. Fail stepping9b.ecl ( version: multiPart=false ) - W20241216-150959 (7 sec)",
          "[Failure] 929. Fail stresstext.ecl ( version: multiPart=false ) - W20241216-151036 (11 sec)",
          "[Failure] 931. Fail stresstext.ecl ( version: multiPart=false, variant='default' ) - W20241216-151048 (11 sec)",
          "[Failure] 932. Fail stresstext.ecl ( version: multiPart=false, variant='inplace' ) - W20241216-151058 (11 sec)",
          "[Failure] 933. Fail stresstext.ecl ( version: multiPart=false, variant='inplace_row' ) - W20241216-151101 (11 sec)",
          "[Failure] 934. Fail stresstext.ecl ( version: multiPart=false, variant='inplace_lzw' ) - W20241216-151110 (11 sec)",
          "[Failure] 935. Fail stresstext.ecl ( version: multiPart=false, variant='inplace_lz4hc' ) - W20241216-151112 (11 sec)",
          "[Failure] 980. Fail textsearch4.ecl ( version: multiPart=false ) - W20241216-151742 (16 sec)",
          "[Failure] 1030. Fail verifytextindex.ecl ( version: multiPart=false, variant='inplace' ) - W20241216-152142-4 (7 sec)",
          "[Failure] 1029. Fail verifytextindex.ecl ( version: multiPart=false, variant='default' ) - W20241216-152142 (8 sec)",
          "[Failure] 1032. Fail verifytextindex.ecl ( version: multiPart=false, variant='inplace_lzw' ) - W20241216-152151 (7 sec)",
          "[Failure] 1031. Fail verifytextindex.ecl ( version: multiPart=false, variant='inplace_row' ) - W20241216-152151-2 (9 sec)",
          "[Failure] 1033. Fail verifytextindex.ecl ( version: multiPart=false, variant='inplace_lz4hc' ) - W20241216-152200 (8 sec)",
          "[Failure] 1080. Fail workflow_9a.ecl ( version: parallel=false ) - W20241216-152518 (8 sec)",
          "[Failure] 1081. Fail workflow_9a.ecl ( version: parallel=true ) - W20241216-152518-5 (9 sec)",
          "[Failure] 1083. Fail workflow_9b.ecl ( version: parallel=true ) - W20241216-152528 (8 sec)",
          "[Failure] 1082. Fail workflow_9b.ecl ( version: parallel=false ) - W20241216-152528-2 (9 sec)",
          "[Failure] 1084. Fail workflow_9c.ecl ( version: parallel=false ) - W20241216-152538 (33 sec)",
          "[Failure] 1085. Fail workflow_9c.ecl ( version: parallel=true ) - W20241216-152538-2 (32 sec)"
        ]
      }
    ]
  }
}
