{
  "OBTResult": {
    "Env": {
      "BuildSystem": "Ubuntu_22_04_5_LTS",
      "Hardware": "CPU/Cores: 8, RAM: 16 GB",
      "IPAddress": "192.168.1.54"
    },
    "Remote": {
      "System": "AKS",
      "VmSize": "Standard_D16s_v4",
      "Hardware": "CPU/Cores: 16, RAM: 64 GB",
      "HthorConfig": {
        "Replicas": "3",
        "MaxActive": "4",
        "UseChildProcesses": "true",
        "AllowedPipePrograms": "*"
      },
      "ThorConfig": {
        "NumWorkers": "2",
        "MaxJobs": "4",
        "MaxGraph": "2",
        "MultiJobLinger": "true",
        "LingerPeriod": "200",
        "AllowedPipePrograms": "*"
      },
      "RoxieWorkunitConfig": {
        "Replicas": "1",
        "MaxActive": "20",
        "UseChildProcesses": "true",
        "AllowedPipePrograms": "*"
      }
    },
    "BuildSet": {
      "Branch": "community_9.8.44-1 Gold",
      "BranchDate": "N/A",
      "BranchSHA": "N/A",
      "BuildType": "Release",
      "Target": "K8s"
    },
    "Exclusion": {
      "Build": "N/A",
      "Documentation": "N/A",
      "Unittest": "N/A",
      "MLtest": "N/A",
      "Regression": "--ef pipefail.ecl -e embedded-r,embedded-js,3rdpartyservice,mongodb,spray"
    },
    "Tasks": [
      {
        "UpdateHelmRepo": {
          "Result": "Done",
          "Elaps": {
            "Formatted": "6 sec (00:00:06)",
            "RawSec": "6"
          }
        }
      },
      {
        "UpgradeTerraform": {
          "Result": "Done",
          "Version": "Terraform v1.10.1",
          "Elaps": {
            "Formatted": "66 sec (00:01:06)",
            "RawSec": "66"
          }
        }
      },
      {
        "CreateVirtualNetwork": {
          "Result": "Done (retCode: 0)",
          "NumberOfResources": 11,
          "Elaps": {
            "Formatted": "104 sec (00:01:44)",
            "RawSec": "104"
          }
        }
      },
      {
        "CreateStorage": {
          "Result": "Done (retCode: 0)",
          "NumberOfResources": 16,
          "Elaps": {
            "Formatted": "117 sec (00:01:57)",
            "RawSec": "117"
          }
        }
      },
      {
        "CreateAKS": {
          "Result": "Done",
          "NumberOfResources": 20,
          "Elaps": {
            "Formatted": "565 sec (00:09:25)",
            "RawSec": "565"
          }
        }
      },
      {
        "ECLWatchAnnotation": {
          "Result": "Done",
          "Elaps": {
            "Formatted": "65 sec (00:01:05)",
            "RawSec": "65"
          }
        }
      },
      {
        "Setup": {
          "Result": "PASSED",
          "hthor": {
            "Elaps": {
              "Formatted": "0 sec (00:00:00)",
              "RawSec": "0"
            },
            "Total": 0,
            "Pass": 0,
            "Fail": 0,
            "Result": "N/A"
          },
          "thor": {
            "Elaps": {
              "Formatted": "110 sec (00:01:50)",
              "RawSec": "110"
            },
            "Total": 9,
            "Pass": 9,
            "Fail": 0,
            "Result": "PASSED"
          },
          "roxie": {
            "Elaps": {
              "Formatted": "115 sec (00:01:55)",
              "RawSec": "115"
            },
            "Total": 24,
            "Pass": 24,
            "Fail": 0,
            "Result": "PASSED"
          }
        }
      },
      {
        "PublishQueries": {
          "Result": "Done",
          "Total": 15,
          "Elaps": {
            "Formatted": "87 sec (00:01:27)",
            "RawSec": "87"
          }
        }
      },
      {
        "Regress": {
          "Result": "FAILED",
          "Hthor": {
            "Result": "FAILED",
            "Elaps": {
              "Formatted": "4107 sec (01:08:27)",
              "RawSec": "4107"
            },
            "Total": 1050,
            "Pass": 1049,
            "Fail": 1
          },
          "Thor": {
            "Result": "FAILED",
            "Elaps": {
              "Formatted": "4009 sec (01:06:49)",
              "RawSec": "4009"
            },
            "Total": 937,
            "Pass": 935,
            "Fail": 2
          },
          "Roxie": {
            "Result": "FAILED",
            "Elaps": {
              "Formatted": "5070 sec (01:24:30)",
              "RawSec": "5070"
            },
            "Total": 1124,
            "Pass": 1074,
            "Fail": 50
          }
        }
      },
      {
        "CollectTimings": {
          "Result": "Done",
          "Elaps": {
            "Formatted": "1026 sec (00:17:06).",
            "RawSec": "1026"
          }
        }
      },
      {
        "CollectPODLogs": {
          "Result": "Done",
          "Elaps": {
            "Formatted": "303 sec (00:05:03).",
            "RawSec": "303"
          }
        }
      },
      {
        "DestroyAKS": {
          "Result": "Done (retCode: 0)",
          "NumberOfResources": 20,
          "Elaps": {
            "Formatted": "425 sec (00:07:05)",
            "RawSec": "425"
          }
        }
      },
      {
        "DestroyStorage": {
          "Result": "Done (retCode: 0)",
          "NumberOfResources": 16,
          "Elaps": {
            "Formatted": "133 sec (00:02:13)",
            "RawSec": "133"
          }
        }
      },
      {
        "DestroyVirtualNetwork": {
          "Result": "Done (retCode: 0)",
          "NumberOfResources": 11,
          "Elaps": {
            "Formatted": "155 sec (00:02:35)",
            "RawSec": "155"
          }
        }
      },
      {
        "RunLogProcessor": {
          "Result": "Done",
          "Elaps": {
            "Formatted": "1 sec (00:00:01).",
            "RawSec": "1"
          }
        }
      }
    ],
    "Errors": [
      {
        "HthorRegress": [
          "[Failure] 140. Fail cryptoplugin_pke_lfn.ecl - W20241211-114657 (6 sec)"
        ]
      },
      {
        "ThorRegress": [
          "[Failure] 137. Fail cryptoplugin_pke_lfn.ecl - W20241211-125442 (6 sec)",
          "[Failure] 257. Fail external.ecl - W20241211-130139 (6 sec)"
        ]
      },
      {
        "RoxieRegress": [
          "[Failure] 151. Fail cryptoplugin_pke_lfn.ecl - W20241211-140536-1 (7 sec)",
          "[Failure] 284. Fail external.ecl - W20241211-141415 (7 sec)",
          "[Failure] 286. Fail externalplane.ecl - W20241211-141423-5 (7 sec)",
          "[Failure] 388. Fail indexmerge.ecl ( version: multiPart=false ) - W20241211-142129 (7 sec)",
          "[Failure] 574. Fail mergechild.ecl ( version: multiPart=false ) - W20241211-143509 (7 sec)",
          "[Failure] 669. Fail pullindex2.ecl ( version: multiPart=false ) - W20241211-144146 (7 sec)",
          "[Failure] 726. Fail rewrite.ecl - W20241211-144543 (7 sec)",
          "[Failure] 751. Fail serial3b.ecl - W20241211-144803 (7 sec)",
          "[Failure] 753. Fail serial3d.ecl - W20241211-144819 (7 sec)",
          "[Failure] 755. Fail serial4b.ecl - W20241211-144834 (7 sec)",
          "[Failure] 758. Fail serial5c.ecl - W20241211-144844 (7 sec)",
          "[Failure] 761. Fail serial6d.ecl - W20241211-144900 (8 sec)",
          "[Failure] 768. Fail serial9a.ecl - W20241211-144924 (7 sec)",
          "[Failure] 770. Fail serial9c.ecl - W20241211-144933 (8 sec)",
          "[Failure] 769. Fail serial9b.ecl - W20241211-144933-1 (8 sec)",
          "[Failure] 771. Fail serial9d.ecl - W20241211-144942-4 (8 sec)",
          "[Failure] 872. Fail steplimit1.ecl ( version: multiPart=false ) - W20241211-145636-5 (7 sec)",
          "[Failure] 874. Fail steplimit2.ecl ( version: multiPart=false ) - W20241211-145645 (7 sec)",
          "[Failure] 894. Fail stepping7.ecl ( version: multiPart=false ) - W20241211-145805 (7 sec)",
          "[Failure] 896. Fail stepping7a.ecl ( version: multiPart=false ) - W20241211-145813 (7 sec)",
          "[Failure] 898. Fail stepping7b.ecl ( version: multiPart=false ) - W20241211-145821 (7 sec)",
          "[Failure] 900. Fail stepping7c.ecl ( version: multiPart=false ) - W20241211-145829 (7 sec)",
          "[Failure] 902. Fail stepping7d.ecl ( version: multiPart=false ) - W20241211-145838 (7 sec)",
          "[Failure] 904. Fail stepping7e.ecl ( version: multiPart=false ) - W20241211-145846 (7 sec)",
          "[Failure] 906. Fail stepping7f.ecl ( version: multiPart=false ) - W20241211-145854 (7 sec)",
          "[Failure] 908. Fail stepping7g.ecl ( version: multiPart=false ) - W20241211-145902 (7 sec)",
          "[Failure] 910. Fail stepping7h.ecl ( version: multiPart=false ) - W20241211-145911 (7 sec)",
          "[Failure] 912. Fail stepping8.ecl ( version: multiPart=false ) - W20241211-145919 (7 sec)",
          "[Failure] 914. Fail stepping8a.ecl ( version: multiPart=false ) - W20241211-145927 (7 sec)",
          "[Failure] 916. Fail stepping8b.ecl ( version: multiPart=false ) - W20241211-145935 (7 sec)",
          "[Failure] 918. Fail stepping9a.ecl ( version: multiPart=false ) - W20241211-145944 (7 sec)",
          "[Failure] 920. Fail stepping9b.ecl ( version: multiPart=false ) - W20241211-145952 (7 sec)",
          "[Failure] 929. Fail stresstext.ecl ( version: multiPart=false ) - W20241211-150030 (11 sec)",
          "[Failure] 931. Fail stresstext.ecl ( version: multiPart=false, variant='default' ) - W20241211-150042 (11 sec)",
          "[Failure] 932. Fail stresstext.ecl ( version: multiPart=false, variant='inplace' ) - W20241211-150049 (11 sec)",
          "[Failure] 933. Fail stresstext.ecl ( version: multiPart=false, variant='inplace_row' ) - W20241211-150054 (10 sec)",
          "[Failure] 934. Fail stresstext.ecl ( version: multiPart=false, variant='inplace_lzw' ) - W20241211-150101 (11 sec)",
          "[Failure] 935. Fail stresstext.ecl ( version: multiPart=false, variant='inplace_lz4hc' ) - W20241211-150105 (10 sec)",
          "[Failure] 980. Fail textsearch4.ecl ( version: multiPart=false ) - W20241211-150724 (15 sec)",
          "[Failure] 1029. Fail verifytextindex.ecl ( version: multiPart=false, variant='default' ) - W20241211-151110 (7 sec)",
          "[Failure] 1030. Fail verifytextindex.ecl ( version: multiPart=false, variant='inplace' ) - W20241211-151115 (7 sec)",
          "[Failure] 1031. Fail verifytextindex.ecl ( version: multiPart=false, variant='inplace_row' ) - W20241211-151118 (7 sec)",
          "[Failure] 1032. Fail verifytextindex.ecl ( version: multiPart=false, variant='inplace_lzw' ) - W20241211-151123 (7 sec)",
          "[Failure] 1033. Fail verifytextindex.ecl ( version: multiPart=false, variant='inplace_lz4hc' ) - W20241211-151126 (7 sec)",
          "[Failure] 1081. Fail workflow_9a.ecl ( version: parallel=true ) - W20241211-151443 (8 sec)",
          "[Failure] 1080. Fail workflow_9a.ecl ( version: parallel=false ) - W20241211-151443-1 (8 sec)",
          "[Failure] 1083. Fail workflow_9b.ecl ( version: parallel=true ) - W20241211-151453 (8 sec)",
          "[Failure] 1082. Fail workflow_9b.ecl ( version: parallel=false ) - W20241211-151453-1 (9 sec)",
          "[Failure] 1084. Fail workflow_9c.ecl ( version: parallel=false ) - W20241211-151502-4 (68 sec)",
          "[Failure] 1085. Fail workflow_9c.ecl ( version: parallel=true ) - W20241211-151502 (68 sec)"
        ]
      }
    ]
  }
}
