{
    "OBTResult": {
        "Env": {
            "BuildSystem": "Rocky_Linux_8_9",
            "Hardware": "CPU/Cores: 8, RAM: 15 GB",
            "IPAddress": "10.22.254.98 (OBT-AWS04)"
        },
        "BuildSet": {
            "Branch": "candidate-9.8.x",
            "BranchDate": "Thu Oct 24 16:43:53 2024 +0100",
            "BranchSHA": "ed05bcf29bcca79f1e025636cfe9ecf948f5e054",
            "BuildType": "RelWithDebInfo",
            "Target": "BM/VM"
        },
        "Exclusion": {
            "Build": "MAKE_CASSANDRAEMBED, COUCHBASEEMBED, USE_AZURE, USE_AWS, WASMEMBED",
            "Documentation": "not built",
            "Unittest": "JlibReaderWriterTestTiming, AtomicTimingTest, AtomicTimingStressTest",
            "MLtest": "ClassicTestModified.ecl, SVCTest.ecl",
            "Regression": "embedded, 3rdparty, python2, wasmembed*"
        },
        "ThorConfig": {
            "Slaves": "4",
            "Channels": "1"
        },
        "Tasks": [
            {
                "Build": {
                    "Result": "PASSED",
                    "CMake": {
                        "Formatted": "11 sec (00:00:11)",
                        "RawSec": "11"
                    },
                    "Build": {
                        "Formatted": "771 sec (00:12:51)",
                        "RawSec": "771"
                    },
                    "Package": {
                        "Formatted": "202 sec (00:03:22)",
                        "RawSec": "202"
                    },
                    "Altogether": {
                        "Formatted": "984 sec (00:16:24)",
                        "RawSec": "984"
                    }
                }
            },
            {
                "Install": {
                    "Elaps": "No data"
                }
            },
            {
                "Unittests": {
                    "Result": "PASSED",
                    "Elaps": {
                        "Formatted": "3643 sec (01:00:43)",
                        "RawSec": "3643"
                    },
                    "Total": 385,
                    "Pass": 385,
                    "Fail": 0,
                    "Error": 0,
                    "Timeout": 0
                }
            },
            {
                "Wutooltests": {
                    "Result": "PASSED",
                    "Elaps": {
                        "Formatted": "1 sec (00:00:01)",
                        "RawSec": "1"
                    },
                    "Total": 19,
                    "Pass": 19,
                    "Fail": 0,
                    "Error": 0,
                    "Timeout": 0
                }
            },
            {
                "MLtests": {
                    "Result": "FAILED",
                    "DBSCAN": {
                        "Elaps": {
                            "Formatted": "11 sec  (00:00:11)",
                            "RawSec": "11"
                        },
                        "Total": 2,
                        "Pass": 2,
                        "Fail": 0,
                        "Result": "PASSED"
                    },
                    "GLM": {
                        "Elaps": {
                            "Formatted": "405 sec  (00:06:45)",
                            "RawSec": "405"
                        },
                        "Total": 7,
                        "Pass": 0,
                        "Fail": 7,
                        "Result": "FAILED"
                    },
                    "GNN": {
                        "Elaps": {
                            "Formatted": "127 sec  (00:02:07)",
                            "RawSec": "127"
                        },
                        "Total": 4,
                        "Pass": 4,
                        "Fail": 0,
                        "Result": "FAILED"
                    },
                    "KMeans": {
                        "Elaps": {
                            "Formatted": "4 sec  (00:00:04)",
                            "RawSec": "4"
                        },
                        "Total": 1,
                        "Pass": 1,
                        "Fail": 0,
                        "Result": "FAILED"
                    },
                    "LearningTrees": {
                        "Elaps": {
                            "Formatted": "159 sec  (00:02:39)",
                            "RawSec": "159"
                        },
                        "Total": 3,
                        "Pass": 3,
                        "Fail": 0,
                        "Result": "FAILED"
                    },
                    "PBblas": {
                        "Elaps": {
                            "Formatted": "71 sec  (00:01:11)",
                            "RawSec": "71"
                        },
                        "Total": 2,
                        "Pass": 0,
                        "Fail": 2,
                        "Result": "FAILED"
                    },
                    "SupportVectorMachines": {
                        "Elaps": {
                            "Formatted": "69 sec  (00:01:09)",
                            "RawSec": "69"
                        },
                        "Total": 1,
                        "Pass": 1,
                        "Fail": 0,
                        "Result": "FAILED"
                    },
                    "TextVectors": {
                        "Elaps": {
                            "Formatted": "10 sec  (00:00:10)",
                            "RawSec": "10"
                        },
                        "Total": 5,
                        "Pass": 5,
                        "Fail": 0,
                        "Result": "FAILED"
                    }
                }
            },
            {
                "Setup": {
                    "Result": "PASSED",
                    "hthor": {
                        "Elaps": {
                            "Formatted": "42 sec  (00:00:42)",
                            "RawSec": "42"
                        },
                        "Total": 9,
                        "Pass": 9,
                        "Fail": 0,
                        "Result": "PASSED"
                    },
                    "thor": {
                        "Elaps": {
                            "Formatted": "20 sec  (00:00:20)",
                            "RawSec": "20"
                        },
                        "Total": 9,
                        "Pass": 9,
                        "Fail": 0,
                        "Result": "PASSED"
                    },
                    "roxie": {
                        "Elaps": {
                            "Formatted": "37 sec  (00:00:37)",
                            "RawSec": "37"
                        },
                        "Total": 24,
                        "Pass": 24,
                        "Fail": 0,
                        "Result": "PASSED"
                    }
                }
            },
            {
                "Regress": {
                    "Result": "FAILED",
                    "Hthor": {
                        "Result": "FAILED",
                        "Elaps": {
                            "Formatted": "502 sec  (00:08:22)",
                            "RawSec": "502"
                        },
                        "Total": 1013,
                        "Pass": 1012,
                        "Fail": 1
                    },
                    "Thor": {
                        "Result": "FAILED",
                        "Elaps": {
                            "Formatted": "1196 sec  (00:19:56)",
                            "RawSec": "1196"
                        },
                        "Total": 905,
                        "Pass": 901,
                        "Fail": 4
                    },
                    "Roxie": {
                        "Result": "FAILED",
                        "Elaps": {
                            "Formatted": "2049 sec  (00:34:09)",
                            "RawSec": "2049"
                        },
                        "Total": 1106,
                        "Pass": 1104,
                        "Fail": 2
                    }
                }
            },
            {
                "Uninstall": {
                    "Elaps": "No data"
                }
            }
        ],
        "Errors": [
            {
                "thor": {
                    "nulljoin(fold=false)": {
                        "TestId": 521,
                        "Wuid": "W20241025-114343-5",
                        "Problem": "Exception",
                        "Code": "5756",
                        "Msg": "System error: 5756: THOR ABORT"
                    },
                    "teststdlibrary(tmod='BLAS')": {
                        "TestId": 785,
                        "Wuid": "W20241025-115020-4",
                        "Problem": "Exception",
                        "Code": "1000",
                        "Msg": "SIG: Illegal instruction(4), accessing 00007F2D184ADD0C, IP=00007F2D184ADD0C"
                    }
                },
                "hthor": {
                    "teststdlibrary(tmod='BLAS')": {
                        "TestId": 849,
                        "Wuid": "W20241025-113151",
                        "Problem": "Exception",
                        "Code": "1000",
                        "Msg": "SIG: Illegal instruction(4), accessing 00007FB5D4317D0C, IP=00007FB5D4317D0C"
                    }
                },
                "roxie": {
                    "supercopy": {
                        "TestId": 925,
                        "Wuid": "W20241025-120248",
                        "Problem": "Aborted ",
                        "Code": "-2",
                        "Msg": " reason: Timeout and retry count exhausted! "
                    },
                    "teststdlibrary(tmod='BLAS')": {
                        "TestId": 946,
                        "Wuid": "W20241025-120304-2",
                        "Problem": "Other problem(s)",
                        "Code": "0",
                        "Msg": "Result doesn't match to key file"
                    }
                }
            },
            {
                "thor": {
                    "nulljoin(fold=false)": {
                        "TestId": 521,
                        "Wuid": "W20241025-114343-5",
                        "Problem": "Exception",
                        "Code": "5756",
                        "Msg": "System error: 5756: THOR ABORT"
                    },
                    "teststdlibrary(tmod='BLAS')": {
                        "TestId": 785,
                        "Wuid": "W20241025-115020-4",
                        "Problem": "Exception",
                        "Code": "1000",
                        "Msg": "SIG: Illegal instruction(4), accessing 00007F2D184ADD0C, IP=00007F2D184ADD0C"
                    }
                },
                "hthor": {
                    "teststdlibrary(tmod='BLAS')": {
                        "TestId": 849,
                        "Wuid": "W20241025-113151",
                        "Problem": "Exception",
                        "Code": "1000",
                        "Msg": "SIG: Illegal instruction(4), accessing 00007FB5D4317D0C, IP=00007FB5D4317D0C"
                    }
                },
                "roxie": {
                    "supercopy": {
                        "TestId": 925,
                        "Wuid": "W20241025-120248",
                        "Problem": "Aborted ",
                        "Code": "-2",
                        "Msg": " reason: Timeout and retry count exhausted! "
                    },
                    "teststdlibrary(tmod='BLAS')": {
                        "TestId": 946,
                        "Wuid": "W20241025-120304-2",
                        "Problem": "Other problem(s)",
                        "Code": "0",
                        "Msg": "Result doesn't match to key file"
                    }
                }
            },
            {
                "thor": {
                    "nulljoin(fold=false)": {
                        "TestId": 521,
                        "Wuid": "W20241025-114343-5",
                        "Problem": "Exception",
                        "Code": "5756",
                        "Msg": "System error: 5756: THOR ABORT"
                    },
                    "teststdlibrary(tmod='BLAS')": {
                        "TestId": 785,
                        "Wuid": "W20241025-115020-4",
                        "Problem": "Exception",
                        "Code": "1000",
                        "Msg": "SIG: Illegal instruction(4), accessing 00007F2D184ADD0C, IP=00007F2D184ADD0C"
                    }
                },
                "hthor": {
                    "teststdlibrary(tmod='BLAS')": {
                        "TestId": 849,
                        "Wuid": "W20241025-113151",
                        "Problem": "Exception",
                        "Code": "1000",
                        "Msg": "SIG: Illegal instruction(4), accessing 00007FB5D4317D0C, IP=00007FB5D4317D0C"
                    }
                },
                "roxie": {
                    "supercopy": {
                        "TestId": 925,
                        "Wuid": "W20241025-120248",
                        "Problem": "Aborted ",
                        "Code": "-2",
                        "Msg": " reason: Timeout and retry count exhausted! "
                    },
                    "teststdlibrary(tmod='BLAS')": {
                        "TestId": 946,
                        "Wuid": "W20241025-120304-2",
                        "Problem": "Other problem(s)",
                        "Code": "0",
                        "Msg": "Result doesn't match to key file"
                    }
                }
            },
            {
                "thor": {
                    "nulljoin(fold=false)": {
                        "TestId": 521,
                        "Wuid": "W20241025-114343-5",
                        "Problem": "Exception",
                        "Code": "5756",
                        "Msg": "System error: 5756: THOR ABORT"
                    },
                    "teststdlibrary(tmod='BLAS')": {
                        "TestId": 785,
                        "Wuid": "W20241025-115020-4",
                        "Problem": "Exception",
                        "Code": "1000",
                        "Msg": "SIG: Illegal instruction(4), accessing 00007F2D184ADD0C, IP=00007F2D184ADD0C"
                    }
                },
                "hthor": {
                    "teststdlibrary(tmod='BLAS')": {
                        "TestId": 849,
                        "Wuid": "W20241025-113151",
                        "Problem": "Exception",
                        "Code": "1000",
                        "Msg": "SIG: Illegal instruction(4), accessing 00007FB5D4317D0C, IP=00007FB5D4317D0C"
                    }
                },
                "roxie": {
                    "supercopy": {
                        "TestId": 925,
                        "Wuid": "W20241025-120248",
                        "Problem": "Aborted ",
                        "Code": "-2",
                        "Msg": " reason: Timeout and retry count exhausted! "
                    },
                    "teststdlibrary(tmod='BLAS')": {
                        "TestId": 946,
                        "Wuid": "W20241025-120304-2",
                        "Problem": "Other problem(s)",
                        "Code": "0",
                        "Msg": "Result doesn't match to key file"
                    }
                }
            },
            {
                "thor": {
                    "nulljoin(fold=false)": {
                        "TestId": 521,
                        "Wuid": "W20241025-114343-5",
                        "Problem": "Exception",
                        "Code": "5756",
                        "Msg": "System error: 5756: THOR ABORT"
                    },
                    "teststdlibrary(tmod='BLAS')": {
                        "TestId": 785,
                        "Wuid": "W20241025-115020-4",
                        "Problem": "Exception",
                        "Code": "1000",
                        "Msg": "SIG: Illegal instruction(4), accessing 00007F2D184ADD0C, IP=00007F2D184ADD0C"
                    }
                },
                "hthor": {
                    "teststdlibrary(tmod='BLAS')": {
                        "TestId": 849,
                        "Wuid": "W20241025-113151",
                        "Problem": "Exception",
                        "Code": "1000",
                        "Msg": "SIG: Illegal instruction(4), accessing 00007FB5D4317D0C, IP=00007FB5D4317D0C"
                    }
                },
                "roxie": {
                    "supercopy": {
                        "TestId": 925,
                        "Wuid": "W20241025-120248",
                        "Problem": "Aborted ",
                        "Code": "-2",
                        "Msg": " reason: Timeout and retry count exhausted! "
                    },
                    "teststdlibrary(tmod='BLAS')": {
                        "TestId": 946,
                        "Wuid": "W20241025-120304-2",
                        "Problem": "Other problem(s)",
                        "Code": "0",
                        "Msg": "Result doesn't match to key file"
                    }
                }
            },
            {
                "thor": {
                    "nulljoin(fold=false)": {
                        "TestId": 521,
                        "Wuid": "W20241025-114343-5",
                        "Problem": "Exception",
                        "Code": "5756",
                        "Msg": "System error: 5756: THOR ABORT"
                    },
                    "teststdlibrary(tmod='BLAS')": {
                        "TestId": 785,
                        "Wuid": "W20241025-115020-4",
                        "Problem": "Exception",
                        "Code": "1000",
                        "Msg": "SIG: Illegal instruction(4), accessing 00007F2D184ADD0C, IP=00007F2D184ADD0C"
                    }
                },
                "hthor": {
                    "teststdlibrary(tmod='BLAS')": {
                        "TestId": 849,
                        "Wuid": "W20241025-113151",
                        "Problem": "Exception",
                        "Code": "1000",
                        "Msg": "SIG: Illegal instruction(4), accessing 00007FB5D4317D0C, IP=00007FB5D4317D0C"
                    }
                },
                "roxie": {
                    "supercopy": {
                        "TestId": 925,
                        "Wuid": "W20241025-120248",
                        "Problem": "Aborted ",
                        "Code": "-2",
                        "Msg": " reason: Timeout and retry count exhausted! "
                    },
                    "teststdlibrary(tmod='BLAS')": {
                        "TestId": 946,
                        "Wuid": "W20241025-120304-2",
                        "Problem": "Other problem(s)",
                        "Code": "0",
                        "Msg": "Result doesn't match to key file"
                    }
                }
            },
            {
                "thor": {
                    "nulljoin(fold=false)": {
                        "TestId": 521,
                        "Wuid": "W20241025-114343-5",
                        "Problem": "Exception",
                        "Code": "5756",
                        "Msg": "System error: 5756: THOR ABORT"
                    },
                    "teststdlibrary(tmod='BLAS')": {
                        "TestId": 785,
                        "Wuid": "W20241025-115020-4",
                        "Problem": "Exception",
                        "Code": "1000",
                        "Msg": "SIG: Illegal instruction(4), accessing 00007F2D184ADD0C, IP=00007F2D184ADD0C"
                    }
                },
                "hthor": {
                    "teststdlibrary(tmod='BLAS')": {
                        "TestId": 849,
                        "Wuid": "W20241025-113151",
                        "Problem": "Exception",
                        "Code": "1000",
                        "Msg": "SIG: Illegal instruction(4), accessing 00007FB5D4317D0C, IP=00007FB5D4317D0C"
                    }
                },
                "roxie": {
                    "supercopy": {
                        "TestId": 925,
                        "Wuid": "W20241025-120248",
                        "Problem": "Aborted ",
                        "Code": "-2",
                        "Msg": " reason: Timeout and retry count exhausted! "
                    },
                    "teststdlibrary(tmod='BLAS')": {
                        "TestId": 946,
                        "Wuid": "W20241025-120304-2",
                        "Problem": "Other problem(s)",
                        "Code": "0",
                        "Msg": "Result doesn't match to key file"
                    }
                }
            },
            {
                "thor": {
                    "nulljoin(fold=false)": {
                        "TestId": 521,
                        "Wuid": "W20241025-114343-5",
                        "Problem": "Exception",
                        "Code": "5756",
                        "Msg": "System error: 5756: THOR ABORT"
                    },
                    "teststdlibrary(tmod='BLAS')": {
                        "TestId": 785,
                        "Wuid": "W20241025-115020-4",
                        "Problem": "Exception",
                        "Code": "1000",
                        "Msg": "SIG: Illegal instruction(4), accessing 00007F2D184ADD0C, IP=00007F2D184ADD0C"
                    }
                },
                "hthor": {
                    "teststdlibrary(tmod='BLAS')": {
                        "TestId": 849,
                        "Wuid": "W20241025-113151",
                        "Problem": "Exception",
                        "Code": "1000",
                        "Msg": "SIG: Illegal instruction(4), accessing 00007FB5D4317D0C, IP=00007FB5D4317D0C"
                    }
                },
                "roxie": {
                    "supercopy": {
                        "TestId": 925,
                        "Wuid": "W20241025-120248",
                        "Problem": "Aborted ",
                        "Code": "-2",
                        "Msg": " reason: Timeout and retry count exhausted! "
                    },
                    "teststdlibrary(tmod='BLAS')": {
                        "TestId": 946,
                        "Wuid": "W20241025-120304-2",
                        "Problem": "Other problem(s)",
                        "Code": "0",
                        "Msg": "Result doesn't match to key file"
                    }
                }
            },
            {
                "thor": {
                    "nulljoin(fold=false)": {
                        "TestId": 521,
                        "Wuid": "W20241025-114343-5",
                        "Problem": "Exception",
                        "Code": "5756",
                        "Msg": "System error: 5756: THOR ABORT"
                    },
                    "teststdlibrary(tmod='BLAS')": {
                        "TestId": 785,
                        "Wuid": "W20241025-115020-4",
                        "Problem": "Exception",
                        "Code": "1000",
                        "Msg": "SIG: Illegal instruction(4), accessing 00007F2D184ADD0C, IP=00007F2D184ADD0C"
                    }
                },
                "hthor": {
                    "teststdlibrary(tmod='BLAS')": {
                        "TestId": 849,
                        "Wuid": "W20241025-113151",
                        "Problem": "Exception",
                        "Code": "1000",
                        "Msg": "SIG: Illegal instruction(4), accessing 00007FB5D4317D0C, IP=00007FB5D4317D0C"
                    }
                },
                "roxie": {
                    "supercopy": {
                        "TestId": 925,
                        "Wuid": "W20241025-120248",
                        "Problem": "Aborted ",
                        "Code": "-2",
                        "Msg": " reason: Timeout and retry count exhausted! "
                    },
                    "teststdlibrary(tmod='BLAS')": {
                        "TestId": 946,
                        "Wuid": "W20241025-120304-2",
                        "Problem": "Other problem(s)",
                        "Code": "0",
                        "Msg": "Result doesn't match to key file"
                    }
                }
            },
            {
                "thor": {
                    "nulljoin(fold=false)": {
                        "TestId": 521,
                        "Wuid": "W20241025-114343-5",
                        "Problem": "Exception",
                        "Code": "5756",
                        "Msg": "System error: 5756: THOR ABORT"
                    },
                    "teststdlibrary(tmod='BLAS')": {
                        "TestId": 785,
                        "Wuid": "W20241025-115020-4",
                        "Problem": "Exception",
                        "Code": "1000",
                        "Msg": "SIG: Illegal instruction(4), accessing 00007F2D184ADD0C, IP=00007F2D184ADD0C"
                    }
                },
                "hthor": {
                    "teststdlibrary(tmod='BLAS')": {
                        "TestId": 849,
                        "Wuid": "W20241025-113151",
                        "Problem": "Exception",
                        "Code": "1000",
                        "Msg": "SIG: Illegal instruction(4), accessing 00007FB5D4317D0C, IP=00007FB5D4317D0C"
                    }
                },
                "roxie": {
                    "supercopy": {
                        "TestId": 925,
                        "Wuid": "W20241025-120248",
                        "Problem": "Aborted ",
                        "Code": "-2",
                        "Msg": " reason: Timeout and retry count exhausted! "
                    },
                    "teststdlibrary(tmod='BLAS')": {
                        "TestId": 946,
                        "Wuid": "W20241025-120304-2",
                        "Problem": "Other problem(s)",
                        "Code": "0",
                        "Msg": "Result doesn't match to key file"
                    }
                }
            },
            {
                "thor": {
                    "nulljoin(fold=false)": {
                        "TestId": 521,
                        "Wuid": "W20241025-114343-5",
                        "Problem": "Exception",
                        "Code": "5756",
                        "Msg": "System error: 5756: THOR ABORT"
                    },
                    "teststdlibrary(tmod='BLAS')": {
                        "TestId": 785,
                        "Wuid": "W20241025-115020-4",
                        "Problem": "Exception",
                        "Code": "1000",
                        "Msg": "SIG: Illegal instruction(4), accessing 00007F2D184ADD0C, IP=00007F2D184ADD0C"
                    }
                },
                "hthor": {
                    "teststdlibrary(tmod='BLAS')": {
                        "TestId": 849,
                        "Wuid": "W20241025-113151",
                        "Problem": "Exception",
                        "Code": "1000",
                        "Msg": "SIG: Illegal instruction(4), accessing 00007FB5D4317D0C, IP=00007FB5D4317D0C"
                    }
                },
                "roxie": {
                    "supercopy": {
                        "TestId": 925,
                        "Wuid": "W20241025-120248",
                        "Problem": "Aborted ",
                        "Code": "-2",
                        "Msg": " reason: Timeout and retry count exhausted! "
                    },
                    "teststdlibrary(tmod='BLAS')": {
                        "TestId": 946,
                        "Wuid": "W20241025-120304-2",
                        "Problem": "Other problem(s)",
                        "Code": "0",
                        "Msg": "Result doesn't match to key file"
                    }
                }
            }
        ]
    }
}