{
    "OBTResult": {
        "Env": {
            "BuildSystem": "CentOS_Linux_7",
            "Hardware": "CPU/Cores: 16, RAM: 30 GB",
            "IPAddress": "10.20.0.45 (OBT-AWS02)"
        },
        "BuildSet": {
            "Branch": "candidate-9.2.x",
            "BranchDate": "Thu Oct 24 16:47:38 2024 +0100",
            "BranchSHA": "d7b689bc071844df09328a442ca22a533d7e1075",
            "BuildType": "RelWithDebInfo",
            "Target": "BM/VM"
        },
        "Exclusion": {
            "Build": "MAKE_CASSANDRAEMBED, COUCHBASEEMBED, USE_AZURE, USE_AWS",
            "Unittest": "JlibReaderWriterTestTiming, AtomicTimingTest, AtomicTimingStressTest, RWLockStressTest",
            "MLtest": "ClassicTestModified.ecl, SVCTest.ecl",
            "Regression": "embedded-r, embedded-js, 3rdpartyservice, mongodb, python2"
        },
        "ThorConfig": {
            "Slaves": "4",
            "Channels": "1"
        },
        "Tasks": [
            {
                "Build": {
                    "Result": "PASSED",
                    "CMake": {
                        "Formatted": "12 sec (00:00:12)",
                        "RawSec": "12"
                    },
                    "Build": {
                        "Formatted": "646 sec (00:10:46)",
                        "RawSec": "646"
                    },
                    "Package": {
                        "Formatted": "376 sec (00:06:16)",
                        "RawSec": "376"
                    },
                    "Altogether": {
                        "Formatted": "1034 sec (00:17:14)",
                        "RawSec": "1034"
                    }
                }
            },
            {
                "Install": {
                    "Elaps": "No data"
                }
            },
            {
                "Unittests": {
                    "Result": "PASSED",
                    "Elaps": {
                        "Formatted": "2180 sec (00:36:20)",
                        "RawSec": "2180"
                    },
                    "Total": 333,
                    "Pass": 333,
                    "Fail": 0,
                    "Error": 0,
                    "Timeout": 0
                }
            },
            {
                "Wutooltests": {
                    "Result": "PASSED",
                    "Elaps": {
                        "Formatted": "1 sec (00:00:01)",
                        "RawSec": "1"
                    },
                    "Total": 19,
                    "Pass": 19,
                    "Fail": 0,
                    "Error": 0,
                    "Timeout": 0
                }
            },
            {
                "MLtests": {
                    "Result": "PASSED",
                    "DBSCAN": {
                        "Elaps": {
                            "Formatted": "371 sec  (00:06:11)",
                            "RawSec": "371"
                        },
                        "Total": 2,
                        "Pass": 2,
                        "Fail": 0,
                        "Result": "PASSED"
                    },
                    "GLM": {
                        "Elaps": {
                            "Formatted": "89 sec  (00:01:29)",
                            "RawSec": "89"
                        },
                        "Total": 7,
                        "Pass": 7,
                        "Fail": 0,
                        "Result": "PASSED"
                    },
                    "GNN": {
                        "Elaps": {
                            "Formatted": "15 sec  (00:00:15)",
                            "RawSec": "15"
                        },
                        "Total": 4,
                        "Pass": 4,
                        "Fail": 0,
                        "Result": "PASSED"
                    },
                    "KMeans": {
                        "Elaps": {
                            "Formatted": "5 sec  (00:00:05)",
                            "RawSec": "5"
                        },
                        "Total": 1,
                        "Pass": 1,
                        "Fail": 0,
                        "Result": "PASSED"
                    },
                    "LearningTrees": {
                        "Elaps": {
                            "Formatted": "470 sec  (00:07:50)",
                            "RawSec": "470"
                        },
                        "Total": 3,
                        "Pass": 3,
                        "Fail": 0,
                        "Result": "PASSED"
                    },
                    "PBblas": {
                        "Elaps": {
                            "Formatted": "259 sec  (00:04:19)",
                            "RawSec": "259"
                        },
                        "Total": 2,
                        "Pass": 2,
                        "Fail": 0,
                        "Result": "PASSED"
                    },
                    "SupportVectorMachines": {
                        "Elaps": {
                            "Formatted": "15 sec  (00:00:15)",
                            "RawSec": "15"
                        },
                        "Total": 1,
                        "Pass": 1,
                        "Fail": 0,
                        "Result": "PASSED"
                    },
                    "TextVectors": {
                        "Elaps": {
                            "Formatted": "2173 sec  (00:36:13)",
                            "RawSec": "2173"
                        },
                        "Total": 5,
                        "Pass": 5,
                        "Fail": 0,
                        "Result": "PASSED"
                    }
                }
            },
            {
                "Setup": {
                    "Result": "FAILED"
                }
            },
            {
                "Regress": {
                    "Result": "FAILED",
                    "Hthor": {
                        "Result": "FAILED",
                        "Elaps": {
                            "Formatted": "383 sec  (00:06:23)",
                            "RawSec": "383"
                        },
                        "Total": 1036,
                        "Pass": 837,
                        "Fail": 199
                    },
                    "Thor": {
                        "Result": "FAILED",
                        "Elaps": {
                            "Formatted": "780 sec  (00:13:00)",
                            "RawSec": "780"
                        },
                        "Total": 926,
                        "Pass": 772,
                        "Fail": 154
                    },
                    "Roxie": {
                        "Result": "FAILED",
                        "Elaps": {
                            "Formatted": "2761 sec  (00:46:01)",
                            "RawSec": "2761"
                        },
                        "Total": 1126,
                        "Pass": 908,
                        "Fail": 218
                    }
                }
            },
            {
                "Uninstall": {
                    "Elaps": "No data"
                }
            }
        ],
        "Errors": [
            {
                "hthor": {
                    "soapcall(targetIP='127_0_0_1',goodPort='9876',blacListedPort='9875')": {
                        "TestId": 703,
                        "Wuid": "W20241031-145549",
                        "Problem": "Exception",
                        "Code": "1403",
                        "Msg": "System error: 1403: &lt;Error&gt;&lt;text&gt;ReceivedRoxieException:&amp;#32;(Unknown&amp;#32;query&amp;#32;soapbase)&lt;/text&gt;&lt;url&gt;http://::9876/&lt;/url&gt;&lt;/Error&gt; (in SOAP dataset G1 E2)"
                    }
                }
            }
        ]
    }
}