{
    "OBTResult": {
        "Env": {
            "BuildSystem": "CentOS_Linux_7",
            "Hardware": "CPU/Cores: 16, RAM: 30 GB",
            "IPAddress": "10.20.0.45 (OBT-AWS02)"
        },
        "BuildSet": {
            "Branch": "candidate-9.2.x",
            "BranchDate": "Fri Nov 22 14:01:36 2024",
            "BranchSHA": "1abb2c3a27e1059f1787a33558cc27f76800885f",
            "BuildType": "RelWithDebInfo",
            "Target": "BM/VM"
        },
        "Exclusion": {
            "Build": "MAKE_CASSANDRAEMBED, COUCHBASEEMBED, USE_AZURE, USE_AWS",
            "Unittest": "JlibReaderWriterTestTiming, AtomicTimingTest, AtomicTimingStressTest, RWLockStressTest",
            "MLtest": "ClassicTestModified.ecl, SVCTest.ecl",
            "Regression": "embedded-r, embedded-js, 3rdpartyservice, mongodb, python2"
        },
        "ThorConfig": {
            "Slaves": "4",
            "Channels": "1"
        },
        "Tasks": [
            {
                "Build": {
                    "Result": "PASSED",
                    "CMake": {
                        "Formatted": "12 sec (00:00:12)",
                        "RawSec": "12"
                    },
                    "Build": {
                        "Formatted": "630 sec (00:10:30)",
                        "RawSec": "630"
                    },
                    "Package": {
                        "Formatted": "357 sec (00:05:57)",
                        "RawSec": "357"
                    },
                    "Altogether": {
                        "Formatted": "999 sec (00:16:39)",
                        "RawSec": "999"
                    }
                }
            },
            {
                "Install": {
                    "Elaps": "No data"
                }
            },
            {
                "Unittests": {
                    "Result": "PASSED",
                    "Elaps": {
                        "Formatted": "2180 sec (00:36:20)",
                        "RawSec": "2180"
                    },
                    "Total": 333,
                    "Pass": 333,
                    "Fail": 0,
                    "Error": 0,
                    "Timeout": 0
                }
            },
            {
                "Wutooltests": {
                    "Result": "PASSED",
                    "Elaps": {
                        "Formatted": "1 sec (00:00:01)",
                        "RawSec": "1"
                    },
                    "Total": 19,
                    "Pass": 19,
                    "Fail": 0,
                    "Error": 0,
                    "Timeout": 0
                }
            },
            {
                "MLtests": {
                    "Result": "PASSED",
                    "DBSCAN": {
                        "Elaps": {
                            "Formatted": "371 sec  (00:06:11)",
                            "RawSec": "371"
                        },
                        "Total": 2,
                        "Pass": 2,
                        "Fail": 0,
                        "Result": "PASSED"
                    },
                    "GLM": {
                        "Elaps": {
                            "Formatted": "88 sec  (00:01:28)",
                            "RawSec": "88"
                        },
                        "Total": 7,
                        "Pass": 7,
                        "Fail": 0,
                        "Result": "PASSED"
                    },
                    "GNN": {
                        "Elaps": {
                            "Formatted": "15 sec  (00:00:15)",
                            "RawSec": "15"
                        },
                        "Total": 4,
                        "Pass": 4,
                        "Fail": 0,
                        "Result": "PASSED"
                    },
                    "KMeans": {
                        "Elaps": {
                            "Formatted": "5 sec  (00:00:05)",
                            "RawSec": "5"
                        },
                        "Total": 1,
                        "Pass": 1,
                        "Fail": 0,
                        "Result": "PASSED"
                    },
                    "LearningTrees": {
                        "Elaps": {
                            "Formatted": "468 sec  (00:07:48)",
                            "RawSec": "468"
                        },
                        "Total": 3,
                        "Pass": 3,
                        "Fail": 0,
                        "Result": "PASSED"
                    },
                    "PBblas": {
                        "Elaps": {
                            "Formatted": "259 sec  (00:04:19)",
                            "RawSec": "259"
                        },
                        "Total": 2,
                        "Pass": 2,
                        "Fail": 0,
                        "Result": "PASSED"
                    },
                    "SupportVectorMachines": {
                        "Elaps": {
                            "Formatted": "15 sec  (00:00:15)",
                            "RawSec": "15"
                        },
                        "Total": 1,
                        "Pass": 1,
                        "Fail": 0,
                        "Result": "PASSED"
                    },
                    "TextVectors": {
                        "Elaps": {
                            "Formatted": "2173 sec  (00:36:13)",
                            "RawSec": "2173"
                        },
                        "Total": 5,
                        "Pass": 5,
                        "Fail": 0,
                        "Result": "PASSED"
                    }
                }
            },
            {
                "Setup": {
                    "Result": "PASSED",
                    "hthor": {
                        "Elaps": {
                            "Formatted": "40 sec  (00:00:40)",
                            "RawSec": "40"
                        },
                        "Total": 9,
                        "Pass": 9,
                        "Fail": 0,
                        "Result": "PASSED"
                    },
                    "thor": {
                        "Elaps": {
                            "Formatted": "21 sec  (00:00:21)",
                            "RawSec": "21"
                        },
                        "Total": 9,
                        "Pass": 9,
                        "Fail": 0,
                        "Result": "PASSED"
                    },
                    "roxie": {
                        "Elaps": {
                            "Formatted": "39 sec  (00:00:39)",
                            "RawSec": "39"
                        },
                        "Total": 24,
                        "Pass": 24,
                        "Fail": 0,
                        "Result": "PASSED"
                    }
                }
            },
            {
                "Regress": {
                    "Result": "FAILED",
                    "Hthor": {
                        "Result": "PASSED",
                        "Elaps": {
                            "Formatted": "419 sec  (00:06:59)",
                            "RawSec": "419"
                        },
                        "Total": 1036,
                        "Pass": 1036,
                        "Fail": 0
                    },
                    "Thor": {
                        "Result": "PASSED",
                        "Elaps": {
                            "Formatted": "776 sec  (00:12:56)",
                            "RawSec": "776"
                        },
                        "Total": 926,
                        "Pass": 926,
                        "Fail": 0
                    },
                    "Roxie": {
                        "Result": "FAILED",
                        "Elaps": {
                            "Formatted": "534 sec  (00:08:54)",
                            "RawSec": "534"
                        },
                        "Total": 1126,
                        "Pass": 1125,
                        "Fail": 1
                    }
                }
            },
            {
                "Uninstall": {
                    "Elaps": "No data"
                }
            }
        ],
        "Errors": [
            {
                "roxie": {
                    "stresstext(multiPart=true)": {
                        "TestId": 933,
                        "Wuid": "W20241125-150106-2",
                        "Problem": "Exception",
                        "Code": "1454",
                        "Msg": "Failed to get response from server for dynamic file callback"
                    }
                }
            }
        ]
    }
}