{
    "OBTResult": {
        "Env": {
            "BuildSystem": "CentOS_Linux_7",
            "Hardware": "CPU/Cores: 16, RAM: 30 GB",
            "IPAddress": "10.20.0.45 (OBT-AWS02)"
        },
        "BuildSet": {
            "Branch": "candidate-9.2.x",
            "BranchDate": "Thu Nov 14 17:34:04 2024",
            "BranchSHA": "aa675bd3f72c244542e4ed10346d3c54f9b2d62d",
            "BuildType": "RelWithDebInfo",
            "Target": "BM/VM"
        },
        "Exclusion": {
            "Build": "MAKE_CASSANDRAEMBED, COUCHBASEEMBED, USE_AZURE, USE_AWS",
            "Unittest": "JlibReaderWriterTestTiming, AtomicTimingTest, AtomicTimingStressTest, RWLockStressTest",
            "MLtest": "ClassicTestModified.ecl, SVCTest.ecl",
            "Regression": "embedded-r, embedded-js, 3rdpartyservice, mongodb, python2"
        },
        "ThorConfig": {
            "Slaves": "4",
            "Channels": "1"
        },
        "Tasks": [
            {
                "Build": {
                    "Result": "PASSED",
                    "CMake": {
                        "Formatted": "12 sec (00:00:12)",
                        "RawSec": "12"
                    },
                    "Build": {
                        "Formatted": "589 sec (00:09:49)",
                        "RawSec": "589"
                    },
                    "Package": {
                        "Formatted": "340 sec (00:05:40)",
                        "RawSec": "340"
                    },
                    "Altogether": {
                        "Formatted": "941 sec (00:15:41)",
                        "RawSec": "941"
                    }
                }
            },
            {
                "Install": {
                    "Elaps": "No data"
                }
            },
            {
                "Unittests": {
                    "Result": "PASSED",
                    "Elaps": {
                        "Formatted": "2106 sec (00:35:06)",
                        "RawSec": "2106"
                    },
                    "Total": 333,
                    "Pass": 333,
                    "Fail": 0,
                    "Error": 0,
                    "Timeout": 0
                }
            },
            {
                "Wutooltests": {
                    "Result": "PASSED",
                    "Elaps": {
                        "Formatted": "1 sec (00:00:01)",
                        "RawSec": "1"
                    },
                    "Total": 19,
                    "Pass": 19,
                    "Fail": 0,
                    "Error": 0,
                    "Timeout": 0
                }
            },
            {
                "MLtests": {
                    "Result": "PASSED",
                    "DBSCAN": {
                        "Elaps": {
                            "Formatted": "371 sec  (00:06:11)",
                            "RawSec": "371"
                        },
                        "Total": 2,
                        "Pass": 2,
                        "Fail": 0,
                        "Result": "PASSED"
                    },
                    "GLM": {
                        "Elaps": {
                            "Formatted": "86 sec  (00:01:26)",
                            "RawSec": "86"
                        },
                        "Total": 7,
                        "Pass": 7,
                        "Fail": 0,
                        "Result": "PASSED"
                    },
                    "GNN": {
                        "Elaps": {
                            "Formatted": "14 sec  (00:00:14)",
                            "RawSec": "14"
                        },
                        "Total": 4,
                        "Pass": 4,
                        "Fail": 0,
                        "Result": "PASSED"
                    },
                    "KMeans": {
                        "Elaps": {
                            "Formatted": "5 sec  (00:00:05)",
                            "RawSec": "5"
                        },
                        "Total": 1,
                        "Pass": 1,
                        "Fail": 0,
                        "Result": "PASSED"
                    },
                    "LearningTrees": {
                        "Elaps": {
                            "Formatted": "459 sec  (00:07:39)",
                            "RawSec": "459"
                        },
                        "Total": 3,
                        "Pass": 3,
                        "Fail": 0,
                        "Result": "PASSED"
                    },
                    "PBblas": {
                        "Elaps": {
                            "Formatted": "259 sec  (00:04:19)",
                            "RawSec": "259"
                        },
                        "Total": 2,
                        "Pass": 2,
                        "Fail": 0,
                        "Result": "PASSED"
                    },
                    "SupportVectorMachines": {
                        "Elaps": {
                            "Formatted": "14 sec  (00:00:14)",
                            "RawSec": "14"
                        },
                        "Total": 1,
                        "Pass": 1,
                        "Fail": 0,
                        "Result": "PASSED"
                    },
                    "TextVectors": {
                        "Elaps": {
                            "Formatted": "2172 sec  (00:36:12)",
                            "RawSec": "2172"
                        },
                        "Total": 5,
                        "Pass": 5,
                        "Fail": 0,
                        "Result": "PASSED"
                    }
                }
            },
            {
                "Setup": {
                    "Result": "PASSED",
                    "hthor": {
                        "Elaps": {
                            "Formatted": "37 sec  (00:00:37)",
                            "RawSec": "37"
                        },
                        "Total": 9,
                        "Pass": 9,
                        "Fail": 0,
                        "Result": "PASSED"
                    },
                    "thor": {
                        "Elaps": {
                            "Formatted": "20 sec  (00:00:20)",
                            "RawSec": "20"
                        },
                        "Total": 9,
                        "Pass": 9,
                        "Fail": 0,
                        "Result": "PASSED"
                    },
                    "roxie": {
                        "Elaps": {
                            "Formatted": "38 sec  (00:00:38)",
                            "RawSec": "38"
                        },
                        "Total": 24,
                        "Pass": 24,
                        "Fail": 0,
                        "Result": "PASSED"
                    }
                }
            },
            {
                "Regress": {
                    "Result": "FAILED",
                    "Hthor": {
                        "Result": "PASSED",
                        "Elaps": {
                            "Formatted": "401 sec  (00:06:41)",
                            "RawSec": "401"
                        },
                        "Total": 1036,
                        "Pass": 1036,
                        "Fail": 0
                    },
                    "Thor": {
                        "Result": "FAILED",
                        "Elaps": {
                            "Formatted": "776 sec  (00:12:56)",
                            "RawSec": "776"
                        },
                        "Total": 926,
                        "Pass": 925,
                        "Fail": 1
                    },
                    "Roxie": {
                        "Result": "FAILED",
                        "Elaps": {
                            "Formatted": "533 sec  (00:08:53)",
                            "RawSec": "533"
                        },
                        "Total": 1126,
                        "Pass": 1125,
                        "Fail": 1
                    }
                }
            },
            {
                "Uninstall": {
                    "Elaps": "No data"
                }
            }
        ],
        "Errors": [
            {
                "thor": {
                    "loopthor2": {
                        "TestId": 520,
                        "Wuid": "W20241115-143622",
                        "Problem": "Exception",
                        "Code": "10034",
                        "Msg": "System error: 10034: Graph graph1[17], sort[19]: Graph graph1[17], sort[19]: CSortMaster::ConnectSlaves: Could not connect to 10:20:0:45:20121, Master exception - caused by (10034, Graph graph1[17], sort[19]: CSortMaster::ConnectSlaves: Could not connect to 10:20:0:45:20121)"
                    }
                },
                "roxie": {
                    "stresstext(multiPart=true)": {
                        "TestId": 933,
                        "Wuid": "W20241115-145036",
                        "Problem": "Exception",
                        "Code": "1454",
                        "Msg": "Failed to get response from server for dynamic file callback"
                    }
                }
            },
            {
                "thor": {
                    "loopthor2": {
                        "TestId": 520,
                        "Wuid": "W20241115-143622",
                        "Problem": "Exception",
                        "Code": "10034",
                        "Msg": "System error: 10034: Graph graph1[17], sort[19]: Graph graph1[17], sort[19]: CSortMaster::ConnectSlaves: Could not connect to 10:20:0:45:20121, Master exception - caused by (10034, Graph graph1[17], sort[19]: CSortMaster::ConnectSlaves: Could not connect to 10:20:0:45:20121)"
                    }
                },
                "roxie": {
                    "stresstext(multiPart=true)": {
                        "TestId": 933,
                        "Wuid": "W20241115-145036",
                        "Problem": "Exception",
                        "Code": "1454",
                        "Msg": "Failed to get response from server for dynamic file callback"
                    }
                }
            }
        ]
    }
}