{
  "OBTResult": {
    "Env": {
      "BuildSystem": "",
      "Hardware": "CPU/Cores: 8, RAM: 16 GB",
      "IPAddress": ""
    },
    "Remote": {
      "System": "AKS",
      "VmSize": "Standard_D16s_v4",
      "Hardware": "CPU/Cores: 16, RAM: 64 GB",
      "HthorConfig": {
        "Replicas": "3",
        "MaxActive": "4",
        "UseChildProcesses": "true",
        "AllowedPipePrograms": "\\*"
      },
      "ThorConfig": {
        "NumWorkers": "2",
        "MaxJobs": "4",
        "MaxGraph": "2",
        "MultiJobLinger": "true",
        "LingerPeriod": "200",
        "AllowedPipePrograms": "\\*"
      },
      "RoxieWorkunitConfig": {
        "Replicas": "1",
        "MaxActive": "20",
        "UseChildProcesses": "true",
        "AllowedPipePrograms": "*"
      }
    },
    "BuildSet": {
      "Branch": "community_9.8.40-rc1",
      "BranchDate": "N/A",
      "BranchSHA": "N/A",
      "BuildType": "Release",
      "Target": "K8s"
    },
    "Exclusion": {
      "Build": "N/A",
      "Documentation": "N/A",
      "Unittest": "N/A",
      "MLtest": "N/A",
      "Regression": ""
    },
    "Tasks": [
      {
        "UpdateHelmRepo": {
          "Result": "Done",
          "Elaps": {
            "Formatted": "3 sec (00:00:03)",
            "RawSec": "3"
          }
        }
      },
      {
        "UpgradeTerraform": {
          "Result": "Done",
          "Version": "Terraform v1.9.8",
          "Elaps": {
            "Formatted": "12 sec (00:00:12).",
            "RawSec": "12"
          }
        }
      },
      {
        "CreateVirtualNetwork": {
          "Result": "Done",
          "NumberOfResources": 7,
          "Elaps": {
            "Formatted": "86 sec (00:01:26)",
            "RawSec": "86"
          }
        }
      },
      {
        "CreateStorage": {
          "Result": "Done",
          "NumberOfResources": 16,
          "Elaps": {
            "Formatted": "92 sec (00:01:32)",
            "RawSec": "92"
          }
        }
      },
      {
        "CreateAKS": {
          "Result": "Done",
          "NumberOfResources": 20,
          "Elaps": {
            "Formatted": "496 sec (00:08:16)",
            "RawSec": "496"
          }
        }
      },
      {
        "ECLWatchAnnotation": {
          "Result": "Done",
          "Elaps": {
            "Formatted": "65 sec (00:01:05)",
            "RawSec": "65"
          }
        }
      },
      {
        "Setup": {
          "Result": "PASSED",
          "hthor": {
            "Elaps": {
              "Formatted": "",
              "RawSec": ""
            },
            "Total": 0,
            "Pass": 0,
            "Fail": 0,
            "Result": ""
          },
          "thor": {
            "Elaps": {
              "Formatted": "124 sec (00:02:04)",
              "RawSec": "124"
            },
            "Total": 9,
            "Pass": 9,
            "Fail": 0,
            "Result": "PASSED"
          },
          "roxie": {
            "Elaps": {
              "Formatted": "115 sec (00:01:55)",
              "RawSec": "115"
            },
            "Total": 24,
            "Pass": 24,
            "Fail": 0,
            "Result": "PASSED"
          }
        }
      },
      {
        " PublishQueries": {
          "Result": "Done",
          "Total": "15",
          "Elaps": {
            "Formatted": "88 sec (00:01:28)",
            "RawSec": "88"
          }
        }
      },
      {
        "Regress": {
          "Result": "FAILED",
          "Hthor": {
            "Result": "FAILED",
            "Elaps": {
              "Formatted": "4151 sec (01:09:11)",
              "RawSec": "4151"
            },
            "Total": 1050,
            "Pass": 1049,
            "Fail": 1
          },
          "Thor": {
            "Result": "FAILED",
            "Elaps": {
              "Formatted": "4132 sec (01:08:52)",
              "RawSec": "4132"
            },
            "Total": 937,
            "Pass": 933,
            "Fail": 4
          },
          "Roxie": {
            "Result": "FAILED",
            "Elaps": {
              "Formatted": "5129 sec (01:25:29)",
              "RawSec": "5129"
            },
            "Total": 1124,
            "Pass": 1081,
            "Fail": 43
          }
        }
      },
      {
        "CollectTimings": {
          "Result": "Done",
          "Elaps": {
            "Formatted": "1025 sec (00:17:05).",
            "RawSec": "1025"
          }
        }
      },
      {
        "CollectPODLogs": {
          "Result": "Done",
          "Elaps": {
            "Formatted": "305 sec (00:05:05).",
            "RawSec": "305"
          }
        }
      },
      {
        "DestroyAKS": {
          "Result": "Done",
          "NumberOfResources": 20,
          "Elaps": {
            "Formatted": "499 sec (00:08:19)",
            "RawSec": "499"
          }
        }
      },
      {
        "DestroyStorage": {
          "Result": "Done",
          "NumberOfResources": 16,
          "Elaps": {
            "Formatted": "126 sec (00:02:06)",
            "RawSec": "126"
          }
        }
      },
      {
        "DestroyVirtualNetwork": {
          "Result": "Done",
          "NumberOfResources": 11,
          "Elaps": {
            "Formatted": "114 sec (00:01:54)",
            "RawSec": "114"
          }
        }
      },
      {
        "RunLogProcessor": {
          "Result": "Done",
          "Elaps": {
            "Formatted": "0 sec (00:00:00).",
            "RawSec": "0"
          }
        }
      }
    ],
    "Errors": [
      {
        "Hthor_REGRESS": [
          "[Failure] 140. Fail cryptoplugin_pke_lfn.ecl - W20241115-121414 (6 sec)"
        ]
      },
      {
        "Thor_REGRESS": [
          "[Failure] 137. Fail cryptoplugin_pke_lfn.ecl - W20241115-132252 (6 sec)",
          "[Failure] 257. Fail external.ecl - W20241115-132951 (7 sec)",
          "[Failure] 344. Fail indexcachebug.ecl - W20241115-133617 (8 sec)",
          "[Failure] 644. Fail rewrite.ecl - W20241115-135832 (8 sec)"
        ]
      },
      {
        "Roxie_REGRESS": [
          "[Failure] 146. Fail critical1.ecl - W20241115-143529 (9 sec)",
          "[Failure] 151. Fail cryptoplugin_pke_lfn.ecl - W20241115-143546 (7 sec)",
          "[Failure] 284. Fail external.ecl - W20241115-144433-2 (8 sec)",
          "[Failure] 286. Fail externalplane.ecl - W20241115-144441 (8 sec)",
          "[Failure] 388. Fail indexmerge.ecl ( version: multiPart=false ) - W20241115-145152 (7 sec)",
          "[Failure] 574. Fail mergechild.ecl ( version: multiPart=false ) - W20241115-150550 (7 sec)",
          "[Failure] 669. Fail pullindex2.ecl ( version: multiPart=false ) - W20241115-151233 (7 sec)",
          "[Failure] 726. Fail rewrite.ecl - W20241115-151633 (7 sec)",
          "[Failure] 872. Fail steplimit1.ecl ( version: multiPart=false ) - W20241115-152742 (8 sec)",
          "[Failure] 874. Fail steplimit2.ecl ( version: multiPart=false ) - W20241115-152750-3 (7 sec)",
          "[Failure] 894. Fail stepping7.ecl ( version: multiPart=false ) - W20241115-152912 (7 sec)",
          "[Failure] 896. Fail stepping7a.ecl ( version: multiPart=false ) - W20241115-152921 (8 sec)",
          "[Failure] 898. Fail stepping7b.ecl ( version: multiPart=false ) - W20241115-152930 (8 sec)",
          "[Failure] 900. Fail stepping7c.ecl ( version: multiPart=false ) - W20241115-152938 (7 sec)",
          "[Failure] 902. Fail stepping7d.ecl ( version: multiPart=false ) - W20241115-152946 (7 sec)",
          "[Failure] 904. Fail stepping7e.ecl ( version: multiPart=false ) - W20241115-152955 (7 sec)",
          "[Failure] 906. Fail stepping7f.ecl ( version: multiPart=false ) - W20241115-153003 (7 sec)",
          "[Failure] 908. Fail stepping7g.ecl ( version: multiPart=false ) - W20241115-153012 (8 sec)",
          "[Failure] 910. Fail stepping7h.ecl ( version: multiPart=false ) - W20241115-153020 (7 sec)",
          "[Failure] 912. Fail stepping8.ecl ( version: multiPart=false ) - W20241115-153029 (7 sec)",
          "[Failure] 914. Fail stepping8a.ecl ( version: multiPart=false ) - W20241115-153037 (7 sec)",
          "[Failure] 916. Fail stepping8b.ecl ( version: multiPart=false ) - W20241115-153045 (7 sec)",
          "[Failure] 918. Fail stepping9a.ecl ( version: multiPart=false ) - W20241115-153054 (8 sec)",
          "[Failure] 920. Fail stepping9b.ecl ( version: multiPart=false ) - W20241115-153103 (8 sec)",
          "[Failure] 929. Fail stresstext.ecl ( version: multiPart=false ) - W20241115-153140 (11 sec)",
          "[Failure] 931. Fail stresstext.ecl ( version: multiPart=false, variant='default' ) - W20241115-153152 (11 sec)",
          "[Failure] 932. Fail stresstext.ecl ( version: multiPart=false, variant='inplace' ) - W20241115-153203 (11 sec)",
          "[Failure] 933. Fail stresstext.ecl ( version: multiPart=false, variant='inplace_row' ) - W20241115-153204 (10 sec)",
          "[Failure] 934. Fail stresstext.ecl ( version: multiPart=false, variant='inplace_lzw' ) - W20241115-153216 (11 sec)",
          "[Failure] 935. Fail stresstext.ecl ( version: multiPart=false, variant='inplace_lz4hc' ) - W20241115-153216-2 (11 sec)",
          "[Failure] 948. Fail superfile7.ecl - W20241115-153320 (8 sec)",
          "[Failure] 980. Fail textsearch4.ecl ( version: multiPart=false ) - W20241115-153854 (16 sec)",
          "[Failure] 1029. Fail verifytextindex.ecl ( version: multiPart=false, variant='default' ) - W20241115-154247 (7 sec)",
          "[Failure] 1030. Fail verifytextindex.ecl ( version: multiPart=false, variant='inplace' ) - W20241115-154252 (7 sec)",
          "[Failure] 1031. Fail verifytextindex.ecl ( version: multiPart=false, variant='inplace_row' ) - W20241115-154256 (7 sec)",
          "[Failure] 1032. Fail verifytextindex.ecl ( version: multiPart=false, variant='inplace_lzw' ) - W20241115-154300 (7 sec)",
          "[Failure] 1033. Fail verifytextindex.ecl ( version: multiPart=false, variant='inplace_lz4hc' ) - W20241115-154304 (7 sec)",
          "[Failure] 1080. Fail workflow_9a.ecl ( version: parallel=false ) - W20241115-154623 (8 sec)",
          "[Failure] 1081. Fail workflow_9a.ecl ( version: parallel=true ) - W20241115-154624 (7 sec)",
          "[Failure] 1083. Fail workflow_9b.ecl ( version: parallel=true ) - W20241115-154632-4 (8 sec)",
          "[Failure] 1082. Fail workflow_9b.ecl ( version: parallel=false ) - W20241115-154632 (10 sec)",
          "[Failure] 1084. Fail workflow_9c.ecl ( version: parallel=false ) - W20241115-154642 (27 sec)",
          "[Failure] 1085. Fail workflow_9c.ecl ( version: parallel=true ) - W20241115-154643 (28 sec)"
        ]
      }
    ]
  }
}
