{
  "OBTResult": {
    "Env": {
      "BuildSystem": "",
      "Hardware": "CPU/Cores: 8, RAM: 16 GB",
      "IPAddress": ""
    },
    "Remote": {
      "System": "AKS",
      "VmSize": "Standard_D16s_v4",
      "Hardware": "CPU/Cores: 16, RAM: 64 GB",
      "HthorConfig": {
        "Replicas": "3",
        "MaxActive": "4",
        "UseChildProcesses": "true",
        "AllowedPipePrograms": "\\*"
      },
      "ThorConfig": {
        "NumWorkers": "2",
        "MaxJobs": "4",
        "MaxGraph": "2",
        "MultiJobLinger": "true",
        "LingerPeriod": "200",
        "AllowedPipePrograms": "\\*"
      },
      "RoxieWorkunitConfig": {
        "Replicas": "1",
        "MaxActive": "20",
        "UseChildProcesses": "true",
        "AllowedPipePrograms": "*"
      }
    },
    "BuildSet": {
      "Branch": "community_9.8.38-1 Gold",
      "BranchDate": "N/A",
      "BranchSHA": "N/A",
      "BuildType": "Release",
      "Target": "K8s"
    },
    "Exclusion": {
      "Build": "N/A",
      "Documentation": "N/A",
      "Unittest": "N/A",
      "MLtest": "N/A",
      "Regression": ""
    },
    "Tasks": [
      {
        "UpdateHelmRepo": {
          "Result": "Done",
          "Elaps": {
            "Formatted": "5 sec (00:00:05)",
            "RawSec": "5"
          }
        }
      },
      {
        "UpgradeTerraform": {
          "Result": "Done",
          "Version": "Terraform v1.9.8",
          "Elaps": {
            "Formatted": "96 sec (00:01:36).",
            "RawSec": "96"
          }
        }
      },
      {
        "CreateVirtualNetwork": {
          "Result": "Done",
          "NumberOfResources": 11,
          "Elaps": {
            "Formatted": "124 sec (00:02:04)",
            "RawSec": "124"
          }
        }
      },
      {
        "CreateStorage": {
          "Result": "Done",
          "NumberOfResources": 16,
          "Elaps": {
            "Formatted": "141 sec (00:02:21)",
            "RawSec": "141"
          }
        }
      },
      {
        "CreateAKS": {
          "Result": "Done",
          "NumberOfResources": 20,
          "Elaps": {
            "Formatted": "456 sec (00:07:36)",
            "RawSec": "456"
          }
        }
      },
      {
        "ECLWatchAnnotation": {
          "Result": "Done",
          "Elaps": {
            "Formatted": "68 sec (00:01:08)",
            "RawSec": "68"
          }
        }
      },
      {
        "Setup": {
          "Result": "PASSED",
          "hthor": {
            "Elaps": {
              "Formatted": "",
              "RawSec": ""
            },
            "Total": 0,
            "Pass": 0,
            "Fail": 0,
            "Result": ""
          },
          "thor": {
            "Elaps": {
              "Formatted": "167 sec (00:02:47)",
              "RawSec": "167"
            },
            "Total": 9,
            "Pass": 9,
            "Fail": 0,
            "Result": "PASSED"
          },
          "roxie": {
            "Elaps": {
              "Formatted": "111 sec (00:01:51)",
              "RawSec": "111"
            },
            "Total": 24,
            "Pass": 24,
            "Fail": 0,
            "Result": "PASSED"
          }
        }
      },
      {
        " PublishQueries": {
          "Result": "Done",
          "Total": "15",
          "Elaps": {
            "Formatted": "88 sec (00:01:28)",
            "RawSec": "88"
          }
        }
      },
      {
        "Regress": {
          "Result": "FAILED",
          "Hthor": {
            "Result": "FAILED",
            "Elaps": {
              "Formatted": "4068 sec (01:07:48)",
              "RawSec": "4068"
            },
            "Total": 1050,
            "Pass": 1049,
            "Fail": 1
          },
          "Thor": {
            "Result": "FAILED",
            "Elaps": {
              "Formatted": "3651 sec (01:00:51)",
              "RawSec": "3651"
            },
            "Total": 937,
            "Pass": 935,
            "Fail": 2
          },
          "Roxie": {
            "Result": "FAILED",
            "Elaps": {
              "Formatted": "5076 sec (01:24:36)",
              "RawSec": "5076"
            },
            "Total": 1124,
            "Pass": 1083,
            "Fail": 41
          }
        }
      },
      {
        "CollectTimings": {
          "Result": "Done",
          "Elaps": {
            "Formatted": "1025 sec (00:17:05).",
            "RawSec": "1025"
          }
        }
      },
      {
        "CollectPODLogs": {
          "Result": "Done",
          "Elaps": {
            "Formatted": "299 sec (00:04:59).",
            "RawSec": "299"
          }
        }
      },
      {
        "DestroyAKS": {
          "Result": "Done",
          "NumberOfResources": 20,
          "Elaps": {
            "Formatted": "503 sec (00:08:23)",
            "RawSec": "503"
          }
        }
      },
      {
        "DestroyStorage": {
          "Result": "Done",
          "NumberOfResources": 16,
          "Elaps": {
            "Formatted": "132 sec (00:02:12)",
            "RawSec": "132"
          }
        }
      },
      {
        "DestroyVirtualNetwork": {
          "Result": "Done",
          "NumberOfResources": 11,
          "Elaps": {
            "Formatted": "149 sec (00:02:29)",
            "RawSec": "149"
          }
        }
      },
      {
        "RunLogProcessor": {
          "Result": "Done",
          "Elaps": {
            "Formatted": "1 sec (00:00:01).",
            "RawSec": "1"
          }
        }
      }
    ],
    "Errors": [
      {
        "Hthor_REGRESS": [
          "[Failure] 140. Fail cryptoplugin_pke_lfn.ecl - W20241114-123116 (6 sec)"
        ]
      },
      {
        "Thor_REGRESS": [
          "[Failure] 137. Fail cryptoplugin_pke_lfn.ecl - W20241114-133808-1 (6 sec)",
          "[Failure] 257. Fail external.ecl - W20241114-134437 (6 sec)"
        ]
      },
      {
        "Roxie_REGRESS": [
          "[Failure] 151. Fail cryptoplugin_pke_lfn.ecl - W20241114-144325 (7 sec)",
          "[Failure] 284. Fail external.ecl - W20241114-145157-3 (7 sec)",
          "[Failure] 286. Fail externalplane.ecl - W20241114-145205 (7 sec)",
          "[Failure] 388. Fail indexmerge.ecl ( version: multiPart=false ) - W20241114-145902 (7 sec)",
          "[Failure] 574. Fail mergechild.ecl ( version: multiPart=false ) - W20241114-151235 (7 sec)",
          "[Failure] 669. Fail pullindex2.ecl ( version: multiPart=false ) - W20241114-151915 (8 sec)",
          "[Failure] 726. Fail rewrite.ecl - W20241114-152313 (7 sec)",
          "[Failure] 872. Fail steplimit1.ecl ( version: multiPart=false ) - W20241114-153438 (7 sec)",
          "[Failure] 874. Fail steplimit2.ecl ( version: multiPart=false ) - W20241114-153446 (7 sec)",
          "[Failure] 894. Fail stepping7.ecl ( version: multiPart=false ) - W20241114-153607 (7 sec)",
          "[Failure] 896. Fail stepping7a.ecl ( version: multiPart=false ) - W20241114-153615 (7 sec)",
          "[Failure] 898. Fail stepping7b.ecl ( version: multiPart=false ) - W20241114-153624 (7 sec)",
          "[Failure] 900. Fail stepping7c.ecl ( version: multiPart=false ) - W20241114-153632 (7 sec)",
          "[Failure] 902. Fail stepping7d.ecl ( version: multiPart=false ) - W20241114-153641 (7 sec)",
          "[Failure] 904. Fail stepping7e.ecl ( version: multiPart=false ) - W20241114-153649 (7 sec)",
          "[Failure] 906. Fail stepping7f.ecl ( version: multiPart=false ) - W20241114-153658 (8 sec)",
          "[Failure] 908. Fail stepping7g.ecl ( version: multiPart=false ) - W20241114-153707 (8 sec)",
          "[Failure] 910. Fail stepping7h.ecl ( version: multiPart=false ) - W20241114-153715 (7 sec)",
          "[Failure] 912. Fail stepping8.ecl ( version: multiPart=false ) - W20241114-153724 (7 sec)",
          "[Failure] 914. Fail stepping8a.ecl ( version: multiPart=false ) - W20241114-153732 (7 sec)",
          "[Failure] 916. Fail stepping8b.ecl ( version: multiPart=false ) - W20241114-153741 (7 sec)",
          "[Failure] 918. Fail stepping9a.ecl ( version: multiPart=false ) - W20241114-153749 (7 sec)",
          "[Failure] 920. Fail stepping9b.ecl ( version: multiPart=false ) - W20241114-153757 (7 sec)",
          "[Failure] 929. Fail stresstext.ecl ( version: multiPart=false ) - W20241114-153831 (10 sec)",
          "[Failure] 931. Fail stresstext.ecl ( version: multiPart=false, variant='default' ) - W20241114-153843 (11 sec)",
          "[Failure] 933. Fail stresstext.ecl ( version: multiPart=false, variant='inplace_row' ) - W20241114-153855 (11 sec)",
          "[Failure] 932. Fail stresstext.ecl ( version: multiPart=false, variant='inplace' ) - W20241114-153855-2 (11 sec)",
          "[Failure] 934. Fail stresstext.ecl ( version: multiPart=false, variant='inplace_lzw' ) - W20241114-153907 (11 sec)",
          "[Failure] 935. Fail stresstext.ecl ( version: multiPart=false, variant='inplace_lz4hc' ) - W20241114-153907-2 (11 sec)",
          "[Failure] 980. Fail textsearch4.ecl ( version: multiPart=false ) - W20241114-154528 (15 sec)",
          "[Failure] 1029. Fail verifytextindex.ecl ( version: multiPart=false, variant='default' ) - W20241114-154915 (7 sec)",
          "[Failure] 1030. Fail verifytextindex.ecl ( version: multiPart=false, variant='inplace' ) - W20241114-154917 (7 sec)",
          "[Failure] 1031. Fail verifytextindex.ecl ( version: multiPart=false, variant='inplace_row' ) - W20241114-154923 (7 sec)",
          "[Failure] 1032. Fail verifytextindex.ecl ( version: multiPart=false, variant='inplace_lzw' ) - W20241114-154925 (7 sec)",
          "[Failure] 1033. Fail verifytextindex.ecl ( version: multiPart=false, variant='inplace_lz4hc' ) - W20241114-154931 (7 sec)",
          "[Failure] 1080. Fail workflow_9a.ecl ( version: parallel=false ) - W20241114-155245 (8 sec)",
          "[Failure] 1081. Fail workflow_9a.ecl ( version: parallel=true ) - W20241114-155245-1 (8 sec)",
          "[Failure] 1082. Fail workflow_9b.ecl ( version: parallel=false ) - W20241114-155255-3 (8 sec)",
          "[Failure] 1083. Fail workflow_9b.ecl ( version: parallel=true ) - W20241114-155255 (8 sec)",
          "[Failure] 1085. Fail workflow_9c.ecl ( version: parallel=true ) - W20241114-155304 (68 sec)",
          "[Failure] 1084. Fail workflow_9c.ecl ( version: parallel=false ) - W20241114-155304-5 (69 sec)"
        ]
      }
    ]
  }
}
