{
  "OBTResult": {
    "Env": {
      "BuildSystem": "Ubuntu_22_04_5_LTS",
      "Hardware": "CPU/Cores: 8, RAM: 16 GB",
      "IPAddress": "192.168.1.54"
    },
    "Remote": {
      "System": "AKS",
      "VmSize": "Standard_D16s_v4",
      "Hardware": "CPU/Cores: 16, RAM: 64 GB",
      "HthorConfig": {
        "Replicas": "3",
        "MaxActive": "4",
        "UseChildProcesses": "true",
        "AllowedPipePrograms": "*"
      },
      "ThorConfig": {
        "NumWorkers": "2",
        "MaxJobs": "4",
        "MaxGraph": "2",
        "MultiJobLinger": "true",
        "LingerPeriod": "200",
        "AllowedPipePrograms": "*"
      },
      "RoxieWorkunitConfig": {
        "Replicas": "1",
        "MaxActive": "20",
        "UseChildProcesses": "true",
        "AllowedPipePrograms": "*"
      }
    },
    "BuildSet": {
      "Branch": "community_9.8.42-1 Gold",
      "BranchDate": "N/A",
      "BranchSHA": "N/A",
      "BuildType": "Release",
      "Target": "K8s"
    },
    "Exclusion": {
      "Build": "N/A",
      "Documentation": "N/A",
      "Unittest": "N/A",
      "MLtest": "N/A",
      "Regression": "--ef pipefail.ecl -e embedded-r,embedded-js,3rdpartyservice,mongodb,spray"
    },
    "Tasks": [
      {
        "UpdateHelmRepo": {
          "Result": "Done",
          "Elaps": {
            "Formatted": "13 sec (00:00:13)",
            "RawSec": "13"
          }
        }
      },
      {
        "UpgradeTerraform": {
          "Result": "Done",
          "Version": "Terraform v1.10.0",
          "Elaps": {
            "Formatted": "46 sec (00:00:46)",
            "RawSec": "46"
          }
        }
      },
      {
        "CreateVirtualNetwork": {
          "Result": "Done (retCode: 0)",
          "NumberOfResources": 11,
          "Elaps": {
            "Formatted": "108 sec (00:01:48)",
            "RawSec": "108"
          }
        }
      },
      {
        "CreateStorage": {
          "Result": "Done (retCode: 0)",
          "NumberOfResources": 16,
          "Elaps": {
            "Formatted": "118 sec (00:01:58)",
            "RawSec": "118"
          }
        }
      },
      {
        "CreateAKS": {
          "Result": "Failed",
          "NumberOfResources": 0,
          "Elaps": {
            "Formatted": "385 sec (00:06:25)",
            "RawSec": "385"
          }
        }
      },
      {
        "ECLWatchAnnotation": {
          "Result": "Skipped based on error in deploy AKS.",
          "Elaps": {
            "Formatted": "",
            "RawSec": ""
          }
        }
      },
      {
        "Setup": {
          "Result": "Skipped based on error in deploy AKS.",
          "hthor": {
            "Elaps": {
              "Formatted": "0 sec (00:00:00)",
              "RawSec": "0"
            },
            "Total": 0,
            "Pass": 0,
            "Fail": 0,
            "Result": "N/A"
          },
          "thor": {
            "Elaps": {
              "Formatted": "",
              "RawSec": ""
            },
            "Total": 0,
            "Pass": 0,
            "Fail": 0,
            "Result": ""
          },
          "roxie": {
            "Elaps": {
              "Formatted": "",
              "RawSec": ""
            },
            "Total": 0,
            "Pass": 0,
            "Fail": 0,
            "Result": ""
          }
        }
      },
      {
        "PublishQueries": {
          "Result": "Skipped based on error in deploy AKS.",
          "Total": 0,
          "Elaps": {
            "Formatted": "",
            "RawSec": ""
          }
        }
      },
      {
        "Regress": {
          "Result": "Skipped based on error in deploy AKS.",
          "Hthor": {
            "Result": "",
            "Elaps": {
              "Formatted": "",
              "RawSec": ""
            },
            "Total": 0,
            "Pass": 0,
            "Fail": 0
          },
          "Thor": {
            "Result": "",
            "Elaps": {
              "Formatted": "",
              "RawSec": ""
            },
            "Total": 0,
            "Pass": 0,
            "Fail": 0
          },
          "Roxie": {
            "Result": "",
            "Elaps": {
              "Formatted": "",
              "RawSec": ""
            },
            "Total": 0,
            "Pass": 0,
            "Fail": 0
          }
        }
      },
      {
        "CollectTimings": {
          "Result": "",
          "Elaps": {
            "Formatted": "",
            "RawSec": ""
          }
        }
      },
      {
        "CollectPODLogs": {
          "Result": "Done",
          "Elaps": {
            "Formatted": "15 sec (00:00:15).",
            "RawSec": "15"
          }
        }
      },
      {
        "DestroyAKS": {
          "Result": "Done (retCode: 0)",
          "NumberOfResources": 17,
          "Elaps": {
            "Formatted": "342 sec (00:05:42)",
            "RawSec": "342"
          }
        }
      },
      {
        "DestroyStorage": {
          "Result": "Done (retCode: 0)",
          "NumberOfResources": 16,
          "Elaps": {
            "Formatted": "130 sec (00:02:10)",
            "RawSec": "130"
          }
        }
      },
      {
        "DestroyVirtualNetwork": {
          "Result": "Done (retCode: 0)",
          "NumberOfResources": 11,
          "Elaps": {
            "Formatted": "157 sec (00:02:37)",
            "RawSec": "157"
          }
        }
      },
      {
        "RunLogProcessor": {
          "Result": "",
          "Elaps": {
            "Formatted": "",
            "RawSec": ""
          }
        }
      }
    ],
    "Errors": []
  }
}
