{
  "OBTResult": {
    "Env": {
      "BuildSystem": "Ubuntu_22_04_5_LTS",
      "Hardware": "CPU/Cores: 8, RAM: 16 GB",
      "IPAddress": "192.168.1.54"
    },
    "Remote": {
      "System": "AKS",
      "VmSize": "Standard_D16s_v4",
      "Hardware": "CPU/Cores: 16, RAM: 64 GB",
      "HthorConfig": {
        "Replicas": "3",
        "MaxActive": "4",
        "UseChildProcesses": "true",
        "AllowedPipePrograms": "*"
      },
      "ThorConfig": {
        "NumWorkers": "2",
        "MaxJobs": "4",
        "MaxGraph": "2",
        "MultiJobLinger": "true",
        "LingerPeriod": "200",
        "AllowedPipePrograms": "*"
      },
      "RoxieWorkunitConfig": {
        "Replicas": "1",
        "MaxActive": "20",
        "UseChildProcesses": "true",
        "AllowedPipePrograms": "*"
      }
    },
    "BuildSet": {
      "Branch": "community_9.8.42-1 Gold",
      "BranchDate": "N/A",
      "BranchSHA": "N/A",
      "BuildType": "Release",
      "Target": "K8s"
    },
    "Exclusion": {
      "Build": "N/A",
      "Documentation": "N/A",
      "Unittest": "N/A",
      "MLtest": "N/A",
      "Regression": "--ef pipefail.ecl -e embedded-r,embedded-js,3rdpartyservice,mongodb,spray"
    },
    "Tasks": [
      {
        "UpdateHelmRepo": {
          "Result": "Done",
          "Elaps": {
            "Formatted": "3 sec (00:00:03)",
            "RawSec": "3"
          }
        }
      },
      {
        "UpgradeTerraform": {
          "Result": "Done",
          "Version": "Terraform v1.10.0",
          "Elaps": {
            "Formatted": "11 sec (00:00:11)",
            "RawSec": "11"
          }
        }
      },
      {
        "CreateVirtualNetwork": {
          "Result": "Done (retCode: 0)",
          "NumberOfResources": 11,
          "Elaps": {
            "Formatted": "183 sec (00:03:03)",
            "RawSec": "183"
          }
        }
      },
      {
        "CreateStorage": {
          "Result": "Done (retCode: 0)",
          "NumberOfResources": 16,
          "Elaps": {
            "Formatted": "93 sec (00:01:33)",
            "RawSec": "93"
          }
        }
      },
      {
        "CreateAKS": {
          "Result": "Done",
          "NumberOfResources": 20,
          "Elaps": {
            "Formatted": "547 sec (00:09:07)",
            "RawSec": "547"
          }
        }
      },
      {
        "ECLWatchAnnotation": {
          "Result": "Done",
          "Elaps": {
            "Formatted": "65 sec (00:01:05)",
            "RawSec": "65"
          }
        }
      },
      {
        "Setup": {
          "Result": "PASSED",
          "hthor": {
            "Elaps": {
              "Formatted": "0 sec (00:00:00)",
              "RawSec": "0"
            },
            "Total": 0,
            "Pass": 0,
            "Fail": 0,
            "Result": "N/A"
          },
          "thor": {
            "Elaps": {
              "Formatted": "118 sec (00:01:58)",
              "RawSec": "118"
            },
            "Total": 9,
            "Pass": 9,
            "Fail": 0,
            "Result": "PASSED"
          },
          "roxie": {
            "Elaps": {
              "Formatted": "122 sec (00:02:02)",
              "RawSec": "122"
            },
            "Total": 24,
            "Pass": 24,
            "Fail": 0,
            "Result": "PASSED"
          }
        }
      },
      {
        "PublishQueries": {
          "Result": "Done",
          "Total": 15,
          "Elaps": {
            "Formatted": "94 sec (00:01:34)",
            "RawSec": "94"
          }
        }
      },
      {
        "Regress": {
          "Result": "FAILED",
          "Hthor": {
            "Result": "FAILED",
            "Elaps": {
              "Formatted": "4367 sec (01:12:47)",
              "RawSec": "4367"
            },
            "Total": 1050,
            "Pass": 1049,
            "Fail": 1
          },
          "Thor": {
            "Result": "FAILED",
            "Elaps": {
              "Formatted": "4086 sec (01:08:06)",
              "RawSec": "4086"
            },
            "Total": 937,
            "Pass": 935,
            "Fail": 2
          },
          "Roxie": {
            "Result": "FAILED",
            "Elaps": {
              "Formatted": "5116 sec (01:25:16)",
              "RawSec": "5116"
            },
            "Total": 1124,
            "Pass": 1082,
            "Fail": 42
          }
        }
      },
      {
        "CollectTimings": {
          "Result": "Done",
          "Elaps": {
            "Formatted": "1012 sec (00:16:52).",
            "RawSec": "1012"
          }
        }
      },
      {
        "CollectPODLogs": {
          "Result": "Done",
          "Elaps": {
            "Formatted": "321 sec (00:05:21).",
            "RawSec": "321"
          }
        }
      },
      {
        "DestroyAKS": {
          "Result": "Done (retCode: 0)",
          "NumberOfResources": 20,
          "Elaps": {
            "Formatted": "495 sec (00:08:15)",
            "RawSec": "495"
          }
        }
      },
      {
        "DestroyStorage": {
          "Result": "Done (retCode: 0)",
          "NumberOfResources": 16,
          "Elaps": {
            "Formatted": "131 sec (00:02:11)",
            "RawSec": "131"
          }
        }
      },
      {
        "DestroyVirtualNetwork": {
          "Result": "Done (retCode: 0)",
          "NumberOfResources": 11,
          "Elaps": {
            "Formatted": "154 sec (00:02:34)",
            "RawSec": "154"
          }
        }
      },
      {
        "RunLogProcessor": {
          "Result": "Done",
          "Elaps": {
            "Formatted": "0 sec (00:00:00).",
            "RawSec": "0"
          }
        }
      }
    ],
    "Errors": [
      {
        "HthorRegress": [
          "[Failure] 140. Fail cryptoplugin_pke_lfn.ecl - W20241128-114809 (6 sec)"
        ]
      },
      {
        "ThorRegress": [
          "[Failure] 137. Fail cryptoplugin_pke_lfn.ecl - W20241128-125949-1 (6 sec)",
          "[Failure] 257. Fail external.ecl - W20241128-130652 (6 sec)"
        ]
      },
      {
        "RoxieRegress": [
          "[Failure] 151. Fail cryptoplugin_pke_lfn.ecl - W20241128-141158 (7 sec)",
          "[Failure] 284. Fail external.ecl - W20241128-142037 (7 sec)",
          "[Failure] 286. Fail externalplane.ecl - W20241128-142046 (8 sec)",
          "[Failure] 388. Fail indexmerge.ecl ( version: multiPart=false ) - W20241128-142750 (7 sec)",
          "[Failure] 574. Fail mergechild.ecl ( version: multiPart=false ) - W20241128-144137 (7 sec)",
          "[Failure] 669. Fail pullindex2.ecl ( version: multiPart=false ) - W20241128-144814 (7 sec)",
          "[Failure] 722. Fail remoteread.ecl ( version: optRemoteRead=false ) - W20241128-145149 (11 sec)",
          "[Failure] 726. Fail rewrite.ecl - W20241128-145212 (7 sec)",
          "[Failure] 872. Fail steplimit1.ecl ( version: multiPart=false ) - W20241128-150339 (7 sec)",
          "[Failure] 874. Fail steplimit2.ecl ( version: multiPart=false ) - W20241128-150347 (7 sec)",
          "[Failure] 894. Fail stepping7.ecl ( version: multiPart=false ) - W20241128-150507 (7 sec)",
          "[Failure] 896. Fail stepping7a.ecl ( version: multiPart=false ) - W20241128-150515 (7 sec)",
          "[Failure] 898. Fail stepping7b.ecl ( version: multiPart=false ) - W20241128-150524 (7 sec)",
          "[Failure] 900. Fail stepping7c.ecl ( version: multiPart=false ) - W20241128-150532 (7 sec)",
          "[Failure] 902. Fail stepping7d.ecl ( version: multiPart=false ) - W20241128-150540 (7 sec)",
          "[Failure] 904. Fail stepping7e.ecl ( version: multiPart=false ) - W20241128-150549 (7 sec)",
          "[Failure] 906. Fail stepping7f.ecl ( version: multiPart=false ) - W20241128-150557 (7 sec)",
          "[Failure] 908. Fail stepping7g.ecl ( version: multiPart=false ) - W20241128-150605 (7 sec)",
          "[Failure] 910. Fail stepping7h.ecl ( version: multiPart=false ) - W20241128-150614 (7 sec)",
          "[Failure] 912. Fail stepping8.ecl ( version: multiPart=false ) - W20241128-150622 (7 sec)",
          "[Failure] 914. Fail stepping8a.ecl ( version: multiPart=false ) - W20241128-150630 (7 sec)",
          "[Failure] 916. Fail stepping8b.ecl ( version: multiPart=false ) - W20241128-150639 (7 sec)",
          "[Failure] 918. Fail stepping9a.ecl ( version: multiPart=false ) - W20241128-150647 (7 sec)",
          "[Failure] 920. Fail stepping9b.ecl ( version: multiPart=false ) - W20241128-150656 (7 sec)",
          "[Failure] 929. Fail stresstext.ecl ( version: multiPart=false ) - W20241128-150732 (11 sec)",
          "[Failure] 931. Fail stresstext.ecl ( version: multiPart=false, variant='default' ) - W20241128-150744 (11 sec)",
          "[Failure] 932. Fail stresstext.ecl ( version: multiPart=false, variant='inplace' ) - W20241128-150753 (11 sec)",
          "[Failure] 933. Fail stresstext.ecl ( version: multiPart=false, variant='inplace_row' ) - W20241128-150756 (10 sec)",
          "[Failure] 934. Fail stresstext.ecl ( version: multiPart=false, variant='inplace_lzw' ) - W20241128-150805 (11 sec)",
          "[Failure] 935. Fail stresstext.ecl ( version: multiPart=false, variant='inplace_lz4hc' ) - W20241128-150807 (10 sec)",
          "[Failure] 980. Fail textsearch4.ecl ( version: multiPart=false ) - W20241128-151431 (15 sec)",
          "[Failure] 1029. Fail verifytextindex.ecl ( version: multiPart=false, variant='default' ) - W20241128-151817 (7 sec)",
          "[Failure] 1030. Fail verifytextindex.ecl ( version: multiPart=false, variant='inplace' ) - W20241128-151820 (7 sec)",
          "[Failure] 1031. Fail verifytextindex.ecl ( version: multiPart=false, variant='inplace_row' ) - W20241128-151826 (7 sec)",
          "[Failure] 1032. Fail verifytextindex.ecl ( version: multiPart=false, variant='inplace_lzw' ) - W20241128-151829 (7 sec)",
          "[Failure] 1033. Fail verifytextindex.ecl ( version: multiPart=false, variant='inplace_lz4hc' ) - W20241128-151834 (7 sec)",
          "[Failure] 1081. Fail workflow_9a.ecl ( version: parallel=true ) - W20241128-152152-4 (8 sec)",
          "[Failure] 1080. Fail workflow_9a.ecl ( version: parallel=false ) - W20241128-152152 (9 sec)",
          "[Failure] 1083. Fail workflow_9b.ecl ( version: parallel=true ) - W20241128-152202-3 (8 sec)",
          "[Failure] 1082. Fail workflow_9b.ecl ( version: parallel=false ) - W20241128-152202 (9 sec)",
          "[Failure] 1084. Fail workflow_9c.ecl ( version: parallel=false ) - W20241128-152212 (58 sec)",
          "[Failure] 1085. Fail workflow_9c.ecl ( version: parallel=true ) - W20241128-152212-1 (58 sec)"
        ]
      }
    ]
  }
}
