{
  "OBTResult": {
    "Env": {
      "BuildSystem": "Ubuntu_22_04_5_LTS",
      "Hardware": "CPU/Cores: 8, RAM: 16 GB",
      "IPAddress": "192.168.1.54"
    },
    "Remote": {
      "System": "AKS",
      "VmSize": "Standard_D16s_v4",
      "Hardware": "CPU/Cores: 16, RAM: 64 GB",
      "HthorConfig": {
        "Replicas": "3",
        "MaxActive": "4",
        "UseChildProcesses": "true",
        "AllowedPipePrograms": "*"
      },
      "ThorConfig": {
        "NumWorkers": "2",
        "MaxJobs": "4",
        "MaxGraph": "2",
        "MultiJobLinger": "true",
        "LingerPeriod": "200",
        "AllowedPipePrograms": "*"
      },
      "RoxieWorkunitConfig": {
        "Replicas": "1",
        "MaxActive": "20",
        "UseChildProcesses": "true",
        "AllowedPipePrograms": "*"
      }
    },
    "BuildSet": {
      "Branch": "community_9.8.42-rc1",
      "BranchDate": "N/A",
      "BranchSHA": "N/A",
      "BuildType": "Release",
      "Target": "K8s"
    },
    "Exclusion": {
      "Build": "N/A",
      "Documentation": "N/A",
      "Unittest": "N/A",
      "MLtest": "N/A",
      "Regression": "--ef pipefail.ecl -e embedded-r,embedded-js,3rdpartyservice,mongodb,spray"
    },
    "Tasks": [
      {
        "UpdateHelmRepo": {
          "Result": "Done",
          "Elaps": {
            "Formatted": "65 sec (00:01:05)",
            "RawSec": "65"
          }
        }
      },
      {
        "UpgradeTerraform": {
          "Result": "Done",
          "Version": "Terraform v1.9.8",
          "Elaps": {
            "Formatted": "106 sec (00:01:46)",
            "RawSec": "106"
          }
        }
      },
      {
        "CreateVirtualNetwork": {
          "Result": "Done (retCode: 0)",
          "NumberOfResources": 11,
          "Elaps": {
            "Formatted": "124 sec (00:02:04)",
            "RawSec": "124"
          }
        }
      },
      {
        "CreateStorage": {
          "Result": "Done (retCode: 0)",
          "NumberOfResources": 16,
          "Elaps": {
            "Formatted": "146 sec (00:02:26)",
            "RawSec": "146"
          }
        }
      },
      {
        "CreateAKS": {
          "Result": "Done",
          "NumberOfResources": 20,
          "Elaps": {
            "Formatted": "479 sec (00:07:59)",
            "RawSec": "479"
          }
        }
      },
      {
        "ECLWatchAnnotation": {
          "Result": "Done",
          "Elaps": {
            "Formatted": "67 sec (00:01:07)",
            "RawSec": "67"
          }
        }
      },
      {
        "Setup": {
          "Result": "PASSED",
          "hthor": {
            "Elaps": {
              "Formatted": "0 sec (00:00:00)",
              "RawSec": "0"
            },
            "Total": 0,
            "Pass": 0,
            "Fail": 0,
            "Result": "N/A"
          },
          "thor": {
            "Elaps": {
              "Formatted": "104 sec (00:01:44)",
              "RawSec": "104"
            },
            "Total": 9,
            "Pass": 9,
            "Fail": 0,
            "Result": "PASSED"
          },
          "roxie": {
            "Elaps": {
              "Formatted": "114 sec (00:01:54)",
              "RawSec": "114"
            },
            "Total": 24,
            "Pass": 24,
            "Fail": 0,
            "Result": "PASSED"
          }
        }
      },
      {
        " PublishQueries": {
          "Result": "Done",
          "Total": 15,
          "Elaps": {
            "Formatted": "86 sec (00:01:26)",
            "RawSec": "86"
          }
        }
      },
      {
        "Regress": {
          "Result": "FAILED",
          "Hthor": {
            "Result": "FAILED",
            "Elaps": {
              "Formatted": "4236 sec (01:10:36)",
              "RawSec": "4236"
            },
            "Total": 1050,
            "Pass": 1049,
            "Fail": 1
          },
          "Thor": {
            "Result": "FAILED",
            "Elaps": {
              "Formatted": "3901 sec (01:05:01)",
              "RawSec": "3901"
            },
            "Total": 937,
            "Pass": 935,
            "Fail": 2
          },
          "Roxie": {
            "Result": "FAILED",
            "Elaps": {
              "Formatted": "5003 sec (01:23:23)",
              "RawSec": "5003"
            },
            "Total": 1124,
            "Pass": 1082,
            "Fail": 42
          }
        }
      },
      {
        "CollectTimings": {
          "Result": "Done",
          "Elaps": {
            "Formatted": "1021 sec (00:17:01).",
            "RawSec": "1021"
          }
        }
      },
      {
        "CollectPODLogs": {
          "Result": "Done",
          "Elaps": {
            "Formatted": "509 sec (00:08:29).",
            "RawSec": "509"
          }
        }
      },
      {
        "DestroyAKS": {
          "Result": "Done (retCode: 0)",
          "NumberOfResources": 20,
          "Elaps": {
            "Formatted": "537 sec (00:08:57)",
            "RawSec": "537"
          }
        }
      },
      {
        "DestroyStorage": {
          "Result": "Done (retCode: 0)",
          "NumberOfResources": 16,
          "Elaps": {
            "Formatted": "131 sec (00:02:11)",
            "RawSec": "131"
          }
        }
      },
      {
        "DestroyVirtualNetwork": {
          "Result": "Done (retCode: 0)",
          "NumberOfResources": 11,
          "Elaps": {
            "Formatted": "154 sec (00:02:34)",
            "RawSec": "154"
          }
        }
      },
      {
        "RunLogProcessor": {
          "Result": "Done",
          "Elaps": {
            "Formatted": "1 sec (00:00:01).",
            "RawSec": "1"
          }
        }
      }
    ],
    "Errors": [
      {
        "HthorRegress": [
          "[Failure] 140. Fail cryptoplugin_pke_lfn.ecl - W20241126-112111 (6 sec)"
        ]
      },
      {
        "ThorRegress": [
          "[Failure] 137. Fail cryptoplugin_pke_lfn.ecl - W20241126-122932 (6 sec)",
          "[Failure] 257. Fail external.ecl - W20241126-123617 (7 sec)"
        ]
      },
      {
        "RoxieRegress": [
          "[Failure] 146. Fail critical1.ecl - W20241126-133821 (9 sec)",
          "[Failure] 151. Fail cryptoplugin_pke_lfn.ecl - W20241126-133838 (7 sec)",
          "[Failure] 284. Fail external.ecl - W20241126-134711 (7 sec)",
          "[Failure] 286. Fail externalplane.ecl - W20241126-134719 (7 sec)",
          "[Failure] 388. Fail indexmerge.ecl ( version: multiPart=false ) - W20241126-135417 (7 sec)",
          "[Failure] 574. Fail mergechild.ecl ( version: multiPart=false ) - W20241126-140753 (7 sec)",
          "[Failure] 669. Fail pullindex2.ecl ( version: multiPart=false ) - W20241126-141426 (7 sec)",
          "[Failure] 726. Fail rewrite.ecl - W20241126-141823 (7 sec)",
          "[Failure] 872. Fail steplimit1.ecl ( version: multiPart=false ) - W20241126-142918-5 (7 sec)",
          "[Failure] 874. Fail steplimit2.ecl ( version: multiPart=false ) - W20241126-142926-5 (7 sec)",
          "[Failure] 894. Fail stepping7.ecl ( version: multiPart=false ) - W20241126-143047 (7 sec)",
          "[Failure] 896. Fail stepping7a.ecl ( version: multiPart=false ) - W20241126-143055 (7 sec)",
          "[Failure] 898. Fail stepping7b.ecl ( version: multiPart=false ) - W20241126-143103 (7 sec)",
          "[Failure] 900. Fail stepping7c.ecl ( version: multiPart=false ) - W20241126-143111 (7 sec)",
          "[Failure] 902. Fail stepping7d.ecl ( version: multiPart=false ) - W20241126-143120 (7 sec)",
          "[Failure] 904. Fail stepping7e.ecl ( version: multiPart=false ) - W20241126-143128 (7 sec)",
          "[Failure] 906. Fail stepping7f.ecl ( version: multiPart=false ) - W20241126-143137 (7 sec)",
          "[Failure] 908. Fail stepping7g.ecl ( version: multiPart=false ) - W20241126-143145 (7 sec)",
          "[Failure] 910. Fail stepping7h.ecl ( version: multiPart=false ) - W20241126-143154 (7 sec)",
          "[Failure] 912. Fail stepping8.ecl ( version: multiPart=false ) - W20241126-143202 (7 sec)",
          "[Failure] 914. Fail stepping8a.ecl ( version: multiPart=false ) - W20241126-143210 (7 sec)",
          "[Failure] 916. Fail stepping8b.ecl ( version: multiPart=false ) - W20241126-143219 (7 sec)",
          "[Failure] 918. Fail stepping9a.ecl ( version: multiPart=false ) - W20241126-143227 (7 sec)",
          "[Failure] 920. Fail stepping9b.ecl ( version: multiPart=false ) - W20241126-143235 (7 sec)",
          "[Failure] 929. Fail stresstext.ecl ( version: multiPart=false ) - W20241126-143308 (10 sec)",
          "[Failure] 931. Fail stresstext.ecl ( version: multiPart=false, variant='default' ) - W20241126-143320 (11 sec)",
          "[Failure] 932. Fail stresstext.ecl ( version: multiPart=false, variant='inplace' ) - W20241126-143332 (10 sec)",
          "[Failure] 933. Fail stresstext.ecl ( version: multiPart=false, variant='inplace_row' ) - W20241126-143333 (10 sec)",
          "[Failure] 934. Fail stresstext.ecl ( version: multiPart=false, variant='inplace_lzw' ) - W20241126-143343 (10 sec)",
          "[Failure] 935. Fail stresstext.ecl ( version: multiPart=false, variant='inplace_lz4hc' ) - W20241126-143344 (10 sec)",
          "[Failure] 980. Fail textsearch4.ecl ( version: multiPart=false ) - W20241126-144001 (16 sec)",
          "[Failure] 1029. Fail verifytextindex.ecl ( version: multiPart=false, variant='default' ) - W20241126-144347 (7 sec)",
          "[Failure] 1030. Fail verifytextindex.ecl ( version: multiPart=false, variant='inplace' ) - W20241126-144351 (7 sec)",
          "[Failure] 1031. Fail verifytextindex.ecl ( version: multiPart=false, variant='inplace_row' ) - W20241126-144355 (7 sec)",
          "[Failure] 1032. Fail verifytextindex.ecl ( version: multiPart=false, variant='inplace_lzw' ) - W20241126-144359 (7 sec)",
          "[Failure] 1033. Fail verifytextindex.ecl ( version: multiPart=false, variant='inplace_lz4hc' ) - W20241126-144403 (7 sec)",
          "[Failure] 1080. Fail workflow_9a.ecl ( version: parallel=false ) - W20241126-144719 (8 sec)",
          "[Failure] 1081. Fail workflow_9a.ecl ( version: parallel=true ) - W20241126-144719-3 (8 sec)",
          "[Failure] 1083. Fail workflow_9b.ecl ( version: parallel=true ) - W20241126-144728 (8 sec)",
          "[Failure] 1082. Fail workflow_9b.ecl ( version: parallel=false ) - W20241126-144728-4 (9 sec)",
          "[Failure] 1084. Fail workflow_9c.ecl ( version: parallel=false ) - W20241126-144738 (32 sec)",
          "[Failure] 1085. Fail workflow_9c.ecl ( version: parallel=true ) - W20241126-144738-3 (33 sec)"
        ]
      }
    ]
  }
}
