{
  "OBTResult": {
    "Env": {
      "BuildSystem": "Ubuntu_22_04_5_LTS",
      "Hardware": "CPU/Cores: 8, RAM: 16 GB",
      "IPAddress": "192.168.1.54"
    },
    "Remote": {
      "System": "AKS",
      "VmSize": "Standard_D16s_v4",
      "Hardware": "CPU/Cores: 16, RAM: 64 GB",
      "HthorConfig": {
        "Replicas": "3",
        "MaxActive": "4",
        "UseChildProcesses": "true",
        "AllowedPipePrograms": "*"
      },
      "ThorConfig": {
        "NumWorkers": "2",
        "MaxJobs": "4",
        "MaxGraph": "2",
        "MultiJobLinger": "true",
        "LingerPeriod": "200",
        "AllowedPipePrograms": "*"
      },
      "RoxieWorkunitConfig": {
        "Replicas": "1",
        "MaxActive": "20",
        "UseChildProcesses": "true",
        "AllowedPipePrograms": "*"
      }
    },
    "BuildSet": {
      "Branch": "community_9.8.40-1 Gold",
      "BranchDate": "N/A",
      "BranchSHA": "N/A",
      "BuildType": "Release",
      "Target": "K8s"
    },
    "Exclusion": {
      "Build": "N/A",
      "Documentation": "N/A",
      "Unittest": "N/A",
      "MLtest": "N/A",
      "Regression": "--ef pipefail.ecl -e embedded-r,embedded-js,3rdpartyservice,mongodb,spray"
    },
    "Tasks": [
      {
        "UpdateHelmRepo": {
          "Result": "Done",
          "Elaps": {
            "Formatted": "4 sec (00:00:04)",
            "RawSec": "4"
          }
        }
      },
      {
        "UpgradeTerraform": {
          "Result": "Done",
          "Version": "Terraform v1.9.8",
          "Elaps": {
            "Formatted": "152 sec (00:02:32)",
            "RawSec": "152"
          }
        }
      },
      {
        "CreateVirtualNetwork": {
          "Result": "Done",
          "NumberOfResources": 11,
          "Elaps": {
            "Formatted": "107 sec (00:01:47)",
            "RawSec": "107"
          }
        }
      },
      {
        "CreateStorage": {
          "Result": "Done",
          "NumberOfResources": 16,
          "Elaps": {
            "Formatted": "148 sec (00:02:28)",
            "RawSec": "148"
          }
        }
      },
      {
        "CreateAKS": {
          "Result": "Done",
          "NumberOfResources": 20,
          "Elaps": {
            "Formatted": "468 sec (00:07:48)",
            "RawSec": "468"
          }
        }
      },
      {
        "ECLWatchAnnotation": {
          "Result": "Done",
          "Elaps": {
            "Formatted": "65 sec (00:01:05)",
            "RawSec": "65"
          }
        }
      },
      {
        "Setup": {
          "Result": "PASSED",
          "hthor": {
            "Elaps": {
              "Formatted": "0 sec (00:00:00)",
              "RawSec": "0"
            },
            "Total": 0,
            "Pass": 0,
            "Fail": 0,
            "Result": "N/A"
          },
          "thor": {
            "Elaps": {
              "Formatted": "151 sec (00:02:31)",
              "RawSec": "151"
            },
            "Total": 9,
            "Pass": 9,
            "Fail": 0,
            "Result": "PASSED"
          },
          "roxie": {
            "Elaps": {
              "Formatted": "116 sec (00:01:56)",
              "RawSec": "116"
            },
            "Total": 24,
            "Pass": 24,
            "Fail": 0,
            "Result": "PASSED"
          }
        }
      },
      {
        " PublishQueries": {
          "Result": "Done",
          "Total": 15,
          "Elaps": {
            "Formatted": "87 sec (00:01:27)",
            "RawSec": "87"
          }
        }
      },
      {
        "Regress": {
          "Result": "FAILED",
          "Hthor": {
            "Result": "FAILED",
            "Elaps": {
              "Formatted": "4191 sec (01:09:51)",
              "RawSec": "4191"
            },
            "Total": 1050,
            "Pass": 1049,
            "Fail": 1
          },
          "Thor": {
            "Result": "FAILED",
            "Elaps": {
              "Formatted": "3712 sec (01:01:52)",
              "RawSec": "3712"
            },
            "Total": 937,
            "Pass": 935,
            "Fail": 2
          },
          "Roxie": {
            "Result": "FAILED",
            "Elaps": {
              "Formatted": "5131 sec (01:25:31)",
              "RawSec": "5131"
            },
            "Total": 1124,
            "Pass": 1063,
            "Fail": 61
          }
        }
      },
      {
        "CollectTimings": {
          "Result": "Done",
          "Elaps": {
            "Formatted": "1030 sec (00:17:10).",
            "RawSec": "1030"
          }
        }
      },
      {
        "CollectPODLogs": {
          "Result": "Done",
          "Elaps": {
            "Formatted": "310 sec (00:05:10).",
            "RawSec": "310"
          }
        }
      },
      {
        "DestroyAKS": {
          "Result": "Done",
          "NumberOfResources": 20,
          "Elaps": {
            "Formatted": "494 sec (00:08:14)",
            "RawSec": "494"
          }
        }
      },
      {
        "DestroyStorage": {
          "Result": "Done",
          "NumberOfResources": 16,
          "Elaps": {
            "Formatted": "129 sec (00:02:09)",
            "RawSec": "129"
          }
        }
      },
      {
        "DestroyVirtualNetwork": {
          "Result": "Done",
          "NumberOfResources": 11,
          "Elaps": {
            "Formatted": "152 sec (00:02:32)",
            "RawSec": "152"
          }
        }
      },
      {
        "RunLogProcessor": {
          "Result": "Done",
          "Elaps": {
            "Formatted": "1 sec (00:00:01).",
            "RawSec": "1"
          }
        }
      }
    ],
    "Errors": [
      {
        "HthorRegress": [
          "[Failure] 140. Fail cryptoplugin_pke_lfn.ecl - W20241122-112238 (6 sec)"
        ]
      },
      {
        "ThorRegress": [
          "[Failure] 137. Fail cryptoplugin_pke_lfn.ecl - W20241122-123124 (6 sec)",
          "[Failure] 257. Fail external.ecl - W20241122-123802 (6 sec)"
        ]
      },
      {
        "RoxieRegress": [
          "[Failure]  19. Fail aggidx1.ecl ( version: multiPart=false, useSequential=true ) - W20241122-132730 (8 sec)",
          "[Failure]  21. Fail aggidx2.ecl ( version: multiPart=false, useSequential=true ) - W20241122-132739 (7 sec)",
          "[Failure]  23. Fail aggidx3.ecl ( version: multiPart=false, useSequential=true ) - W20241122-132747 (8 sec)",
          "[Failure]  25. Fail aggidx4.ecl ( version: multiPart=false, useSequential=true ) - W20241122-132756-2 (8 sec)",
          "[Failure]  79. Fail canmatch2.ecl ( version: multiPart=false ) - W20241122-133307 (7 sec)",
          "[Failure] 151. Fail cryptoplugin_pke_lfn.ecl - W20241122-133744-3 (7 sec)",
          "[Failure] 155. Fail csvfetch.ecl ( version: multiPart=false ) - W20241122-133800 (7 sec)",
          "[Failure] 284. Fail external.ecl - W20241122-134624-3 (7 sec)",
          "[Failure] 286. Fail externalplane.ecl - W20241122-134632 (7 sec)",
          "[Failure] 368. Fail indexGroupAggregate.ecl ( version: multiPart=false ) - W20241122-135206-5 (7 sec)",
          "[Failure] 367. Fail indexAggregate.ecl ( version: multiPart=false ) - W20241122-135206 (8 sec)",
          "[Failure] 388. Fail indexmerge.ecl ( version: multiPart=false ) - W20241122-135336-1 (7 sec)",
          "[Failure] 406. Fail indexread5.ecl ( version: multiPart=false ) - W20241122-135453 (8 sec)",
          "[Failure] 518. Fail keyed_join3.ecl ( version: multiPart=false ) - W20241122-140339 (8 sec)",
          "[Failure] 519. Fail keyed_join3.ecl ( version: multiPart=false, forceRemoteKeyedLookup=true, forceRemoteKeyedFetch=true ) - W20241122-140344 (8 sec)",
          "[Failure] 574. Fail mergechild.ecl ( version: multiPart=false ) - W20241122-140723 (7 sec)",
          "[Failure] 669. Fail pullindex2.ecl ( version: multiPart=false ) - W20241122-141403 (7 sec)",
          "[Failure] 726. Fail rewrite.ecl - W20241122-141801 (7 sec)",
          "[Failure] 829. Fail sqcntidx.ecl ( version: multiPart=false ) - W20241122-142632 (7 sec)",
          "[Failure] 846. Fail sqidxlimit.ecl ( version: multiPart=false ) - W20241122-142744 (8 sec)",
          "[Failure] 847. Fail sqidxlimit2.ecl ( version: multiPart=false ) - W20241122-142750 (8 sec)",
          "[Failure] 848. Fail sqidxopt.ecl ( version: useValueSetsInIndex=false, useValueSetsInJoin=false ) - W20241122-142753 (7 sec)",
          "[Failure] 849. Fail sqidxopt.ecl ( version: useValueSetsInIndex=true, useValueSetsInJoin=false ) - W20241122-142759 (7 sec)",
          "[Failure] 850. Fail sqidxopt.ecl ( version: useValueSetsInIndex=false, useValueSetsInJoin=true ) - W20241122-142801 (7 sec)",
          "[Failure] 851. Fail sqidxopt.ecl ( version: useValueSetsInIndex=true, useValueSetsInJoin=true ) - W20241122-142808 (7 sec)",
          "[Failure] 856. Fail sqnormidx1.ecl ( version: multiPart=false ) - W20241122-142826 (8 sec)",
          "[Failure] 857. Fail sqnormidx2.ecl ( version: multiPart=false ) - W20241122-142834 (8 sec)",
          "[Failure] 872. Fail steplimit1.ecl ( version: multiPart=false ) - W20241122-142934 (7 sec)",
          "[Failure] 874. Fail steplimit2.ecl ( version: multiPart=false ) - W20241122-142943-4 (7 sec)",
          "[Failure] 894. Fail stepping7.ecl ( version: multiPart=false ) - W20241122-143103-1 (7 sec)",
          "[Failure] 896. Fail stepping7a.ecl ( version: multiPart=false ) - W20241122-143111-1 (7 sec)",
          "[Failure] 898. Fail stepping7b.ecl ( version: multiPart=false ) - W20241122-143119 (7 sec)",
          "[Failure] 900. Fail stepping7c.ecl ( version: multiPart=false ) - W20241122-143127 (7 sec)",
          "[Failure] 902. Fail stepping7d.ecl ( version: multiPart=false ) - W20241122-143135 (7 sec)",
          "[Failure] 904. Fail stepping7e.ecl ( version: multiPart=false ) - W20241122-143144 (7 sec)",
          "[Failure] 906. Fail stepping7f.ecl ( version: multiPart=false ) - W20241122-143152 (7 sec)",
          "[Failure] 908. Fail stepping7g.ecl ( version: multiPart=false ) - W20241122-143200 (7 sec)",
          "[Failure] 910. Fail stepping7h.ecl ( version: multiPart=false ) - W20241122-143208 (7 sec)",
          "[Failure] 912. Fail stepping8.ecl ( version: multiPart=false ) - W20241122-143218 (7 sec)",
          "[Failure] 914. Fail stepping8a.ecl ( version: multiPart=false ) - W20241122-143227 (7 sec)",
          "[Failure] 916. Fail stepping8b.ecl ( version: multiPart=false ) - W20241122-143235 (7 sec)",
          "[Failure] 918. Fail stepping9a.ecl ( version: multiPart=false ) - W20241122-143243 (7 sec)",
          "[Failure] 920. Fail stepping9b.ecl ( version: multiPart=false ) - W20241122-143252 (7 sec)",
          "[Failure] 929. Fail stresstext.ecl ( version: multiPart=false ) - W20241122-143327 (10 sec)",
          "[Failure] 931. Fail stresstext.ecl ( version: multiPart=false, variant='default' ) - W20241122-143339 (11 sec)",
          "[Failure] 932. Fail stresstext.ecl ( version: multiPart=false, variant='inplace' ) - W20241122-143350 (11 sec)",
          "[Failure] 933. Fail stresstext.ecl ( version: multiPart=false, variant='inplace_row' ) - W20241122-143351 (10 sec)",
          "[Failure] 934. Fail stresstext.ecl ( version: multiPart=false, variant='inplace_lzw' ) - W20241122-143402 (11 sec)",
          "[Failure] 935. Fail stresstext.ecl ( version: multiPart=false, variant='inplace_lz4hc' ) - W20241122-143403 (10 sec)",
          "[Failure] 980. Fail textsearch4.ecl ( version: multiPart=false ) - W20241122-144032 (15 sec)",
          "[Failure] 1029. Fail verifytextindex.ecl ( version: multiPart=false, variant='default' ) - W20241122-144422 (7 sec)",
          "[Failure] 1030. Fail verifytextindex.ecl ( version: multiPart=false, variant='inplace' ) - W20241122-144424 (7 sec)",
          "[Failure] 1031. Fail verifytextindex.ecl ( version: multiPart=false, variant='inplace_row' ) - W20241122-144430 (7 sec)",
          "[Failure] 1032. Fail verifytextindex.ecl ( version: multiPart=false, variant='inplace_lzw' ) - W20241122-144432 (7 sec)",
          "[Failure] 1033. Fail verifytextindex.ecl ( version: multiPart=false, variant='inplace_lz4hc' ) - W20241122-144438 (7 sec)",
          "[Failure] 1080. Fail workflow_9a.ecl ( version: parallel=false ) - W20241122-144758-1 (8 sec)",
          "[Failure] 1081. Fail workflow_9a.ecl ( version: parallel=true ) - W20241122-144758 (9 sec)",
          "[Failure] 1082. Fail workflow_9b.ecl ( version: parallel=false ) - W20241122-144807 (8 sec)",
          "[Failure] 1083. Fail workflow_9b.ecl ( version: parallel=true ) - W20241122-144807-4 (8 sec)",
          "[Failure] 1084. Fail workflow_9c.ecl ( version: parallel=false ) - W20241122-144817 (58 sec)",
          "[Failure] 1085. Fail workflow_9c.ecl ( version: parallel=true ) - W20241122-144817-1 (58 sec)"
        ]
      }
    ]
  }
}
