{
    "OBTResult":{
        "Env":{
            "BuildSystem":"CentOS_Linux_7",
            "Hardware":"vCPU: 8, RAM: 16 GB",
            "IPAddress":"10.20.0.45"
        },
        "Remote" : {
            "System" : "Minikube",
            "Hardware": "CPU/Cores: 16, RAM: 64 GB",
            "HthorConfig" : {
                "Replicas" : "3",
                "MaxActive" : "4",
                "UseChildProcesses" : "true",
                "AllowedPipePrograms" : "*"
            },
            "ThorConfig" : {
                "NumWorkers" : "2",
                "MaxJobs" : "4",
                "MaxGraph" : "2",
                "MultiJobLinger" : "true",
                "LingerPeriod" : "200",
                "AllowedPipePrograms" : "*"
            },
            "RoxieWorkunitConfig" : {
                "Replicas" : "1",
                "MaxActive" : "20",
                "UseChildProcesses" : "true",
                "AllowedPipePrograms" : "*"
            },
        },
        "BuildSet":{
            "Branch" : "community_9.8.40-1 Gold",
            "BranchDate" : "N/A",
            "BranchSHA" : "N/A",
            "BuildType" : "Release",
            "Target" : "K8s"
        },
        "Exclusion":{
            "Build" : "N/A",
            "Documentation" : "N/A",
            "Unittest" : "N/A",
            "MLtest" : "N/A",
            "Regression" : "--ef pipefail.ecl -e embedded-r,embedded-js,3rdpartyservice,mongodb,spray"
        },
        "Tasks" : [
            {
                "UpdateHelmRepo" : {
                    "Result" : "Done",
                    "Elaps" : {
                        "Formatted":"0 sec 0 sec (00:00:00)",
                        "RawSec":"0"
                    }
                }
            },
            {
                "CheckLocalPlatform":{
                    "Result":"Done",
                    "Version":"",
                    "Elaps":{
                        "Formatted":"36 sec 36 sec (00:00:36)",
                        "RawSec":"36"
                    }
                }
            },
            {
                "StartMinikube":{
                    "Result":"Done",
                    "Elaps":{
                        "Formatted":"28 sec 28 sec (00:00:28)",
                        "RawSec":"28"
                    }
                }
            },
            {
                "DeployHPCC":{
                    "Result":"Done",
                    "Elaps":{
                        "Formatted":"1 sec 1 sec (00:00:01)",
                        "RawSec":"1"
                    }
                }
            },
            {
                "WaitForPODs":{
                    "Result":"Done",
                    "NumberOfPODs": 29,
                    "Elaps":{
                        "Formatted":"202 sec 202 sec (00:03:22)",
                        "RawSec":"202"
                    }
                }
            },
            {
                "ECLWatchAnnotation":{
                    "Result":"",
                    "Elaps":{
                        "Formatted":"38 sec 38 sec (00:00:38)",
                        "RawSec":"38"
                    }
                }
            },
            {
                "Setup":{
                    "Result":"PASSED",
                    "hthor":{
                        "Elaps":{
                            "Formatted":"0 sec (00:00:00)",
                            "RawSec":"0"
                        },
                        "Total": 0,
                        "Pass": 0,
                        "Fail": 0,
                        "Result":"N/A"
                    },
                    "thor":{
                        "Elaps":{
                            "Formatted":"78 sec (00:01:18)",
                            "RawSec":"78"
                        },
                        "Total": 9,
                        "Pass": 9,
                        "Fail": 0,
                        "Result": PASSED
                    },
                    "roxie":{
                        "Elaps":{
                            "Formatted":"76 sec (00:01:16)",
                            "RawSec":"76"
                        },
                        "Total": 24,
                        "Pass": 24,
                        "Fail": 0,
                        "Result":"PASSED"
                    }
                }
            },
            {
                " PublishQueries":{
                    "Result":"Done",
                    "Total": 15,
                    "Elaps":{
                        "Formatted":"28 sec 28 sec (00:00:28)",
                        "RawSec":"28"
                    }
                }
            },
            {
                "Regress":{
                    "Result":"FAILED",
                    "Hthor":{
                        "Result":"FAILED",
                        "Elaps":{
                            "Formatted":"1847 sec (00:30:47)",
                            "RawSec":"1847"
                        },
                        "Total": 1050,
                        "Pass": 1049,
                        "Fail": 1
                    },
                    "Thor":{
                        "Result":"FAILED",
                        "Elaps":{
                            "Formatted":"1819 sec (00:30:19)",
                            "RawSec":"1819"
                        },
                        "Total": 937,
                        "Pass": 935,
                        "Fail": 2
                    },
                    "Roxie":{
                        "Result":"FAILED",
                        "Elaps":{
                            "Formatted":"2681 sec (00:44:41)",
                            "RawSec":"2681"
                        },
                        "Total": 1124,
                        "Pass": 1116,
                        "Fail": 8
                    }
                }
            },
            {
                "CollectTimings":{
                    "Result":"Done",
                    "Elaps":{
                        "Formatted":"22 sec 22 sec (00:00:22).",
                        "RawSec":"22"
                    }
                }
            },
            {
                "CollectPODLogs":{
                    "Result":"Done",
                    "Elaps":{
                        "Formatted":"21 sec 21 sec (00:00:21).",
                        "RawSec":"21"
                    }
                }
            },
            {
                "UninstallPODs":{
                    "Result":"Done",
                    "Elaps":{
                        "Formatted":"101 sec 101 sec (00:01:41)",
                        "RawSec":"101"
                    }
                }
            },
            {
                "StopMinikube":{
                    "Result":"Done",
                    "Elaps":{
                        "Formatted":"11 sec 11 sec (00:00:11).",
                        "RawSec":"11"
                    }
                }
            },
            {
                "RunLogProcessor":{
                    "Result":"Done",
                    "Elaps":{
                        "Formatted":"0 sec 0 sec (00:00:00).",
                        "RawSec":"0"
                    }
                }
            }
        ],
        "Errors":[
            
            
            
            {
            "HthorRegress" : [
                "[Failure] 140. Fail cryptoplugin_pke_lfn.ecl - W20241121-163752 (1 sec)",
                ],
            },
            {
            "ThorRegress" : [
                "[Failure] 137. Fail cryptoplugin_pke_lfn.ecl - W20241121-170803 (1 sec)",
                "[Failure] 257. Fail external.ecl - W20241121-171019 (2 sec)",
            ],
        },
            {
            "RoxieRegress" : [
                "[Failure] 151. Fail cryptoplugin_pke_lfn.ecl - W20241121-174114 (3 sec)",
                "[Failure] 284. Fail external.ecl - W20241121-174454-4 (3 sec)",
                "[Failure] 286. Fail externalplane.ecl - W20241121-174457-4 (3 sec)",
                "[Failure] 726. Fail rewrite.ecl - W20241121-175930 (3 sec)",
                "[Failure] 1082. Fail workflow_9b.ecl ( version: parallel=false ) - W20241121-181843 (3 sec)",
                "[Failure] 1083. Fail workflow_9b.ecl ( version: parallel=true ) - W20241121-181846 (3 sec)",
                "[Failure] 1084. Fail workflow_9c.ecl ( version: parallel=false ) - W20241121-181847 (16 sec)",
                "[Failure] 1085. Fail workflow_9c.ecl ( version: parallel=true ) - W20241121-181849 (16 sec)",
            ],
        }
        ]
    }
}
