{
    "OBTResult":{
        "Env":{
            "BuildSystem":"CentOS_Linux_7",
            "Hardware":"vCPU: 8, RAM: 16 GB",
            "IPAddress":"10.20.0.45"
        },
        "Remote" : {
            "System" : "Minikube",
            "Hardware": "CPU/Cores: 16, RAM: 64 GB",
            "HthorConfig" : {
                "Replicas" : "3",
                "MaxActive" : "4",
                "UseChildProcesses" : "true",
                "AllowedPipePrograms" : "*"
            },
            "ThorConfig" : {
                "NumWorkers" : "2",
                "MaxJobs" : "4",
                "MaxGraph" : "2",
                "MultiJobLinger" : "true",
                "LingerPeriod" : "200",
                "AllowedPipePrograms" : "*"
            },
            "RoxieWorkunitConfig" : {
                "Replicas" : "1",
                "MaxActive" : "20",
                "UseChildProcesses" : "true",
                "AllowedPipePrograms" : "*"
            },
        },
        "BuildSet":{
            "Branch" : "community_9.8.42-rc1",
            "BranchDate" : "N/A",
            "BranchSHA" : "N/A",
            "BuildType" : "Release",
            "Target" : "K8s"
        },
        "Exclusion":{
            "Build" : "N/A",
            "Documentation" : "N/A",
            "Unittest" : "N/A",
            "MLtest" : "N/A",
            "Regression" : "--ef pipefail.ecl -e embedded-r,embedded-js,3rdpartyservice,mongodb,spray"
        },
        "Tasks" : [
            {
                "UpdateHelmRepo" : {
                    "Result" : "Done",
                    "Elaps" : {
                        "Formatted":"1 sec 1 sec (00:00:01)",
                        "RawSec":"1"
                    }
                }
            },
            {
                "CheckLocalPlatform":{
                    "Result":"Done",
                    "Version":"",
                    "Elaps":{
                        "Formatted":"39 sec 39 sec (00:00:39)",
                        "RawSec":"39"
                    }
                }
            },
            {
                "StartMinikube":{
                    "Result":"Done",
                    "Elaps":{
                        "Formatted":"30 sec 30 sec (00:00:30)",
                        "RawSec":"30"
                    }
                }
            },
            {
                "DeployHPCC":{
                    "Result":"Done",
                    "Elaps":{
                        "Formatted":"1 sec 1 sec (00:00:01)",
                        "RawSec":"1"
                    }
                }
            },
            {
                "WaitForPODs":{
                    "Result":"Done",
                    "NumberOfPODs": 29,
                    "Elaps":{
                        "Formatted":"141 sec 141 sec (00:02:21)",
                        "RawSec":"141"
                    }
                }
            },
            {
                "ECLWatchAnnotation":{
                    "Result":"",
                    "Elaps":{
                        "Formatted":"39 sec 39 sec (00:00:39)",
                        "RawSec":"39"
                    }
                }
            },
            {
                "Setup":{
                    "Result":"PASSED",
                    "hthor":{
                        "Elaps":{
                            "Formatted":"0 sec (00:00:00)",
                            "RawSec":"0"
                        },
                        "Total": 0,
                        "Pass": 0,
                        "Fail": 0,
                        "Result":"N/A"
                    },
                    "thor":{
                        "Elaps":{
                            "Formatted":"90 sec (00:01:30)",
                            "RawSec":"90"
                        },
                        "Total": 9,
                        "Pass": 9,
                        "Fail": 0,
                        "Result": PASSED
                    },
                    "roxie":{
                        "Elaps":{
                            "Formatted":"77 sec (00:01:17)",
                            "RawSec":"77"
                        },
                        "Total": 24,
                        "Pass": 24,
                        "Fail": 0,
                        "Result":"PASSED"
                    }
                }
            },
            {
                " PublishQueries":{
                    "Result":"Done",
                    "Total": 15,
                    "Elaps":{
                        "Formatted":"30 sec 30 sec (00:00:30)",
                        "RawSec":"30"
                    }
                }
            },
            {
                "Regress":{
                    "Result":"FAILED",
                    "Hthor":{
                        "Result":"FAILED",
                        "Elaps":{
                            "Formatted":"1912 sec (00:31:52)",
                            "RawSec":"1912"
                        },
                        "Total": 1050,
                        "Pass": 1049,
                        "Fail": 1
                    },
                    "Thor":{
                        "Result":"FAILED",
                        "Elaps":{
                            "Formatted":"1947 sec (00:32:27)",
                            "RawSec":"1947"
                        },
                        "Total": 937,
                        "Pass": 935,
                        "Fail": 2
                    },
                    "Roxie":{
                        "Result":"FAILED",
                        "Elaps":{
                            "Formatted":"2862 sec (00:47:42)",
                            "RawSec":"2862"
                        },
                        "Total": 1124,
                        "Pass": 1116,
                        "Fail": 8
                    }
                }
            },
            {
                "CollectTimings":{
                    "Result":"Done",
                    "Elaps":{
                        "Formatted":"24 sec 24 sec (00:00:24).",
                        "RawSec":"24"
                    }
                }
            },
            {
                "CollectPODLogs":{
                    "Result":"Done",
                    "Elaps":{
                        "Formatted":"23 sec 23 sec (00:00:23).",
                        "RawSec":"23"
                    }
                }
            },
            {
                "UninstallPODs":{
                    "Result":"Done",
                    "Elaps":{
                        "Formatted":"101 sec 101 sec (00:01:41)",
                        "RawSec":"101"
                    }
                }
            },
            {
                "StopMinikube":{
                    "Result":"Done",
                    "Elaps":{
                        "Formatted":"12 sec 12 sec (00:00:12).",
                        "RawSec":"12"
                    }
                }
            },
            {
                "RunLogProcessor":{
                    "Result":"Done",
                    "Elaps":{
                        "Formatted":"0 sec 0 sec (00:00:00).",
                        "RawSec":"0"
                    }
                }
            }
        ],
        "Errors":[
            
            
            
            {
            "HthorRegress" : [
                "[Failure] 140. Fail cryptoplugin_pke_lfn.ecl - W20241125-170553 (1 sec)",
                ],
            },
            {
            "ThorRegress" : [
                "[Failure] 137. Fail cryptoplugin_pke_lfn.ecl - W20241125-173717-3 (2 sec)",
                "[Failure] 257. Fail external.ecl - W20241125-173940 (2 sec)",
            ],
        },
            {
            "RoxieRegress" : [
                "[Failure] 151. Fail cryptoplugin_pke_lfn.ecl - W20241125-181255 (3 sec)",
                "[Failure] 284. Fail external.ecl - W20241125-181643-1 (3 sec)",
                "[Failure] 286. Fail externalplane.ecl - W20241125-181647-5 (3 sec)",
                "[Failure] 726. Fail rewrite.ecl - W20241125-183206 (3 sec)",
                "[Failure] 1082. Fail workflow_9b.ecl ( version: parallel=false ) - W20241125-185203 (3 sec)",
                "[Failure] 1083. Fail workflow_9b.ecl ( version: parallel=true ) - W20241125-185206 (3 sec)",
                "[Failure] 1084. Fail workflow_9c.ecl ( version: parallel=false ) - W20241125-185207 (62 sec)",
                "[Failure] 1085. Fail workflow_9c.ecl ( version: parallel=true ) - W20241125-185209 (62 sec)",
            ],
        }
        ]
    }
}
