{
    "OBTResult": {
        "Env": {
            "BuildSystem": "CentOS_Linux_7",
            "Hardware": "CPU/Cores: 16, RAM: 30 GB",
            "IPAddress": "10.20.0.45 (OBT-AWS02)"
        },
        "BuildSet": {
            "Branch": "candidate-9.6.x",
            "BranchDate": "Fri Apr 4 10:29:01 2025 +0100",
            "BranchSHA": "f5678fb3ca212240ff77a7b693e24c98d3b336fa",
            "BuildType": "RelWithDebInfo",
            "Target": "BM/VM"
        },
        "Exclusion": {
            "Build": "MAKE_CASSANDRAEMBED, COUCHBASEEMBED, USE_AZURE, USE_AWS",
            "Unittest": "JlibReaderWriterTestTiming, AtomicTimingTest, AtomicTimingStressTest, RWLockStressTest",
            "MLtest": "ClassicTestModified.ecl, SVCTest.ecl",
            "Regression": "embedded-r, embedded-js, 3rdpartyservice, mongodb, python2"
        },
        "ThorConfig": {
            "Slaves": "4",
            "Channels": "1"
        },
        "Tasks": [
            {
                "Build": {
                    "Result": "PASSED",
                    "CMake": {
                        "Formatted": "12 sec (00:00:12)",
                        "RawSec": "12"
                    },
                    "Build": {
                        "Formatted": "577 sec (00:09:37)",
                        "RawSec": "577"
                    },
                    "Package": {
                        "Formatted": "380 sec (00:06:20)",
                        "RawSec": "380"
                    },
                    "Altogether": {
                        "Formatted": "969 sec (00:16:09)",
                        "RawSec": "969"
                    }
                }
            },
            {
                "Install": {
                    "Elaps": "No data"
                }
            },
            {
                "Unittests": {
                    "Result": "FAILED",
                    "Elaps": {
                        "Formatted": "3254 sec (00:54:14)",
                        "RawSec": "3254"
                    },
                    "Total": 378,
                    "Pass": 377,
                    "Fail": 0,
                    "Error": 1,
                    "Timeout": 0
                }
            },
            {
                "Wutooltests": {
                    "Result": "PASSED",
                    "Elaps": {
                        "Formatted": "1 sec (00:00:01)",
                        "RawSec": "1"
                    },
                    "Total": 19,
                    "Pass": 19,
                    "Fail": 0,
                    "Error": 0,
                    "Timeout": 0
                }
            },
            {
                "MLtests": {
                    "Result": "PASSED",
                    "DBSCAN": {
                        "Elaps": {
                            "Formatted": "11 sec  (00:00:11)",
                            "RawSec": "11"
                        },
                        "Total": 2,
                        "Pass": 2,
                        "Fail": 0,
                        "Result": "PASSED"
                    },
                    "GLM": {
                        "Elaps": {
                            "Formatted": "87 sec  (00:01:27)",
                            "RawSec": "87"
                        },
                        "Total": 7,
                        "Pass": 7,
                        "Fail": 0,
                        "Result": "PASSED"
                    },
                    "GNN": {
                        "Elaps": {
                            "Formatted": "77 sec  (00:01:17)",
                            "RawSec": "77"
                        },
                        "Total": 4,
                        "Pass": 4,
                        "Fail": 0,
                        "Result": "PASSED"
                    },
                    "KMeans": {
                        "Elaps": {
                            "Formatted": "5 sec  (00:00:05)",
                            "RawSec": "5"
                        },
                        "Total": 1,
                        "Pass": 1,
                        "Fail": 0,
                        "Result": "PASSED"
                    },
                    "LearningTrees": {
                        "Elaps": {
                            "Formatted": "139 sec  (00:02:19)",
                            "RawSec": "139"
                        },
                        "Total": 3,
                        "Pass": 3,
                        "Fail": 0,
                        "Result": "PASSED"
                    },
                    "PBblas": {
                        "Elaps": {
                            "Formatted": "19 sec  (00:00:19)",
                            "RawSec": "19"
                        },
                        "Total": 2,
                        "Pass": 2,
                        "Fail": 0,
                        "Result": "PASSED"
                    },
                    "SupportVectorMachines": {
                        "Elaps": {
                            "Formatted": "14 sec  (00:00:14)",
                            "RawSec": "14"
                        },
                        "Total": 1,
                        "Pass": 1,
                        "Fail": 0,
                        "Result": "PASSED"
                    },
                    "TextVectors": {
                        "Elaps": {
                            "Formatted": "13 sec  (00:00:13)",
                            "RawSec": "13"
                        },
                        "Total": 5,
                        "Pass": 5,
                        "Fail": 0,
                        "Result": "PASSED"
                    }
                }
            },
            {
                "Setup": {
                    "Result": "PASSED",
                    "hthor": {
                        "Elaps": {
                            "Formatted": "37 sec  (00:00:37)",
                            "RawSec": "37"
                        },
                        "Total": 9,
                        "Pass": 9,
                        "Fail": 0,
                        "Result": "PASSED"
                    },
                    "thor": {
                        "Elaps": {
                            "Formatted": "20 sec  (00:00:20)",
                            "RawSec": "20"
                        },
                        "Total": 9,
                        "Pass": 9,
                        "Fail": 0,
                        "Result": "PASSED"
                    },
                    "roxie": {
                        "Elaps": {
                            "Formatted": "38 sec  (00:00:38)",
                            "RawSec": "38"
                        },
                        "Total": 24,
                        "Pass": 24,
                        "Fail": 0,
                        "Result": "PASSED"
                    }
                }
            },
            {
                "Regress": {
                    "Result": "FAILED",
                    "Hthor": {
                        "Result": "PASSED",
                        "Elaps": {
                            "Formatted": "430 sec  (00:07:10)",
                            "RawSec": "430"
                        },
                        "Total": 1043,
                        "Pass": 1043,
                        "Fail": 0
                    },
                    "Thor": {
                        "Result": "FAILED",
                        "Elaps": {
                            "Formatted": "776 sec  (00:12:56)",
                            "RawSec": "776"
                        },
                        "Total": 932,
                        "Pass": 931,
                        "Fail": 1
                    },
                    "Roxie": {
                        "Result": "PASSED",
                        "Elaps": {
                            "Formatted": "594 sec  (00:09:54)",
                            "RawSec": "594"
                        },
                        "Total": 1148,
                        "Pass": 1148,
                        "Fail": 0
                    }
                }
            },
            {
                "Uninstall": {
                    "Elaps": "No data"
                }
            }
        ],
        "Errors": [
            {
                "thor": {
                    "loopthor2": {
                        "TestId": 522,
                        "Wuid": "W20250409-115619-3",
                        "Problem": "Exception",
                        "Code": "5734",
                        "Msg": "System error: 5734: Graph graph1[17], sort[19]: Graph graph1[17], sort[19]: CSortMaster::ConnectSlaves: Could not connect to 10:20:0:45:20141, Master exception - caused by (5734, Graph graph1[17], sort[19]: CSortMaster::ConnectSlaves: Could not connect to 10:20:0:45:20141)"
                    }
                }
            },
            {
                "thor": {
                    "loopthor2": {
                        "TestId": 522,
                        "Wuid": "W20250409-115619-3",
                        "Problem": "Exception",
                        "Code": "5734",
                        "Msg": "System error: 5734: Graph graph1[17], sort[19]: Graph graph1[17], sort[19]: CSortMaster::ConnectSlaves: Could not connect to 10:20:0:45:20141, Master exception - caused by (5734, Graph graph1[17], sort[19]: CSortMaster::ConnectSlaves: Could not connect to 10:20:0:45:20141)"
                    }
                }
            }
        ]
    }
}