{
    "OBTResult": {
        "Env": {
            "BuildSystem": "CentOS_Stream_8",
            "Hardware": "CPU/Cores: 4, RAM: 7 GB",
            "IPAddress": "10.22.254.152 (OBT-AWS03)"
        },
        "BuildSet": {
            "Branch": "candidate-9.10.x",
            "BranchDate": "Tue Apr 22 06:51:26 2025 -0400",
            "BranchSHA": "ffbeacc61f189783b8ebf5624640ef77810ac683",
            "BuildType": "RelWithDebInfo",
            "Target": "BM/VM"
        },
        "Exclusion": {
            "Build": "MAKE_CASSANDRAEMBED, COUCHBASEEMBED, USE_AZURE, USE_AWS, WASMEMBED",
            "Documentation": "not built",
            "Unittest": "JlibReaderWriterTestTiming, AtomicTimingTest, AtomicTimingStressTest",
            "MLtest": "ClassicTestModified.ecl, SVCTest.ecl",
            "Regression": "embedded, 3rdparty, python2, wasmembed*"
        },
        "ThorConfig": {
            "Slaves": "4",
            "Channels": "1"
        },
        "Tasks": [
            {
                "Build": {
                    "Result": "PASSED",
                    "CMake": {
                        "Formatted": "10 sec (00:00:10)",
                        "RawSec": "10"
                    },
                    "Build": {
                        "Formatted": "1624 sec (00:27:04)",
                        "RawSec": "1624"
                    },
                    "Package": {
                        "Formatted": "263 sec (00:04:23)",
                        "RawSec": "263"
                    },
                    "Altogether": {
                        "Formatted": "1897 sec (00:31:37)",
                        "RawSec": "1897"
                    }
                }
            },
            {
                "Install": {
                    "Elaps": "No data"
                }
            },
            {
                "Unittests": {
                    "Result": "FAILED",
                    "Elaps": {
                        "Formatted": "2976 sec (00:49:36)",
                        "RawSec": "2976"
                    },
                    "Total": 404,
                    "Pass": 403,
                    "Fail": 0,
                    "Error": 1,
                    "Timeout": 0
                }
            },
            {
                "Wutooltests": {
                    "Result": "PASSED",
                    "Elaps": {
                        "Formatted": "0 sec (00:00:00)",
                        "RawSec": "0"
                    },
                    "Total": 19,
                    "Pass": 19,
                    "Fail": 0,
                    "Error": 0,
                    "Timeout": 0
                }
            },
            {
                "MLtests": {
                    "Result": "PASSED",
                    "DBSCAN": {
                        "Elaps": {
                            "Formatted": "12 sec  (00:00:12)",
                            "RawSec": "12"
                        },
                        "Total": 2,
                        "Pass": 2,
                        "Fail": 0,
                        "Result": "PASSED"
                    },
                    "GLM": {
                        "Elaps": {
                            "Formatted": "58 sec  (00:00:58)",
                            "RawSec": "58"
                        },
                        "Total": 7,
                        "Pass": 7,
                        "Fail": 0,
                        "Result": "PASSED"
                    },
                    "GNN": {
                        "Elaps": {
                            "Formatted": "71 sec  (00:01:11)",
                            "RawSec": "71"
                        },
                        "Total": 4,
                        "Pass": 4,
                        "Fail": 0,
                        "Result": "PASSED"
                    },
                    "KMeans": {
                        "Elaps": {
                            "Formatted": "5 sec  (00:00:05)",
                            "RawSec": "5"
                        },
                        "Total": 1,
                        "Pass": 1,
                        "Fail": 0,
                        "Result": "PASSED"
                    },
                    "LearningTrees": {
                        "Elaps": {
                            "Formatted": "288 sec  (00:04:48)",
                            "RawSec": "288"
                        },
                        "Total": 3,
                        "Pass": 3,
                        "Fail": 0,
                        "Result": "PASSED"
                    },
                    "PBblas": {
                        "Elaps": {
                            "Formatted": "13 sec  (00:00:13)",
                            "RawSec": "13"
                        },
                        "Total": 2,
                        "Pass": 2,
                        "Fail": 0,
                        "Result": "PASSED"
                    },
                    "SupportVectorMachines": {
                        "Elaps": {
                            "Formatted": "17 sec  (00:00:17)",
                            "RawSec": "17"
                        },
                        "Total": 1,
                        "Pass": 1,
                        "Fail": 0,
                        "Result": "PASSED"
                    },
                    "TextVectors": {
                        "Elaps": {
                            "Formatted": "13 sec  (00:00:13)",
                            "RawSec": "13"
                        },
                        "Total": 5,
                        "Pass": 5,
                        "Fail": 0,
                        "Result": "PASSED"
                    }
                }
            },
            {
                "Setup": {
                    "Result": "PASSED",
                    "hthor": {
                        "Elaps": {
                            "Formatted": "42 sec  (00:00:42)",
                            "RawSec": "42"
                        },
                        "Total": 9,
                        "Pass": 9,
                        "Fail": 0,
                        "Result": "PASSED"
                    },
                    "thor": {
                        "Elaps": {
                            "Formatted": "37 sec  (00:00:37)",
                            "RawSec": "37"
                        },
                        "Total": 9,
                        "Pass": 9,
                        "Fail": 0,
                        "Result": "PASSED"
                    },
                    "roxie": {
                        "Elaps": {
                            "Formatted": "51 sec  (00:00:51)",
                            "RawSec": "51"
                        },
                        "Total": 24,
                        "Pass": 24,
                        "Fail": 0,
                        "Result": "PASSED"
                    }
                }
            },
            {
                "Regress": {
                    "Result": "FAILED",
                    "Hthor": {
                        "Result": "PASSED",
                        "Elaps": {
                            "Formatted": "1574 sec  (00:26:14)",
                            "RawSec": "1574"
                        },
                        "Total": 1034,
                        "Pass": 1034,
                        "Fail": 0
                    },
                    "Thor": {
                        "Result": "FAILED",
                        "Elaps": {
                            "Formatted": "2534 sec  (00:42:14)",
                            "RawSec": "2534"
                        },
                        "Total": 915,
                        "Pass": 914,
                        "Fail": 1
                    },
                    "Roxie": {
                        "Result": "PASSED",
                        "Elaps": {
                            "Formatted": "1892 sec  (00:31:32)",
                            "RawSec": "1892"
                        },
                        "Total": 1126,
                        "Pass": 1126,
                        "Fail": 0
                    }
                }
            },
            {
                "Uninstall": {
                    "Elaps": "No data"
                }
            }
        ],
        "Errors": [
            {
                "thor": {
                    "loopthor2": {
                        "TestId": 496,
                        "Wuid": "W20250422-132716",
                        "Problem": "Aborted ",
                        "Code": "-2",
                        "Msg": " reason: Timeout "
                    }
                }
            },
            {
                "thor": {
                    "loopthor2": {
                        "TestId": 496,
                        "Wuid": "W20250422-132716",
                        "Problem": "Aborted ",
                        "Code": "-2",
                        "Msg": " reason: Timeout "
                    }
                }
            }
        ]
    }
}