{
    "OBTResult": {
        "Env": {
            "BuildSystem": "CentOS_Linux_7",
            "Hardware": "CPU/Cores: 16, RAM: 30 GB",
            "IPAddress": "10.20.0.45 (OBT-AWS02)"
        },
        "BuildSet": {
            "Branch": "candidate-9.12.x",
            "BranchDate": "Fri Apr 25 10:58:53 2025 +0100",
            "BranchSHA": "a85ee19f45dfd04dc2b5b2c08a80547c58a84c27",
            "BuildType": "RelWithDebInfo",
            "Target": "BM/VM"
        },
        "Exclusion": {
            "Build": "MAKE_CASSANDRAEMBED, COUCHBASEEMBED, USE_AZURE, USE_AWS",
            "Unittest": "JlibReaderWriterTestTiming, AtomicTimingTest, AtomicTimingStressTest, RWLockStressTest",
            "MLtest": "ClassicTestModified.ecl, SVCTest.ecl"
        },
        "ThorConfig": {
            "Slaves": "4",
            "Channels": "1"
        },
        "Tasks": [
            {
                "Build": {
                    "Result": "FAILED",
                    "CMake": {
                        "Formatted": "34 sec (00:00:34)",
                        "RawSec": "34"
                    },
                    "Build": {
                        "Formatted": "160 sec (00:02:40)",
                        "RawSec": "160"
                    },
                    "Package": {
                        "Formatted": "232 sec (00:03:52)",
                        "RawSec": "232"
                    },
                    "Altogether": {
                        "Formatted": "426 sec (00:07:06)",
                        "RawSec": "426"
                    }
                }
            }
        ],
        "Errors": []
    }
}