{
    "OBTResult": {
        "Env": {
            "BuildSystem": "CentOS_Linux_7",
            "Hardware": "CPU/Cores: 16, RAM: 30 GB",
            "IPAddress": "10.20.0.45 (OBT-AWS02)"
        },
        "BuildSet": {
            "Branch": "master",
            "BranchDate": "Fri Apr 25 10:59:20 2025 +0100",
            "BranchSHA": "23116de778f7c1b336e9cb1119af8ede6640140b",
            "BuildType": "RelWithDebInfo",
            "Target": "BM/VM"
        },
        "Exclusion": {
            "Build": "MAKE_CASSANDRAEMBED, COUCHBASEEMBED, USE_AZURE, USE_AWS",
            "Unittest": "JlibReaderWriterTestTiming, AtomicTimingTest, AtomicTimingStressTest, RWLockStressTest",
            "MLtest": "ClassicTestModified.ecl, SVCTest.ecl"
        },
        "ThorConfig": {
            "Slaves": "4",
            "Channels": "1"
        },
        "Tasks": [
            {
                "Build": {
                    "Result": "FAILED",
                    "CMake": {
                        "Formatted": "35 sec (00:00:35)",
                        "RawSec": "35"
                    },
                    "Build": {
                        "Formatted": "161 sec (00:02:41)",
                        "RawSec": "161"
                    },
                    "Package": {
                        "Formatted": "220 sec (00:03:40)",
                        "RawSec": "220"
                    },
                    "Altogether": {
                        "Formatted": "416 sec (00:06:56)",
                        "RawSec": "416"
                    }
                }
            }
        ],
        "Errors": []
    }
}