{
    "OBTResult": {
        "Env": {
            "BuildSystem": "Rocky_Linux_8_9",
            "Hardware": "CPU/Cores: 8, RAM: 15 GB",
            "IPAddress": "10.22.254.98 (OBT-AWS04)"
        },
        "BuildSet": {
            "Branch": "master",
            "BranchDate": "Fri Apr 25 10:59:20 2025 +0100",
            "BranchSHA": "23116de778f7c1b336e9cb1119af8ede6640140b",
            "BuildType": "RelWithDebInfo",
            "Target": "BM/VM"
        },
        "Exclusion": {
            "Build": "MAKE_CASSANDRAEMBED, COUCHBASEEMBED, USE_AZURE, USE_AWS, WASMEMBED",
            "Documentation": "not built",
            "Unittest": "JlibReaderWriterTestTiming, AtomicTimingTest, AtomicTimingStressTest",
            "MLtest": "ClassicTestModified.ecl, SVCTest.ecl"
        },
        "ThorConfig": {
            "Slaves": "4",
            "Channels": "1"
        },
        "Tasks": [
            {
                "Build": {
                    "Result": "FAILED",
                    "CMake": {
                        "Formatted": "45 sec (00:00:45)",
                        "RawSec": "45"
                    },
                    "Build": {
                        "Formatted": "141 sec (00:02:21)",
                        "RawSec": "141"
                    },
                    "Package": {
                        "Formatted": "5 sec (00:00:05)",
                        "RawSec": "5"
                    },
                    "Altogether": {
                        "Formatted": "191 sec (00:03:11)",
                        "RawSec": "191"
                    }
                }
            }
        ],
        "Errors": []
    }
}