{
    "OBTResult": {
        "Env": {
            "BuildSystem" : "Ubuntu_22_04_5_LTS",
            "Hardware": "CPU/Cores: 8, RAM: 16 GB",
            "IPAddress": "192.168.1.54"
        },
         "Remote" : {
            "System" : "AKS",
            "VmSize" : "Standard_D16s_v4",
            "Hardware": "CPU/Cores: 16, RAM: 64 GB",
            "HthorConfig": {
                "Replicas": "3",
                "MaxActive": "4",
                "UseChildProcesses" : "true",
                "AllowedPipePrograms" : "*"
            },
            "ThorConfig":{
                "NumWorkers": "2",
                "MaxJobs": "4",
                "MaxGraph" : "2",
                "MultiJobLinger" : "true",
                "LingerPeriod" : "200",
                "AllowedPipePrograms" : "*"
            },
            "RoxieWorkunitConfig": {
                "Replicas": "1",
                "MaxActive":"20",
                "UseChildProcesses" : "true",
                "AllowedPipePrograms" : "*"
            }
        },
        "BuildSet": {
            "Branch": "community_9.12.0-rc3",
            "BranchDate": "N/A",
            "BranchSHA": "N/A",
            "BuildType": "Release",
            "Target": "K8s"
        },
        "Exclusion": {
            "Build": "N/A",
            "Documentation": "N/A",
            "Unittest": "N/A",
            "MLtest": "N/A",
            "Regression": "--ef pipefail.ecl -e embedded-r,embedded-js,3rdpartyservice,mongodb,spray"
        },
        "Tasks": [
            {
                "UpdateHelmRepo": {
                    "Result" : "Done",
                    "Elaps": {
                        "Formatted": "4 sec (00:00:04)",
                        "RawSec": "4"
                    }
                }
            },
            {
                "UpgradeTerraform": {
                    "Result" : "Done",
                    "Version" : "Terraform v1.11.4",
                    "Elaps": {
                        "Formatted": "141 sec (00:02:21)",
                        "RawSec": "141"
                    }
                }
            },
            {
                "CreateVirtualNetwork": {
                    "Result" : "Done (retCode: 0)",
                    "NumberOfResources" : 11,
                    "Elaps": {
                        "Formatted": "120 sec (00:02:00)",
                        "RawSec": "120"
                    }
                }
            },
            {
                "CreateStorage": {
                    "Result" : "Done (retCode: 0)",
                    "NumberOfResources" : 17,
                    "Elaps": {
                        "Formatted": "109 sec (00:01:49)",
                        "RawSec": "109"
                    }
                }
            },
            {
                "CreateAKS": {
                    "Result" : "Done",
                    "NumberOfResources" : 20,
                    "Elaps": {
                        "Formatted": "493 sec (00:08:13)",
                        "RawSec": "493"
                    }
                }
            },
            {
                "ECLWatchAnnotation": {
                    "Result": "Done",
                    "Elaps": {
                        "Formatted": "70 sec (00:01:10)",
                        "RawSec": "70"
                    }
                }
            },
            {
                "Setup": {
                    "Result": "PASSED",
                    "hthor": {
                        "Elaps": {
                            "Formatted": "0 sec (00:00:00)",
                            "RawSec": "0"
                        },
                        "Total": 0,
                        "Pass": 0,
                        "Fail": 0,
                        "Result": "N/A"
                    },
                    "thor": {
                        "Elaps": {
                            "Formatted": "70 sec (00:01:10)",
                            "RawSec": "70"
                        },
                        "Total": 9,
                        "Pass": 9,
                        "Fail": 0,
                        "Result": "PASSED"
                    },
                    "roxie": {
                        "Elaps": {
                            "Formatted": "118 sec (00:01:58)",
                            "RawSec": "118"
                        },
                        "Total": 24,
                        "Pass": 24,
                        "Fail": 0,
                        "Result": "PASSED"
                    }
                }
            },
            {
                "PublishQueries": {
                    "Result" : "Done",
                    "Total" : 0,
                    "Elaps": {
                        "Formatted": "0 sec (00:00:00)",
                        "RawSec": "0"
                    }
                }
            },
            {
                "Regress": {
                    "Result": "FAILED",
                    "Hthor": {
                        "Result": "FAILED",
                        "Elaps": {
                            "Formatted": "4419 sec (01:13:39)",
                            "RawSec": "4419"
                        },
                        "Total": 1071,
                        "Pass": 1064,
                        "Fail": 7
                    },
                    "Thor": {
                        "Result": "FAILED",
                        "Elaps": {
                            "Formatted": "3931 sec (01:05:31)",
                            "RawSec": "3931"
                        },
                        "Total":  950,
                        "Pass": 948,
                        "Fail": 2
                    },
                    "Roxie": {
                        "Result": "FAILED",
                        "Elaps": {
                            "Formatted": "5254 sec (01:27:34)",
                            "RawSec": "5254"
                        },
                        "Total":  1143,
                        "Pass": 1085,
                        "Fail": 58
                    }
                }
            },
            {
                "CollectTimings": {
                    "Result" : "Done",
                    "Elaps": {
                        "Formatted": "1042 sec (00:17:22).",
                        "RawSec": "1042"
                    }
                }
            },
            {
                "CollectPODLogs": {
                    "Result" : "Done",
                    "Elaps": {
                        "Formatted": "371 sec (00:06:11).",
                        "RawSec": "371"
                    }
                }
            },
            {
                "DestroyAKS": {
                    "Result" : "Done (retCode: 0)",
                    "NumberOfResources" : 20,
                    "Elaps": {
                        "Formatted": "520 sec (00:08:40)",
                        "RawSec": "520"
                    }
                }
            },
            {
                "DestroyStorage": {
                    "Result" : "Done (retCode: 0)",
                    "NumberOfResources" : 17,
                    "Elaps": {
                        "Formatted": "129 sec (00:02:09)",
                        "RawSec": "129"
                    }
                }
            },
            {
                "DestroyVirtualNetwork": {
                    "Result" : "Done (retCode: 0)",
                    "NumberOfResources" : 11,
                    "Elaps": {
                        "Formatted": "151 sec (00:02:31)",
                        "RawSec": "151"
                    }
                }
            },
            {
                "RunLogProcessor": {
                   "Result": "Done",
                    "Elaps": {
                        "Formatted": "1 sec (00:00:01).",
                        "RawSec": "1"
                    }
                }
            }
        ],
        "Errors": [
            
            
            
            {
            "HthorRegress" : [
                "[Failure] 140. Fail cryptoplugin_pke_lfn.ecl - W20250422-094307 (6 sec)",
                "[Failure] 586. Fail parquetTypes.ecl ( version: compressionType='UNCOMPRESSED' ) - W20250422-100951 (8 sec)",
                "[Failure] 587. Fail parquetTypes.ecl ( version: compressionType='Snappy' ) - W20250422-100957 (8 sec)",
                "[Failure] 588. Fail parquetTypes.ecl ( version: compressionType='GZip' ) - W20250422-101000 (8 sec)",
                "[Failure] 589. Fail parquetTypes.ecl ( version: compressionType='Brotli' ) - W20250422-101007 (8 sec)",
                "[Failure] 590. Fail parquetTypes.ecl ( version: compressionType='LZ4' ) - W20250422-101010 (8 sec)",
                "[Failure] 591. Fail parquetTypes.ecl ( version: compressionType='ZSTD' ) - W20250422-101016 (8 sec)"
                ]
            },
            {
            "ThorRegress" : [
                "[Failure] 137. Fail cryptoplugin_pke_lfn.ecl - W20250422-105558-1 (6 sec)",
                "[Failure] 258. Fail external.ecl - W20250422-110336 (7 sec)"
            ]
        },
            {
            "RoxieRegress" : [
                "[Failure] 151. Fail cryptoplugin_pke_lfn.ecl - W20250422-120542 (7 sec)",
                "[Failure] 285. Fail external.ecl - W20250422-121427 (8 sec)",
                "[Failure] 287. Fail externalplane.ecl - W20250422-121436 (8 sec)",
                "[Failure] 389. Fail indexmerge.ecl ( version: multiPart=false ) - W20250422-122149 (7 sec)",
                "[Failure] 429. Fail issue10022.ecl - W20250422-122444 (8 sec)",
                "[Failure] 575. Fail mergechild.ecl ( version: multiPart=false ) - W20250422-123545-3 (8 sec)",
                "[Failure] 642. Fail payload.ecl ( version: multiPart=false ) - W20250422-124032 (7 sec)",
                "[Failure] 672. Fail pullindex2.ecl ( version: multiPart=false ) - W20250422-124237 (7 sec)",
                "[Failure] 730. Fail rewrite.ecl - W20250422-124644 (7 sec)",
                "[Failure] 833. Fail sqaggds.ecl ( version: multiPart=false ) - W20250422-125521 (9 sec)",
                "[Failure] 834. Fail sqaggds3.ecl ( version: multiPart=false ) - W20250422-125527 (8 sec)",
                "[Failure] 835. Fail sqaggds4.ecl ( version: multiPart=false ) - W20250422-125531 (8 sec)",
                "[Failure] 836. Fail sqaggds_an.ecl ( version: multiPart=false ) - W20250422-125536 (9 sec)",
                "[Failure] 843. Fail sqfilt.ecl ( version: multiPart=false ) - W20250422-125610 (8 sec)",
                "[Failure] 845. Fail sqfilt.ecl ( version: multiPart=false, useSequential=true ) - W20250422-125620-3 (8 sec)",
                "[Failure] 846. Fail sqfilt.ecl ( version: multiPart=false, useSequential=true, useNoFold=true ) - W20250422-125620 (9 sec)",
                "[Failure] 847. Fail sqfilt.ecl ( version: multiPart=false, useSequential=true, useNoFold=true, optRemoteRead=true ) - W20250422-125630-4 (8 sec)",
                "[Failure] 851. Fail sqfilt_an.ecl ( version: multiPart=false ) - W20250422-125647 (8 sec)",
                "[Failure] 852. Fail sqfilt_keyed.ecl ( version: multiPart=false ) - W20250422-125648 (8 sec)",
                "[Failure] 853. Fail sqfiltsubstring.ecl ( version: multiPart=false ) - W20250422-125658-1 (9 sec)",
                "[Failure] 869. Fail sqshare.ecl ( version: multiPart=false ) - W20250422-125805 (9 sec)",
                "[Failure] 870. Fail sqshare2.ecl ( version: multiPart=false ) - W20250422-125805-5 (10 sec)",
                "[Failure] 871. Fail sqsimple.ecl ( version: multiPart=false ) - W20250422-125816-2 (8 sec)",
                "[Failure] 882. Fail steplimit1.ecl ( version: multiPart=false ) - W20250422-125859 (7 sec)",
                "[Failure] 884. Fail steplimit2.ecl ( version: multiPart=false ) - W20250422-125907 (7 sec)",
                "[Failure] 904. Fail stepping7.ecl ( version: multiPart=false ) - W20250422-130027 (7 sec)",
                "[Failure] 906. Fail stepping7a.ecl ( version: multiPart=false ) - W20250422-130036 (7 sec)",
                "[Failure] 908. Fail stepping7b.ecl ( version: multiPart=false ) - W20250422-130044 (7 sec)",
                "[Failure] 910. Fail stepping7c.ecl ( version: multiPart=false ) - W20250422-130053 (7 sec)",
                "[Failure] 912. Fail stepping7d.ecl ( version: multiPart=false ) - W20250422-130102 (7 sec)",
                "[Failure] 914. Fail stepping7e.ecl ( version: multiPart=false ) - W20250422-130110 (7 sec)",
                "[Failure] 916. Fail stepping7f.ecl ( version: multiPart=false ) - W20250422-130119 (7 sec)",
                "[Failure] 918. Fail stepping7g.ecl ( version: multiPart=false ) - W20250422-130128 (8 sec)",
                "[Failure] 920. Fail stepping7h.ecl ( version: multiPart=false ) - W20250422-130137 (7 sec)",
                "[Failure] 922. Fail stepping8.ecl ( version: multiPart=false ) - W20250422-130145 (8 sec)",
                "[Failure] 924. Fail stepping8a.ecl ( version: multiPart=false ) - W20250422-130154 (7 sec)",
                "[Failure] 926. Fail stepping8b.ecl ( version: multiPart=false ) - W20250422-130203 (8 sec)",
                "[Failure] 928. Fail stepping9a.ecl ( version: multiPart=false ) - W20250422-130212-2 (7 sec)",
                "[Failure] 930. Fail stepping9b.ecl ( version: multiPart=false ) - W20250422-130221 (8 sec)",
                "[Failure] 939. Fail stresstext.ecl ( version: multiPart=false ) - W20250422-130254 (11 sec)",
                "[Failure] 941. Fail stresstext.ecl ( version: multiPart=false, variant='default' ) - W20250422-130306 (12 sec)",
                "[Failure] 942. Fail stresstext.ecl ( version: multiPart=false, variant='inplace' ) - W20250422-130317 (11 sec)",
                "[Failure] 943. Fail stresstext.ecl ( version: multiPart=false, variant='inplace_row' ) - W20250422-130320 (11 sec)",
                "[Failure] 944. Fail stresstext.ecl ( version: multiPart=false, variant='inplace_lzw' ) - W20250422-130330 (11 sec)",
                "[Failure] 945. Fail stresstext.ecl ( version: multiPart=false, variant='inplace_lz4hc' ) - W20250422-130332 (11 sec)",
                "[Failure] 946. Fail stresstext_if.ecl ( version: multiPart=false ) - W20250422-130342 (8 sec)",
                "[Failure] 999. Fail textsearch4.ecl ( version: multiPart=false ) - W20250422-131105 (16 sec)",
                "[Failure] 1048. Fail verifytextindex.ecl ( version: multiPart=false, variant='default' ) - W20250422-131458 (7 sec)",
                "[Failure] 1049. Fail verifytextindex.ecl ( version: multiPart=false, variant='inplace' ) - W20250422-131500 (7 sec)",
                "[Failure] 1050. Fail verifytextindex.ecl ( version: multiPart=false, variant='inplace_row' ) - W20250422-131507 (8 sec)",
                "[Failure] 1051. Fail verifytextindex.ecl ( version: multiPart=false, variant='inplace_lzw' ) - W20250422-131508 (7 sec)",
                "[Failure] 1052. Fail verifytextindex.ecl ( version: multiPart=false, variant='inplace_lz4hc' ) - W20250422-131516 (8 sec)",
                "[Failure] 1099. Fail workflow_9a.ecl ( version: parallel=false ) - W20250422-131836 (8 sec)",
                "[Failure] 1100. Fail workflow_9a.ecl ( version: parallel=true ) - W20250422-131836-4 (9 sec)",
                "[Failure] 1101. Fail workflow_9b.ecl ( version: parallel=false ) - W20250422-131846 (9 sec)",
                "[Failure] 1102. Fail workflow_9b.ecl ( version: parallel=true ) - W20250422-131846-2 (9 sec)",
                "[Failure] 1104. Fail workflow_9c.ecl ( version: parallel=true ) - W20250422-131857-1 (10 sec)",
                "[Failure] 1103. Fail workflow_9c.ecl ( version: parallel=false ) - W20250422-131857 (11 sec)"
            ]
        }
        ]
    }
}
