{
  "OBTResult": {
    "Env": {
      "BuildSystem": "CentOS_Linux_7",
      "Hardware": "vCPU: 8, RAM: 16 GB",
      "IPAddress": "10.20.0.45"
    },
    "Remote": {
      "System": "Minikube",
      "Hardware": "CPU/Cores: 16, RAM: 64 GB",
      "HthorConfig": {
        "Replicas": "3",
        "MaxActive": "4",
        "UseChildProcesses": "true",
        "AllowedPipePrograms": "*"
      },
      "ThorConfig": {
        "NumWorkers": "2",
        "MaxJobs": "4",
        "MaxGraph": "2",
        "MultiJobLinger": "true",
        "LingerPeriod": "200",
        "AllowedPipePrograms": "*"
      },
      "RoxieWorkunitConfig": {
        "Replicas": "1",
        "MaxActive": "20",
        "UseChildProcesses": "true",
        "AllowedPipePrograms": "*"
      }
    },
    "BuildSet": {
      "Branch": "community_9.12.0-rc3",
      "BranchDate": "N/A",
      "BranchSHA": "N/A",
      "BuildType": "Release",
      "Target": "K8s"
    },
    "Exclusion": {
      "Build": "N/A",
      "Documentation": "N/A",
      "Unittest": "N/A",
      "MLtest": "N/A",
      "Regression": "--ef pipefail.ecl -e embedded-r,embedded-js,3rdpartyservice,mongodb,spray"
    },
    "Tasks": [
      {
        "UpdateHelmRepo": {
          "Result": "Done",
          "Elaps": {
            "Formatted": "0 sec 0 sec (00:00:00)",
            "RawSec": "0"
          }
        }
      },
      {
        "CheckLocalPlatform": {
          "Result": "Done",
          "Version": "",
          "Elaps": {
            "Formatted": "48 sec 48 sec (00:00:48)",
            "RawSec": "48"
          }
        }
      },
      {
        "StartMinikube": {
          "Result": "Done",
          "Elaps": {
            "Formatted": "27 sec 27 sec (00:00:27)",
            "RawSec": "27"
          }
        }
      },
      {
        "DeployHPCC": {
          "Result": "Done",
          "Elaps": {
            "Formatted": "1 sec 1 sec (00:00:01)",
            "RawSec": "1"
          }
        }
      },
      {
        "WaitForPODs": {
          "Result": "Done",
          "NumberOfPODs": 54,
          "Elaps": {
            "Formatted": "211 sec 211 sec (00:03:31)",
            "RawSec": "211"
          }
        }
      },
      {
        "ECLWatchAnnotation": {
          "Result": "",
          "Elaps": {
            "Formatted": "39 sec 39 sec (00:00:39)",
            "RawSec": "39"
          }
        }
      },
      {
        "Setup": {
          "Result": "PASSED",
          "hthor": {
            "Elaps": {
              "Formatted": "0 sec (00:00:00)",
              "RawSec": "0"
            },
            "Total": 0,
            "Pass": 0,
            "Fail": 0,
            "Result": "N/A"
          },
          "thor": {
            "Elaps": {
              "Formatted": "97 sec (00:01:37)",
              "RawSec": "97"
            },
            "Total": 9,
            "Pass": 9,
            "Fail": 0,
            "Result": "PASSED"
          },
          "roxie": {
            "Elaps": {
              "Formatted": "89 sec (00:01:29)",
              "RawSec": "89"
            },
            "Total": 24,
            "Pass": 24,
            "Fail": 0,
            "Result": "PASSED"
          }
        }
      },
      {
        " PublishQueries": {
          "Result": "Done",
          "Total": 0,
          "Elaps": {
            "Formatted": "0 sec 0 sec (00:00:00)",
            "RawSec": "0"
          }
        }
      },
      {
        "Regress": {
          "Result": "FAILED",
          "Hthor": {
            "Result": "FAILED",
            "Elaps": {
              "Formatted": "2089 sec (00:34:49)",
              "RawSec": "2089"
            },
            "Total": 1071,
            "Pass": 1064,
            "Fail": 7
          },
          "Thor": {
            "Result": "FAILED",
            "Elaps": {
              "Formatted": "2176 sec (00:36:16)",
              "RawSec": "2176"
            },
            "Total": 950,
            "Pass": 948,
            "Fail": 2
          },
          "Roxie": {
            "Result": "FAILED",
            "Elaps": {
              "Formatted": "3057 sec (00:50:57)",
              "RawSec": "3057"
            },
            "Total": 1143,
            "Pass": 1135,
            "Fail": 8
          }
        }
      },
      {
        "CollectTimings": {
          "Result": "Done",
          "Elaps": {
            "Formatted": "27 sec 27 sec (00:00:27).",
            "RawSec": "27"
          }
        }
      },
      {
        "CollectPODLogs": {
          "Result": "Done",
          "Elaps": {
            "Formatted": "24 sec 24 sec (00:00:24).",
            "RawSec": "24"
          }
        }
      },
      {
        "UninstallPODs": {
          "Result": "Done",
          "Elaps": {
            "Formatted": "102 sec 102 sec (00:01:42)",
            "RawSec": "102"
          }
        }
      },
      {
        "StopMinikube": {
          "Result": "Done",
          "Elaps": {
            "Formatted": "11 sec 11 sec (00:00:11).",
            "RawSec": "11"
          }
        }
      },
      {
        "RunLogProcessor": {
          "Result": "Done",
          "Elaps": {
            "Formatted": "0 sec 0 sec (00:00:00).",
            "RawSec": "0"
          }
        }
      }
    ],
    "Errors": [
      {
        "HthorRegress": [
          "[Failure] 140. Fail cryptoplugin_pke_lfn.ecl - W20250425-110521 (2 sec)",
          "[Failure] 586. Fail parquetTypes.ecl ( version: compressionType='UNCOMPRESSED' ) - W20250425-111558 (3 sec)",
          "[Failure] 587. Fail parquetTypes.ecl ( version: compressionType='Snappy' ) - W20250425-111558-3 (3 sec)",
          "[Failure] 588. Fail parquetTypes.ecl ( version: compressionType='GZip' ) - W20250425-111601 (3 sec)",
          "[Failure] 589. Fail parquetTypes.ecl ( version: compressionType='Brotli' ) - W20250425-111602 (3 sec)",
          "[Failure] 590. Fail parquetTypes.ecl ( version: compressionType='LZ4' ) - W20250425-111605 (3 sec)",
          "[Failure] 591. Fail parquetTypes.ecl ( version: compressionType='ZSTD' ) - W20250425-111606 (3 sec)"
        ]
      },
      {
        "ThorRegress": [
          "[Failure] 137. Fail cryptoplugin_pke_lfn.ecl - W20250425-113941-2 (2 sec)",
          "[Failure] 258. Fail external.ecl - W20250425-114221 (3 sec)"
        ]
      },
      {
        "RoxieRegress": [
          "[Failure] 151. Fail cryptoplugin_pke_lfn.ecl - W20250425-121843 (3 sec)",
          "[Failure] 285. Fail external.ecl - W20250425-122252 (3 sec)",
          "[Failure] 287. Fail externalplane.ecl - W20250425-122256 (4 sec)",
          "[Failure] 730. Fail rewrite.ecl - W20250425-123919 (3 sec)",
          "[Failure] 1101. Fail workflow_9b.ecl ( version: parallel=false ) - W20250425-130055-2 (3 sec)",
          "[Failure] 1102. Fail workflow_9b.ecl ( version: parallel=true ) - W20250425-130058 (4 sec)",
          "[Failure] 1104. Fail workflow_9c.ecl ( version: parallel=true ) - W20250425-130102 (62 sec)",
          "[Failure] 1103. Fail workflow_9c.ecl ( version: parallel=false ) - W20250425-130059 (92 sec)"
        ]
      }
    ]
  }
}
