{
    "OBTResult": {
        "Env": {
            "BuildSystem" : "Ubuntu_22_04_5_LTS",
            "Hardware": "CPU/Cores: 8, RAM: 16 GB",
            "IPAddress": "192.168.1.54"
        },
         "Remote" : {
            "System" : "AKS",
            "VmSize" : "Standard_D16s_v4",
            "Hardware": "CPU/Cores: 16, RAM: 64 GB",
            "HthorConfig": {
                "Replicas": "3",
                "MaxActive": "4",
                "UseChildProcesses" : "true",
                "AllowedPipePrograms" : "*"
            },
            "ThorConfig":{
                "NumWorkers": "2",
                "MaxJobs": "4",
                "MaxGraph" : "2",
                "MultiJobLinger" : "true",
                "LingerPeriod" : "200",
                "AllowedPipePrograms" : "*"
            },
            "RoxieWorkunitConfig": {
                "Replicas": "1",
                "MaxActive":"20",
                "UseChildProcesses" : "true",
                "AllowedPipePrograms" : "*"
            }
        },
        "BuildSet": {
            "Branch": "community_9.10.18-rc1",
            "BranchDate": "N/A",
            "BranchSHA": "N/A",
            "BuildType": "Release",
            "Target": "K8s"
        },
        "Exclusion": {
            "Build": "N/A",
            "Documentation": "N/A",
            "Unittest": "N/A",
            "MLtest": "N/A",
            "Regression": "--ef pipefail.ecl -e embedded-r,embedded-js,3rdpartyservice,mongodb,spray"
        },
        "Tasks": [
            {
                "UpdateHelmRepo": {
                    "Result" : "Done",
                    "Elaps": {
                        "Formatted": "4 sec (00:00:04)",
                        "RawSec": "4"
                    }
                }
            },
            {
                "UpgradeTerraform": {
                    "Result" : "Done",
                    "Version" : "Terraform v1.11.3",
                    "Elaps": {
                        "Formatted": "204 sec (00:03:24)",
                        "RawSec": "204"
                    }
                }
            },
            {
                "CreateVirtualNetwork": {
                    "Result" : "Done (retCode: 0)",
                    "NumberOfResources" : 11,
                    "Elaps": {
                        "Formatted": "410 sec (00:06:50)",
                        "RawSec": "410"
                    }
                }
            },
            {
                "CreateStorage": {
                    "Result" : "Done (retCode: 0)",
                    "NumberOfResources" : 17,
                    "Elaps": {
                        "Formatted": "245 sec (00:04:05)",
                        "RawSec": "245"
                    }
                }
            },
            {
                "CreateAKS": {
                    "Result" : "Done",
                    "NumberOfResources" : 20,
                    "Elaps": {
                        "Formatted": "528 sec (00:08:48)",
                        "RawSec": "528"
                    }
                }
            },
            {
                "ECLWatchAnnotation": {
                    "Result": "Done",
                    "Elaps": {
                        "Formatted": "66 sec (00:01:06)",
                        "RawSec": "66"
                    }
                }
            },
            {
                "Setup": {
                    "Result": "PASSED",
                    "hthor": {
                        "Elaps": {
                            "Formatted": "0 sec (00:00:00)",
                            "RawSec": "0"
                        },
                        "Total": 0,
                        "Pass": 0,
                        "Fail": 0,
                        "Result": "N/A"
                    },
                    "thor": {
                        "Elaps": {
                            "Formatted": "67 sec (00:01:07)",
                            "RawSec": "67"
                        },
                        "Total": 9,
                        "Pass": 9,
                        "Fail": 0,
                        "Result": "PASSED"
                    },
                    "roxie": {
                        "Elaps": {
                            "Formatted": "120 sec (00:02:00)",
                            "RawSec": "120"
                        },
                        "Total": 24,
                        "Pass": 24,
                        "Fail": 0,
                        "Result": "PASSED"
                    }
                }
            },
            {
                "PublishQueries": {
                    "Result" : "Done",
                    "Total" : 0,
                    "Elaps": {
                        "Formatted": "0 sec (00:00:00)",
                        "RawSec": "0"
                    }
                }
            },
            {
                "Regress": {
                    "Result": "FAILED",
                    "Hthor": {
                        "Result": "FAILED",
                        "Elaps": {
                            "Formatted": "4848 sec (01:20:48)",
                            "RawSec": "4848"
                        },
                        "Total": 1070,
                        "Pass": 1063,
                        "Fail": 7
                    },
                    "Thor": {
                        "Result": "FAILED",
                        "Elaps": {
                            "Formatted": "3751 sec (01:02:31)",
                            "RawSec": "3751"
                        },
                        "Total":  945,
                        "Pass": 942,
                        "Fail": 3
                    },
                    "Roxie": {
                        "Result": "FAILED",
                        "Elaps": {
                            "Formatted": "5567 sec (01:32:47)",
                            "RawSec": "5567"
                        },
                        "Total":  1141,
                        "Pass": 1098,
                        "Fail": 43
                    }
                }
            },
            {
                "CollectTimings": {
                    "Result" : "Done",
                    "Elaps": {
                        "Formatted": "1030 sec (00:17:10).",
                        "RawSec": "1030"
                    }
                }
            },
            {
                "CollectPODLogs": {
                    "Result" : "Done",
                    "Elaps": {
                        "Formatted": "350 sec (00:05:50).",
                        "RawSec": "350"
                    }
                }
            },
            {
                "DestroyAKS": {
                    "Result" : "Done (retCode: 0)",
                    "NumberOfResources" : 20,
                    "Elaps": {
                        "Formatted": "517 sec (00:08:37)",
                        "RawSec": "517"
                    }
                }
            },
            {
                "DestroyStorage": {
                    "Result" : "Done (retCode: 0)",
                    "NumberOfResources" : 17,
                    "Elaps": {
                        "Formatted": "140 sec (00:02:20)",
                        "RawSec": "140"
                    }
                }
            },
            {
                "DestroyVirtualNetwork": {
                    "Result" : "Done (retCode: 0)",
                    "NumberOfResources" : 11,
                    "Elaps": {
                        "Formatted": "161 sec (00:02:41)",
                        "RawSec": "161"
                    }
                }
            },
            {
                "RunLogProcessor": {
                   "Result": "Done",
                    "Elaps": {
                        "Formatted": "1 sec (00:00:01).",
                        "RawSec": "1"
                    }
                }
            }
        ],
        "Errors": [
            
            
            
            {
            "HthorRegress" : [
                "[Failure] 140. Fail cryptoplugin_pke_lfn.ecl - W20250410-095538 (6 sec)",
                "[Failure] 586. Fail parquetTypes.ecl ( version: compressionType='UNCOMPRESSED' ) - W20250410-102502 (10 sec)",
                "[Failure] 587. Fail parquetTypes.ecl ( version: compressionType='Snappy' ) - W20250410-102504 (10 sec)",
                "[Failure] 588. Fail parquetTypes.ecl ( version: compressionType='GZip' ) - W20250410-102513 (8 sec)",
                "[Failure] 589. Fail parquetTypes.ecl ( version: compressionType='Brotli' ) - W20250410-102514 (8 sec)",
                "[Failure] 590. Fail parquetTypes.ecl ( version: compressionType='LZ4' ) - W20250410-102522 (9 sec)",
                "[Failure] 591. Fail parquetTypes.ecl ( version: compressionType='ZSTD' ) - W20250410-102524 (9 sec)"
                ]
            },
            {
            "ThorRegress" : [
                "[Failure] 137. Fail cryptoplugin_pke_lfn.ecl - W20250410-111440-2 (6 sec)",
                "[Failure] 258. Fail external.ecl - W20250410-112134-1 (6 sec)",
                "[Failure] 642. Fail remoteread.ecl ( version: optRemoteRead=false ) - W20250410-114600 (8 sec)"
            ]
        },
            {
            "RoxieRegress" : [
                "[Failure] 151. Fail cryptoplugin_pke_lfn.ecl - W20250410-122139 (7 sec)",
                "[Failure] 285. Fail external.ecl - W20250410-123025 (8 sec)",
                "[Failure] 287. Fail externalplane.ecl - W20250410-123034 (8 sec)",
                "[Failure] 389. Fail indexmerge.ecl ( version: multiPart=false ) - W20250410-123808 (8 sec)",
                "[Failure] 575. Fail mergechild.ecl ( version: multiPart=false ) - W20250410-125326 (8 sec)",
                "[Failure] 671. Fail pullindex2.ecl ( version: multiPart=false ) - W20250410-130054 (8 sec)",
                "[Failure] 726. Fail remoteread.ecl ( version: optRemoteRead=true ) - W20250410-130457 (12 sec)",
                "[Failure] 729. Fail rewrite.ecl - W20250410-130518 (9 sec)",
                "[Failure] 880. Fail steplimit1.ecl ( version: multiPart=false ) - W20250410-131759 (8 sec)",
                "[Failure] 882. Fail steplimit2.ecl ( version: multiPart=false ) - W20250410-131808 (8 sec)",
                "[Failure] 902. Fail stepping7.ecl ( version: multiPart=false ) - W20250410-131940 (8 sec)",
                "[Failure] 904. Fail stepping7a.ecl ( version: multiPart=false ) - W20250410-131949 (8 sec)",
                "[Failure] 906. Fail stepping7b.ecl ( version: multiPart=false ) - W20250410-131959 (8 sec)",
                "[Failure] 908. Fail stepping7c.ecl ( version: multiPart=false ) - W20250410-132009 (9 sec)",
                "[Failure] 910. Fail stepping7d.ecl ( version: multiPart=false ) - W20250410-132018-5 (8 sec)",
                "[Failure] 912. Fail stepping7e.ecl ( version: multiPart=false ) - W20250410-132028 (8 sec)",
                "[Failure] 914. Fail stepping7f.ecl ( version: multiPart=false ) - W20250410-132037-2 (8 sec)",
                "[Failure] 916. Fail stepping7g.ecl ( version: multiPart=false ) - W20250410-132047 (8 sec)",
                "[Failure] 918. Fail stepping7h.ecl ( version: multiPart=false ) - W20250410-132057 (8 sec)",
                "[Failure] 920. Fail stepping8.ecl ( version: multiPart=false ) - W20250410-132106 (8 sec)",
                "[Failure] 922. Fail stepping8a.ecl ( version: multiPart=false ) - W20250410-132115 (8 sec)",
                "[Failure] 924. Fail stepping8b.ecl ( version: multiPart=false ) - W20250410-132125 (8 sec)",
                "[Failure] 926. Fail stepping9a.ecl ( version: multiPart=false ) - W20250410-132135 (8 sec)",
                "[Failure] 928. Fail stepping9b.ecl ( version: multiPart=false ) - W20250410-132145 (8 sec)",
                "[Failure] 937. Fail stresstext.ecl ( version: multiPart=false ) - W20250410-132221 (11 sec)",
                "[Failure] 939. Fail stresstext.ecl ( version: multiPart=false, variant='default' ) - W20250410-132234 (11 sec)",
                "[Failure] 940. Fail stresstext.ecl ( version: multiPart=false, variant='inplace' ) - W20250410-132245 (11 sec)",
                "[Failure] 941. Fail stresstext.ecl ( version: multiPart=false, variant='inplace_row' ) - W20250410-132246 (11 sec)",
                "[Failure] 942. Fail stresstext.ecl ( version: multiPart=false, variant='inplace_lzw' ) - W20250410-132259 (12 sec)",
                "[Failure] 943. Fail stresstext.ecl ( version: multiPart=false, variant='inplace_lz4hc' ) - W20250410-132259-4 (13 sec)",
                "[Failure] 944. Fail stresstext_if.ecl ( version: multiPart=false ) - W20250410-132313-5 (9 sec)",
                "[Failure] 997. Fail textsearch4.ecl ( version: multiPart=false ) - W20250410-133109 (17 sec)",
                "[Failure] 1046. Fail verifytextindex.ecl ( version: multiPart=false, variant='default' ) - W20250410-133520 (8 sec)",
                "[Failure] 1047. Fail verifytextindex.ecl ( version: multiPart=false, variant='inplace' ) - W20250410-133520-2 (9 sec)",
                "[Failure] 1048. Fail verifytextindex.ecl ( version: multiPart=false, variant='inplace_row' ) - W20250410-133530 (9 sec)",
                "[Failure] 1049. Fail verifytextindex.ecl ( version: multiPart=false, variant='inplace_lzw' ) - W20250410-133530-5 (9 sec)",
                "[Failure] 1050. Fail verifytextindex.ecl ( version: multiPart=false, variant='inplace_lz4hc' ) - W20250410-133541-2 (8 sec)",
                "[Failure] 1098. Fail workflow_9a.ecl ( version: parallel=true ) - W20250410-133921 (9 sec)",
                "[Failure] 1097. Fail workflow_9a.ecl ( version: parallel=false ) - W20250410-133921-2 (10 sec)",
                "[Failure] 1100. Fail workflow_9b.ecl ( version: parallel=true ) - W20250410-133932 (9 sec)",
                "[Failure] 1099. Fail workflow_9b.ecl ( version: parallel=false ) - W20250410-133932-4 (10 sec)",
                "[Failure] 1102. Fail workflow_9c.ecl ( version: parallel=true ) - W20250410-133943 (29 sec)",
                "[Failure] 1101. Fail workflow_9c.ecl ( version: parallel=false ) - W20250410-133943-4 (29 sec)"
            ]
        }
        ]
    }
}
