{
    "OBTResult": {
        "Env": {
            "BuildSystem" : "Ubuntu_22_04_5_LTS",
            "Hardware": "CPU/Cores: 8, RAM: 16 GB",
            "IPAddress": "192.168.1.54"
        },
         "Remote" : {
            "System" : "AKS",
            "VmSize" : "Standard_D16s_v4",
            "Hardware": "CPU/Cores: 16, RAM: 64 GB",
            "HthorConfig": {
                "Replicas": "3",
                "MaxActive": "4",
                "UseChildProcesses" : "true",
                "AllowedPipePrograms" : "*"
            },
            "ThorConfig":{
                "NumWorkers": "2",
                "MaxJobs": "4",
                "MaxGraph" : "2",
                "MultiJobLinger" : "true",
                "LingerPeriod" : "200",
                "AllowedPipePrograms" : "*"
            },
            "RoxieWorkunitConfig": {
                "Replicas": "1",
                "MaxActive":"20",
                "UseChildProcesses" : "true",
                "AllowedPipePrograms" : "*"
            }
        },
        "BuildSet": {
            "Branch": "community_9.12.0-rc3",
            "BranchDate": "N/A",
            "BranchSHA": "N/A",
            "BuildType": "Release",
            "Target": "K8s"
        },
        "Exclusion": {
            "Build": "N/A",
            "Documentation": "N/A",
            "Unittest": "N/A",
            "MLtest": "N/A",
            "Regression": "--ef pipefail.ecl -e embedded-r,embedded-js,3rdpartyservice,mongodb,spray"
        },
        "Tasks": [
            {
                "UpdateHelmRepo": {
                    "Result" : "Done",
                    "Elaps": {
                        "Formatted": "3 sec (00:00:03)",
                        "RawSec": "3"
                    }
                }
            },
            {
                "UpgradeTerraform": {
                    "Result" : "Done",
                    "Version" : "Terraform v1.11.4",
                    "Elaps": {
                        "Formatted": "10 sec (00:00:10)",
                        "RawSec": "10"
                    }
                }
            },
            {
                "CreateVirtualNetwork": {
                    "Result" : "Done (retCode: 0)",
                    "NumberOfResources" : 11,
                    "Elaps": {
                        "Formatted": "94 sec (00:01:34)",
                        "RawSec": "94"
                    }
                }
            },
            {
                "CreateStorage": {
                    "Result" : "Done (retCode: 0)",
                    "NumberOfResources" : 17,
                    "Elaps": {
                        "Formatted": "99 sec (00:01:39)",
                        "RawSec": "99"
                    }
                }
            },
            {
                "CreateAKS": {
                    "Result" : "Done",
                    "NumberOfResources" : 20,
                    "Elaps": {
                        "Formatted": "501 sec (00:08:21)",
                        "RawSec": "501"
                    }
                }
            },
            {
                "ECLWatchAnnotation": {
                    "Result": "Done",
                    "Elaps": {
                        "Formatted": "65 sec (00:01:05)",
                        "RawSec": "65"
                    }
                }
            },
            {
                "Setup": {
                    "Result": "PASSED",
                    "hthor": {
                        "Elaps": {
                            "Formatted": "0 sec (00:00:00)",
                            "RawSec": "0"
                        },
                        "Total": 0,
                        "Pass": 0,
                        "Fail": 0,
                        "Result": "N/A"
                    },
                    "thor": {
                        "Elaps": {
                            "Formatted": "67 sec (00:01:07)",
                            "RawSec": "67"
                        },
                        "Total": 9,
                        "Pass": 9,
                        "Fail": 0,
                        "Result": "PASSED"
                    },
                    "roxie": {
                        "Elaps": {
                            "Formatted": "116 sec (00:01:56)",
                            "RawSec": "116"
                        },
                        "Total": 24,
                        "Pass": 24,
                        "Fail": 0,
                        "Result": "PASSED"
                    }
                }
            },
            {
                "PublishQueries": {
                    "Result" : "Done",
                    "Total" : 0,
                    "Elaps": {
                        "Formatted": "0 sec (00:00:00)",
                        "RawSec": "0"
                    }
                }
            },
            {
                "Regress": {
                    "Result": "FAILED",
                    "Hthor": {
                        "Result": "FAILED",
                        "Elaps": {
                            "Formatted": "4388 sec (01:13:08)",
                            "RawSec": "4388"
                        },
                        "Total": 1071,
                        "Pass": 1064,
                        "Fail": 7
                    },
                    "Thor": {
                        "Result": "FAILED",
                        "Elaps": {
                            "Formatted": "3820 sec (01:03:40)",
                            "RawSec": "3820"
                        },
                        "Total":  950,
                        "Pass": 948,
                        "Fail": 2
                    },
                    "Roxie": {
                        "Result": "FAILED",
                        "Elaps": {
                            "Formatted": "5200 sec (01:26:40)",
                            "RawSec": "5200"
                        },
                        "Total":  1143,
                        "Pass": 1085,
                        "Fail": 58
                    }
                }
            },
            {
                "CollectTimings": {
                    "Result" : "Done",
                    "Elaps": {
                        "Formatted": "1311 sec (00:21:51).",
                        "RawSec": "1311"
                    }
                }
            },
            {
                "CollectPODLogs": {
                    "Result" : "Done",
                    "Elaps": {
                        "Formatted": "354 sec (00:05:54).",
                        "RawSec": "354"
                    }
                }
            },
            {
                "DestroyAKS": {
                    "Result" : "Done (retCode: 0)",
                    "NumberOfResources" : 20,
                    "Elaps": {
                        "Formatted": "484 sec (00:08:04)",
                        "RawSec": "484"
                    }
                }
            },
            {
                "DestroyStorage": {
                    "Result" : "Done (retCode: 0)",
                    "NumberOfResources" : 17,
                    "Elaps": {
                        "Formatted": "135 sec (00:02:15)",
                        "RawSec": "135"
                    }
                }
            },
            {
                "DestroyVirtualNetwork": {
                    "Result" : "Done (retCode: 0)",
                    "NumberOfResources" : 11,
                    "Elaps": {
                        "Formatted": "167 sec (00:02:47)",
                        "RawSec": "167"
                    }
                }
            },
            {
                "RunLogProcessor": {
                   "Result": "Done",
                    "Elaps": {
                        "Formatted": "1 sec (00:00:01).",
                        "RawSec": "1"
                    }
                }
            }
        ],
        "Errors": [
            
            
            
            {
            "HthorRegress" : [
                "[Failure] 140. Fail cryptoplugin_pke_lfn.ecl - W20250429-094856-1 (6 sec)",
                "[Failure] 586. Fail parquetTypes.ecl ( version: compressionType='UNCOMPRESSED' ) - W20250429-101540 (8 sec)",
                "[Failure] 587. Fail parquetTypes.ecl ( version: compressionType='Snappy' ) - W20250429-101540-4 (9 sec)",
                "[Failure] 589. Fail parquetTypes.ecl ( version: compressionType='Brotli' ) - W20250429-101551 (9 sec)",
                "[Failure] 588. Fail parquetTypes.ecl ( version: compressionType='GZip' ) - W20250429-101551-4 (9 sec)",
                "[Failure] 591. Fail parquetTypes.ecl ( version: compressionType='ZSTD' ) - W20250429-101602 (9 sec)",
                "[Failure] 590. Fail parquetTypes.ecl ( version: compressionType='LZ4' ) - W20250429-101602-3 (11 sec)"
                ]
            },
            {
            "ThorRegress" : [
                "[Failure] 137. Fail cryptoplugin_pke_lfn.ecl - W20250429-110055-3 (11 sec)",
                "[Failure] 258. Fail external.ecl - W20250429-110749 (6 sec)"
            ]
        },
            {
            "RoxieRegress" : [
                "[Failure] 151. Fail cryptoplugin_pke_lfn.ecl - W20250429-120830 (7 sec)",
                "[Failure] 285. Fail external.ecl - W20250429-121707 (7 sec)",
                "[Failure] 287. Fail externalplane.ecl - W20250429-121716 (7 sec)",
                "[Failure] 370. Fail indexagg.ecl ( version: multiPart=false ) - W20250429-122258 (7 sec)",
                "[Failure] 374. Fail indexagg_choosen.ecl ( version: multiPart=false ) - W20250429-122314 (7 sec)",
                "[Failure] 389. Fail indexmerge.ecl ( version: multiPart=false ) - W20250429-122421 (7 sec)",
                "[Failure] 391. Fail indexread.ecl ( version: multiPart=false ) - W20250429-122429-3 (7 sec)",
                "[Failure] 395. Fail indexread2.ecl ( version: multiPart=false ) - W20250429-122447 (7 sec)",
                "[Failure] 399. Fail indexread3.ecl ( version: multiPart=false ) - W20250429-122504 (8 sec)",
                "[Failure] 403. Fail indexread4.ecl ( version: multiPart=false ) - W20250429-122522 (7 sec)",
                "[Failure] 408. Fail indexread6.ecl ( version: multiPart=false ) - W20250429-122543 (9 sec)",
                "[Failure] 415. Fail indexread8.ecl ( version: multiPart=false ) - W20250429-122616 (7 sec)",
                "[Failure] 419. Fail indexread_keyed.ecl ( version: multiPart=false ) - W20250429-122632 (7 sec)",
                "[Failure] 422. Fail indexread_keyed.ecl ( version: multiPart=false, useLocal=true, forceRemoteKeyedLookup=true, forceRemoteKeyedFetch=true ) - W20250429-122647 (7 sec)",
                "[Failure] 501. Fail keyed_fetch.ecl ( version: multiPart=false ) - W20250429-123255 (8 sec)",
                "[Failure] 504. Fail keyed_fetch.ecl ( version: multiPart=false, useLocal=true, forceRemoteKeyedLookup=true, forceRemoteKeyedFetch=true ) - W20250429-123312 (7 sec)",
                "[Failure] 513. Fail keyed_join2.ecl ( version: multiPart=false ) - W20250429-123357 (7 sec)",
                "[Failure] 517. Fail keyed_join2.ecl ( version: multiPart=false, useLocal=true, forceRemoteKeyedLookup=true, forceRemoteKeyedFetch=true ) - W20250429-123416 (7 sec)",
                "[Failure] 575. Fail mergechild.ecl ( version: multiPart=false ) - W20250429-123807 (7 sec)",
                "[Failure] 672. Fail pullindex2.ecl ( version: multiPart=false ) - W20250429-124450 (7 sec)",
                "[Failure] 726. Fail remoteread.ecl ( version: optRemoteRead=false ) - W20250429-124827 (11 sec)",
                "[Failure] 730. Fail rewrite.ecl - W20250429-124848 (7 sec)",
                "[Failure] 882. Fail steplimit1.ecl ( version: multiPart=false ) - W20250429-130045-2 (7 sec)",
                "[Failure] 884. Fail steplimit2.ecl ( version: multiPart=false ) - W20250429-130054-4 (7 sec)",
                "[Failure] 904. Fail stepping7.ecl ( version: multiPart=false ) - W20250429-130214 (7 sec)",
                "[Failure] 906. Fail stepping7a.ecl ( version: multiPart=false ) - W20250429-130222 (7 sec)",
                "[Failure] 908. Fail stepping7b.ecl ( version: multiPart=false ) - W20250429-130230 (7 sec)",
                "[Failure] 910. Fail stepping7c.ecl ( version: multiPart=false ) - W20250429-130238 (7 sec)",
                "[Failure] 912. Fail stepping7d.ecl ( version: multiPart=false ) - W20250429-130247 (7 sec)",
                "[Failure] 914. Fail stepping7e.ecl ( version: multiPart=false ) - W20250429-130255 (7 sec)",
                "[Failure] 916. Fail stepping7f.ecl ( version: multiPart=false ) - W20250429-130304 (7 sec)",
                "[Failure] 918. Fail stepping7g.ecl ( version: multiPart=false ) - W20250429-130312 (7 sec)",
                "[Failure] 920. Fail stepping7h.ecl ( version: multiPart=false ) - W20250429-130321 (7 sec)",
                "[Failure] 922. Fail stepping8.ecl ( version: multiPart=false ) - W20250429-130329 (7 sec)",
                "[Failure] 924. Fail stepping8a.ecl ( version: multiPart=false ) - W20250429-130338 (7 sec)",
                "[Failure] 926. Fail stepping8b.ecl ( version: multiPart=false ) - W20250429-130346 (7 sec)",
                "[Failure] 928. Fail stepping9a.ecl ( version: multiPart=false ) - W20250429-130355 (7 sec)",
                "[Failure] 930. Fail stepping9b.ecl ( version: multiPart=false ) - W20250429-130403 (7 sec)",
                "[Failure] 932. Fail stepskip.ecl ( version: multiPart=false ) - W20250429-130412 (7 sec)",
                "[Failure] 939. Fail stresstext.ecl ( version: multiPart=false ) - W20250429-130436 (10 sec)",
                "[Failure] 941. Fail stresstext.ecl ( version: multiPart=false, variant='default' ) - W20250429-130448 (12 sec)",
                "[Failure] 942. Fail stresstext.ecl ( version: multiPart=false, variant='inplace' ) - W20250429-130459 (10 sec)",
                "[Failure] 943. Fail stresstext.ecl ( version: multiPart=false, variant='inplace_row' ) - W20250429-130501 (10 sec)",
                "[Failure] 944. Fail stresstext.ecl ( version: multiPart=false, variant='inplace_lzw' ) - W20250429-130511 (10 sec)",
                "[Failure] 945. Fail stresstext.ecl ( version: multiPart=false, variant='inplace_lz4hc' ) - W20250429-130513 (10 sec)",
                "[Failure] 946. Fail stresstext_if.ecl ( version: multiPart=false ) - W20250429-130523 (7 sec)",
                "[Failure] 999. Fail textsearch4.ecl ( version: multiPart=false ) - W20250429-131223 (16 sec)",
                "[Failure] 1048. Fail verifytextindex.ecl ( version: multiPart=false, variant='default' ) - W20250429-131617 (7 sec)",
                "[Failure] 1049. Fail verifytextindex.ecl ( version: multiPart=false, variant='inplace' ) - W20250429-131617-5 (7 sec)",
                "[Failure] 1050. Fail verifytextindex.ecl ( version: multiPart=false, variant='inplace_row' ) - W20250429-131626-1 (8 sec)",
                "[Failure] 1051. Fail verifytextindex.ecl ( version: multiPart=false, variant='inplace_lzw' ) - W20250429-131626 (8 sec)",
                "[Failure] 1052. Fail verifytextindex.ecl ( version: multiPart=false, variant='inplace_lz4hc' ) - W20250429-131635 (8 sec)",
                "[Failure] 1099. Fail workflow_9a.ecl ( version: parallel=false ) - W20250429-131949 (8 sec)",
                "[Failure] 1100. Fail workflow_9a.ecl ( version: parallel=true ) - W20250429-131949-2 (8 sec)",
                "[Failure] 1101. Fail workflow_9b.ecl ( version: parallel=false ) - W20250429-131958 (8 sec)",
                "[Failure] 1102. Fail workflow_9b.ecl ( version: parallel=true ) - W20250429-131959 (8 sec)",
                "[Failure] 1103. Fail workflow_9c.ecl ( version: parallel=false ) - W20250429-132008 (69 sec)",
                "[Failure] 1104. Fail workflow_9c.ecl ( version: parallel=true ) - W20250429-132009 (69 sec)"
            ]
        }
        ]
    }
}
