{
    "OBTResult": {
        "Env": {
            "BuildSystem" : "Ubuntu_22_04_5_LTS",
            "Hardware": "CPU/Cores: 8, RAM: 16 GB",
            "IPAddress": "192.168.1.54"
        },
         "Remote" : {
            "System" : "AKS",
            "VmSize" : "Standard_D16s_v4",
            "Hardware": "CPU/Cores: 16, RAM: 64 GB",
            "HthorConfig": {
                "Replicas": "3",
                "MaxActive": "4",
                "UseChildProcesses" : "true",
                "AllowedPipePrograms" : "*"
            },
            "ThorConfig":{
                "NumWorkers": "2",
                "MaxJobs": "4",
                "MaxGraph" : "2",
                "MultiJobLinger" : "true",
                "LingerPeriod" : "200",
                "AllowedPipePrograms" : "*"
            },
            "RoxieWorkunitConfig": {
                "Replicas": "1",
                "MaxActive":"20",
                "UseChildProcesses" : "true",
                "AllowedPipePrograms" : "*"
            }
        },
        "BuildSet": {
            "Branch": "community_9.10.18-rc1",
            "BranchDate": "N/A",
            "BranchSHA": "N/A",
            "BuildType": "Release",
            "Target": "K8s"
        },
        "Exclusion": {
            "Build": "N/A",
            "Documentation": "N/A",
            "Unittest": "N/A",
            "MLtest": "N/A",
            "Regression": "--ef pipefail.ecl -e embedded-r,embedded-js,3rdpartyservice,mongodb,spray"
        },
        "Tasks": [
            {
                "UpdateHelmRepo": {
                    "Result" : "Done",
                    "Elaps": {
                        "Formatted": "5 sec (00:00:05)",
                        "RawSec": "5"
                    }
                }
            },
            {
                "UpgradeTerraform": {
                    "Result" : "Done",
                    "Version" : "Terraform v1.11.3",
                    "Elaps": {
                        "Formatted": "229 sec (00:03:49)",
                        "RawSec": "229"
                    }
                }
            },
            {
                "CreateVirtualNetwork": {
                    "Result" : "Done (retCode: 0)",
                    "NumberOfResources" : 11,
                    "Elaps": {
                        "Formatted": "161 sec (00:02:41)",
                        "RawSec": "161"
                    }
                }
            },
            {
                "CreateStorage": {
                    "Result" : "Done (retCode: 0)",
                    "NumberOfResources" : 17,
                    "Elaps": {
                        "Formatted": "143 sec (00:02:23)",
                        "RawSec": "143"
                    }
                }
            },
            {
                "CreateAKS": {
                    "Result" : "Done",
                    "NumberOfResources" : 20,
                    "Elaps": {
                        "Formatted": "519 sec (00:08:39)",
                        "RawSec": "519"
                    }
                }
            },
            {
                "ECLWatchAnnotation": {
                    "Result": "Done",
                    "Elaps": {
                        "Formatted": "66 sec (00:01:06)",
                        "RawSec": "66"
                    }
                }
            },
            {
                "Setup": {
                    "Result": "PASSED",
                    "hthor": {
                        "Elaps": {
                            "Formatted": "0 sec (00:00:00)",
                            "RawSec": "0"
                        },
                        "Total": 0,
                        "Pass": 0,
                        "Fail": 0,
                        "Result": "N/A"
                    },
                    "thor": {
                        "Elaps": {
                            "Formatted": "68 sec (00:01:08)",
                            "RawSec": "68"
                        },
                        "Total": 9,
                        "Pass": 9,
                        "Fail": 0,
                        "Result": "PASSED"
                    },
                    "roxie": {
                        "Elaps": {
                            "Formatted": "114 sec (00:01:54)",
                            "RawSec": "114"
                        },
                        "Total": 24,
                        "Pass": 24,
                        "Fail": 0,
                        "Result": "PASSED"
                    }
                }
            },
            {
                "PublishQueries": {
                    "Result" : "Done",
                    "Total" : 0,
                    "Elaps": {
                        "Formatted": "0 sec (00:00:00)",
                        "RawSec": "0"
                    }
                }
            },
            {
                "Regress": {
                    "Result": "FAILED",
                    "Hthor": {
                        "Result": "FAILED",
                        "Elaps": {
                            "Formatted": "4152 sec (01:09:12)",
                            "RawSec": "4152"
                        },
                        "Total": 1070,
                        "Pass": 1063,
                        "Fail": 7
                    },
                    "Thor": {
                        "Result": "FAILED",
                        "Elaps": {
                            "Formatted": "3651 sec (01:00:51)",
                            "RawSec": "3651"
                        },
                        "Total":  945,
                        "Pass": 943,
                        "Fail": 2
                    },
                    "Roxie": {
                        "Result": "FAILED",
                        "Elaps": {
                            "Formatted": "5068 sec (01:24:28)",
                            "RawSec": "5068"
                        },
                        "Total":  1141,
                        "Pass": 1097,
                        "Fail": 44
                    }
                }
            },
            {
                "CollectTimings": {
                    "Result" : "Done",
                    "Elaps": {
                        "Formatted": "1027 sec (00:17:07).",
                        "RawSec": "1027"
                    }
                }
            },
            {
                "CollectPODLogs": {
                    "Result" : "Done",
                    "Elaps": {
                        "Formatted": "328 sec (00:05:28).",
                        "RawSec": "328"
                    }
                }
            },
            {
                "DestroyAKS": {
                    "Result" : "Done (retCode: 0)",
                    "NumberOfResources" : 20,
                    "Elaps": {
                        "Formatted": "450 sec (00:07:30)",
                        "RawSec": "450"
                    }
                }
            },
            {
                "DestroyStorage": {
                    "Result" : "Done (retCode: 0)",
                    "NumberOfResources" : 17,
                    "Elaps": {
                        "Formatted": "125 sec (00:02:05)",
                        "RawSec": "125"
                    }
                }
            },
            {
                "DestroyVirtualNetwork": {
                    "Result" : "Done (retCode: 0)",
                    "NumberOfResources" : 11,
                    "Elaps": {
                        "Formatted": "150 sec (00:02:30)",
                        "RawSec": "150"
                    }
                }
            },
            {
                "RunLogProcessor": {
                   "Result": "Done",
                    "Elaps": {
                        "Formatted": "1 sec (00:00:01).",
                        "RawSec": "1"
                    }
                }
            }
        ],
        "Errors": [
            
            
            
            {
            "HthorRegress" : [
                "[Failure] 140. Fail cryptoplugin_pke_lfn.ecl - W20250411-105651 (6 sec)",
                "[Failure] 586. Fail parquetTypes.ecl ( version: compressionType='UNCOMPRESSED' ) - W20250411-112226 (8 sec)",
                "[Failure] 587. Fail parquetTypes.ecl ( version: compressionType='Snappy' ) - W20250411-112227 (8 sec)",
                "[Failure] 589. Fail parquetTypes.ecl ( version: compressionType='Brotli' ) - W20250411-112236 (8 sec)",
                "[Failure] 588. Fail parquetTypes.ecl ( version: compressionType='GZip' ) - W20250411-112236-4 (10 sec)",
                "[Failure] 590. Fail parquetTypes.ecl ( version: compressionType='LZ4' ) - W20250411-112246 (8 sec)",
                "[Failure] 591. Fail parquetTypes.ecl ( version: compressionType='ZSTD' ) - W20250411-112246-1 (9 sec)"
                ]
            },
            {
            "ThorRegress" : [
                "[Failure] 137. Fail cryptoplugin_pke_lfn.ecl - W20250411-120456-5 (6 sec)",
                "[Failure] 258. Fail external.ecl - W20250411-121122 (6 sec)"
            ]
        },
            {
            "RoxieRegress" : [
                "[Failure] 151. Fail cryptoplugin_pke_lfn.ecl - W20250411-131030 (8 sec)",
                "[Failure] 196. Fail dfsfj2.ecl - W20250411-131321 (7 sec)",
                "[Failure] 285. Fail external.ecl - W20250411-131906 (7 sec)",
                "[Failure] 287. Fail externalplane.ecl - W20250411-131914 (7 sec)",
                "[Failure] 389. Fail indexmerge.ecl ( version: multiPart=false ) - W20250411-132614 (7 sec)",
                "[Failure] 575. Fail mergechild.ecl ( version: multiPart=false ) - W20250411-133940-3 (7 sec)",
                "[Failure] 671. Fail pullindex2.ecl ( version: multiPart=false ) - W20250411-134617 (7 sec)",
                "[Failure] 729. Fail rewrite.ecl - W20250411-135012 (7 sec)",
                "[Failure] 880. Fail steplimit1.ecl ( version: multiPart=false ) - W20250411-140137 (7 sec)",
                "[Failure] 882. Fail steplimit2.ecl ( version: multiPart=false ) - W20250411-140145 (7 sec)",
                "[Failure] 902. Fail stepping7.ecl ( version: multiPart=false ) - W20250411-140303 (7 sec)",
                "[Failure] 904. Fail stepping7a.ecl ( version: multiPart=false ) - W20250411-140311 (7 sec)",
                "[Failure] 906. Fail stepping7b.ecl ( version: multiPart=false ) - W20250411-140320 (7 sec)",
                "[Failure] 908. Fail stepping7c.ecl ( version: multiPart=false ) - W20250411-140328 (7 sec)",
                "[Failure] 910. Fail stepping7d.ecl ( version: multiPart=false ) - W20250411-140336 (7 sec)",
                "[Failure] 912. Fail stepping7e.ecl ( version: multiPart=false ) - W20250411-140345 (7 sec)",
                "[Failure] 914. Fail stepping7f.ecl ( version: multiPart=false ) - W20250411-140353 (7 sec)",
                "[Failure] 916. Fail stepping7g.ecl ( version: multiPart=false ) - W20250411-140402 (7 sec)",
                "[Failure] 918. Fail stepping7h.ecl ( version: multiPart=false ) - W20250411-140410 (7 sec)",
                "[Failure] 920. Fail stepping8.ecl ( version: multiPart=false ) - W20250411-140418 (7 sec)",
                "[Failure] 922. Fail stepping8a.ecl ( version: multiPart=false ) - W20250411-140427 (7 sec)",
                "[Failure] 924. Fail stepping8b.ecl ( version: multiPart=false ) - W20250411-140435 (7 sec)",
                "[Failure] 926. Fail stepping9a.ecl ( version: multiPart=false ) - W20250411-140444 (7 sec)",
                "[Failure] 928. Fail stepping9b.ecl ( version: multiPart=false ) - W20250411-140452 (8 sec)",
                "[Failure] 937. Fail stresstext.ecl ( version: multiPart=false ) - W20250411-140523-2 (10 sec)",
                "[Failure] 939. Fail stresstext.ecl ( version: multiPart=false, variant='default' ) - W20250411-140535 (10 sec)",
                "[Failure] 941. Fail stresstext.ecl ( version: multiPart=false, variant='inplace_row' ) - W20250411-140547-3 (10 sec)",
                "[Failure] 940. Fail stresstext.ecl ( version: multiPart=false, variant='inplace' ) - W20250411-140547 (11 sec)",
                "[Failure] 943. Fail stresstext.ecl ( version: multiPart=false, variant='inplace_lz4hc' ) - W20250411-140600-3 (10 sec)",
                "[Failure] 942. Fail stresstext.ecl ( version: multiPart=false, variant='inplace_lzw' ) - W20250411-140600 (12 sec)",
                "[Failure] 944. Fail stresstext_if.ecl ( version: multiPart=false ) - W20250411-140612-3 (8 sec)",
                "[Failure] 997. Fail textsearch4.ecl ( version: multiPart=false ) - W20250411-141307 (15 sec)",
                "[Failure] 1046. Fail verifytextindex.ecl ( version: multiPart=false, variant='default' ) - W20250411-141703 (7 sec)",
                "[Failure] 1047. Fail verifytextindex.ecl ( version: multiPart=false, variant='inplace' ) - W20250411-141704 (7 sec)",
                "[Failure] 1048. Fail verifytextindex.ecl ( version: multiPart=false, variant='inplace_row' ) - W20250411-141712-5 (8 sec)",
                "[Failure] 1049. Fail verifytextindex.ecl ( version: multiPart=false, variant='inplace_lzw' ) - W20250411-141712 (8 sec)",
                "[Failure] 1050. Fail verifytextindex.ecl ( version: multiPart=false, variant='inplace_lz4hc' ) - W20250411-141722-2 (8 sec)",
                "[Failure] 1098. Fail workflow_9a.ecl ( version: parallel=true ) - W20250411-142037 (8 sec)",
                "[Failure] 1097. Fail workflow_9a.ecl ( version: parallel=false ) - W20250411-142037-3 (9 sec)",
                "[Failure] 1099. Fail workflow_9b.ecl ( version: parallel=false ) - W20250411-142047 (8 sec)",
                "[Failure] 1100. Fail workflow_9b.ecl ( version: parallel=true ) - W20250411-142047-3 (8 sec)",
                "[Failure] 1101. Fail workflow_9c.ecl ( version: parallel=false ) - W20250411-142057 (9 sec)",
                "[Failure] 1102. Fail workflow_9c.ecl ( version: parallel=true ) - W20250411-142057-3 (8 sec)",
                "[Failure] 1128. Fail xmlfetch.ecl ( version: multiPart=false ) - W20250411-142237 (7 sec)"
            ]
        }
        ]
    }
}
