{
    "OBTResult": {
        "Env": {
            "BuildSystem" : "Ubuntu_22_04_5_LTS",
            "Hardware": "CPU/Cores: 8, RAM: 16 GB",
            "IPAddress": "192.168.1.54"
        },
         "Remote" : {
            "System" : "AKS",
            "VmSize" : "Standard_D16s_v4",
            "Hardware": "CPU/Cores: 16, RAM: 64 GB",
            "HthorConfig": {
                "Replicas": "3",
                "MaxActive": "4",
                "UseChildProcesses" : "true",
                "AllowedPipePrograms" : "*"
            },
            "ThorConfig":{
                "NumWorkers": "2",
                "MaxJobs": "4",
                "MaxGraph" : "2",
                "MultiJobLinger" : "true",
                "LingerPeriod" : "200",
                "AllowedPipePrograms" : "*"
            },
            "RoxieWorkunitConfig": {
                "Replicas": "1",
                "MaxActive":"20",
                "UseChildProcesses" : "true",
                "AllowedPipePrograms" : "*"
            }
        },
        "BuildSet": {
            "Branch": "community_9.10.18-rc1",
            "BranchDate": "N/A",
            "BranchSHA": "N/A",
            "BuildType": "Release",
            "Target": "K8s"
        },
        "Exclusion": {
            "Build": "N/A",
            "Documentation": "N/A",
            "Unittest": "N/A",
            "MLtest": "N/A",
            "Regression": "--ef pipefail.ecl -e embedded-r,embedded-js,3rdpartyservice,mongodb,spray"
        },
        "Tasks": [
            {
                "UpdateHelmRepo": {
                    "Result" : "Done",
                    "Elaps": {
                        "Formatted": "5 sec (00:00:05)",
                        "RawSec": "5"
                    }
                }
            },
            {
                "UpgradeTerraform": {
                    "Result" : "Done",
                    "Version" : "Terraform v1.11.3",
                    "Elaps": {
                        "Formatted": "166 sec (00:02:46)",
                        "RawSec": "166"
                    }
                }
            },
            {
                "CreateVirtualNetwork": {
                    "Result" : "Done (retCode: 0)",
                    "NumberOfResources" : 11,
                    "Elaps": {
                        "Formatted": "128 sec (00:02:08)",
                        "RawSec": "128"
                    }
                }
            },
            {
                "CreateStorage": {
                    "Result" : "Done (retCode: 0)",
                    "NumberOfResources" : 17,
                    "Elaps": {
                        "Formatted": "101 sec (00:01:41)",
                        "RawSec": "101"
                    }
                }
            },
            {
                "CreateAKS": {
                    "Result" : "Done",
                    "NumberOfResources" : 20,
                    "Elaps": {
                        "Formatted": "797 sec (00:13:17)",
                        "RawSec": "797"
                    }
                }
            },
            {
                "ECLWatchAnnotation": {
                    "Result": "Done",
                    "Elaps": {
                        "Formatted": "65 sec (00:01:05)",
                        "RawSec": "65"
                    }
                }
            },
            {
                "Setup": {
                    "Result": "PASSED",
                    "hthor": {
                        "Elaps": {
                            "Formatted": "0 sec (00:00:00)",
                            "RawSec": "0"
                        },
                        "Total": 0,
                        "Pass": 0,
                        "Fail": 0,
                        "Result": "N/A"
                    },
                    "thor": {
                        "Elaps": {
                            "Formatted": "72 sec (00:01:12)",
                            "RawSec": "72"
                        },
                        "Total": 9,
                        "Pass": 9,
                        "Fail": 0,
                        "Result": "PASSED"
                    },
                    "roxie": {
                        "Elaps": {
                            "Formatted": "116 sec (00:01:56)",
                            "RawSec": "116"
                        },
                        "Total": 24,
                        "Pass": 24,
                        "Fail": 0,
                        "Result": "PASSED"
                    }
                }
            },
            {
                "PublishQueries": {
                    "Result" : "Done",
                    "Total" : 0,
                    "Elaps": {
                        "Formatted": "0 sec (00:00:00)",
                        "RawSec": "0"
                    }
                }
            },
            {
                "Regress": {
                    "Result": "FAILED",
                    "Hthor": {
                        "Result": "FAILED",
                        "Elaps": {
                            "Formatted": "4285 sec (01:11:25)",
                            "RawSec": "4285"
                        },
                        "Total": 1070,
                        "Pass": 1063,
                        "Fail": 7
                    },
                    "Thor": {
                        "Result": "FAILED",
                        "Elaps": {
                            "Formatted": "3802 sec (01:03:22)",
                            "RawSec": "3802"
                        },
                        "Total":  945,
                        "Pass": 943,
                        "Fail": 2
                    },
                    "Roxie": {
                        "Result": "FAILED",
                        "Elaps": {
                            "Formatted": "5183 sec (01:26:23)",
                            "RawSec": "5183"
                        },
                        "Total":  1141,
                        "Pass": 1098,
                        "Fail": 43
                    }
                }
            },
            {
                "CollectTimings": {
                    "Result" : "Done",
                    "Elaps": {
                        "Formatted": "1027 sec (00:17:07).",
                        "RawSec": "1027"
                    }
                }
            },
            {
                "CollectPODLogs": {
                    "Result" : "Done",
                    "Elaps": {
                        "Formatted": "324 sec (00:05:24).",
                        "RawSec": "324"
                    }
                }
            },
            {
                "DestroyAKS": {
                    "Result" : "Done (retCode: 0)",
                    "NumberOfResources" : 20,
                    "Elaps": {
                        "Formatted": "481 sec (00:08:01)",
                        "RawSec": "481"
                    }
                }
            },
            {
                "DestroyStorage": {
                    "Result" : "Done (retCode: 0)",
                    "NumberOfResources" : 17,
                    "Elaps": {
                        "Formatted": "131 sec (00:02:11)",
                        "RawSec": "131"
                    }
                }
            },
            {
                "DestroyVirtualNetwork": {
                    "Result" : "Done (retCode: 0)",
                    "NumberOfResources" : 11,
                    "Elaps": {
                        "Formatted": "152 sec (00:02:32)",
                        "RawSec": "152"
                    }
                }
            },
            {
                "RunLogProcessor": {
                   "Result": "Done",
                    "Elaps": {
                        "Formatted": "1 sec (00:00:01).",
                        "RawSec": "1"
                    }
                }
            }
        ],
        "Errors": [
            
            
            
            {
            "HthorRegress" : [
                "[Failure] 140. Fail cryptoplugin_pke_lfn.ecl - W20250404-095939 (6 sec)",
                "[Failure] 586. Fail parquetTypes.ecl ( version: compressionType='UNCOMPRESSED' ) - W20250404-102544 (8 sec)",
                "[Failure] 587. Fail parquetTypes.ecl ( version: compressionType='Snappy' ) - W20250404-102550 (8 sec)",
                "[Failure] 588. Fail parquetTypes.ecl ( version: compressionType='GZip' ) - W20250404-102553 (8 sec)",
                "[Failure] 589. Fail parquetTypes.ecl ( version: compressionType='Brotli' ) - W20250404-102600 (8 sec)",
                "[Failure] 590. Fail parquetTypes.ecl ( version: compressionType='LZ4' ) - W20250404-102602 (8 sec)",
                "[Failure] 591. Fail parquetTypes.ecl ( version: compressionType='ZSTD' ) - W20250404-102610 (8 sec)"
                ]
            },
            {
            "ThorRegress" : [
                "[Failure] 137. Fail cryptoplugin_pke_lfn.ecl - W20250404-110957 (6 sec)",
                "[Failure] 258. Fail external.ecl - W20250404-111641 (7 sec)"
            ]
        },
            {
            "RoxieRegress" : [
                "[Failure] 151. Fail cryptoplugin_pke_lfn.ecl - W20250404-121747 (7 sec)",
                "[Failure] 285. Fail external.ecl - W20250404-122627 (7 sec)",
                "[Failure] 287. Fail externalplane.ecl - W20250404-122636 (7 sec)",
                "[Failure] 389. Fail indexmerge.ecl ( version: multiPart=false ) - W20250404-123341 (7 sec)",
                "[Failure] 575. Fail mergechild.ecl ( version: multiPart=false ) - W20250404-124725 (7 sec)",
                "[Failure] 641. Fail payload.ecl ( version: multiPart=false ) - W20250404-125209 (8 sec)",
                "[Failure] 671. Fail pullindex2.ecl ( version: multiPart=false ) - W20250404-125413 (7 sec)",
                "[Failure] 729. Fail rewrite.ecl - W20250404-125812 (7 sec)",
                "[Failure] 880. Fail steplimit1.ecl ( version: multiPart=false ) - W20250404-130958 (7 sec)",
                "[Failure] 882. Fail steplimit2.ecl ( version: multiPart=false ) - W20250404-131007 (7 sec)",
                "[Failure] 902. Fail stepping7.ecl ( version: multiPart=false ) - W20250404-131130-2 (9 sec)",
                "[Failure] 904. Fail stepping7a.ecl ( version: multiPart=false ) - W20250404-131139 (7 sec)",
                "[Failure] 906. Fail stepping7b.ecl ( version: multiPart=false ) - W20250404-131148 (7 sec)",
                "[Failure] 908. Fail stepping7c.ecl ( version: multiPart=false ) - W20250404-131156 (7 sec)",
                "[Failure] 910. Fail stepping7d.ecl ( version: multiPart=false ) - W20250404-131205 (7 sec)",
                "[Failure] 912. Fail stepping7e.ecl ( version: multiPart=false ) - W20250404-131213 (8 sec)",
                "[Failure] 914. Fail stepping7f.ecl ( version: multiPart=false ) - W20250404-131222 (7 sec)",
                "[Failure] 916. Fail stepping7g.ecl ( version: multiPart=false ) - W20250404-131231 (7 sec)",
                "[Failure] 918. Fail stepping7h.ecl ( version: multiPart=false ) - W20250404-131240 (7 sec)",
                "[Failure] 920. Fail stepping8.ecl ( version: multiPart=false ) - W20250404-131249 (7 sec)",
                "[Failure] 922. Fail stepping8a.ecl ( version: multiPart=false ) - W20250404-131257 (7 sec)",
                "[Failure] 924. Fail stepping8b.ecl ( version: multiPart=false ) - W20250404-131306 (7 sec)",
                "[Failure] 926. Fail stepping9a.ecl ( version: multiPart=false ) - W20250404-131315 (7 sec)",
                "[Failure] 928. Fail stepping9b.ecl ( version: multiPart=false ) - W20250404-131323 (7 sec)",
                "[Failure] 937. Fail stresstext.ecl ( version: multiPart=false ) - W20250404-131356 (11 sec)",
                "[Failure] 939. Fail stresstext.ecl ( version: multiPart=false, variant='default' ) - W20250404-131408 (12 sec)",
                "[Failure] 940. Fail stresstext.ecl ( version: multiPart=false, variant='inplace' ) - W20250404-131419 (10 sec)",
                "[Failure] 941. Fail stresstext.ecl ( version: multiPart=false, variant='inplace_row' ) - W20250404-131422 (11 sec)",
                "[Failure] 942. Fail stresstext.ecl ( version: multiPart=false, variant='inplace_lzw' ) - W20250404-131431 (11 sec)",
                "[Failure] 943. Fail stresstext.ecl ( version: multiPart=false, variant='inplace_lz4hc' ) - W20250404-131435 (11 sec)",
                "[Failure] 944. Fail stresstext_if.ecl ( version: multiPart=false ) - W20250404-131443 (7 sec)",
                "[Failure] 997. Fail textsearch4.ecl ( version: multiPart=false ) - W20250404-132206 (16 sec)",
                "[Failure] 1046. Fail verifytextindex.ecl ( version: multiPart=false, variant='default' ) - W20250404-132604 (7 sec)",
                "[Failure] 1047. Fail verifytextindex.ecl ( version: multiPart=false, variant='inplace' ) - W20250404-132604-1 (8 sec)",
                "[Failure] 1048. Fail verifytextindex.ecl ( version: multiPart=false, variant='inplace_row' ) - W20250404-132614 (8 sec)",
                "[Failure] 1049. Fail verifytextindex.ecl ( version: multiPart=false, variant='inplace_lzw' ) - W20250404-132614-3 (8 sec)",
                "[Failure] 1050. Fail verifytextindex.ecl ( version: multiPart=false, variant='inplace_lz4hc' ) - W20250404-132623-3 (7 sec)",
                "[Failure] 1097. Fail workflow_9a.ecl ( version: parallel=false ) - W20250404-132938 (8 sec)",
                "[Failure] 1098. Fail workflow_9a.ecl ( version: parallel=true ) - W20250404-132938-1 (8 sec)",
                "[Failure] 1100. Fail workflow_9b.ecl ( version: parallel=true ) - W20250404-132948 (8 sec)",
                "[Failure] 1099. Fail workflow_9b.ecl ( version: parallel=false ) - W20250404-132948-1 (9 sec)",
                "[Failure] 1101. Fail workflow_9c.ecl ( version: parallel=false ) - W20250404-132958 (9 sec)",
                "[Failure] 1102. Fail workflow_9c.ecl ( version: parallel=true ) - W20250404-132958-3 (8 sec)"
            ]
        }
        ]
    }
}
