{
  "OBTResult": {
    "Env": {
      "BuildSystem": "CentOS_Linux_7",
      "Hardware": "vCPU: 8, RAM: 16 GB",
      "IPAddress": "10.20.0.45"
    },
    "Remote": {
      "System": "Minikube",
      "Hardware": "CPU/Cores: 16, RAM: 64 GB",
      "HthorConfig": {
        "Replicas": "3",
        "MaxActive": "4",
        "UseChildProcesses": "true",
        "AllowedPipePrograms": "*"
      },
      "ThorConfig": {
        "NumWorkers": "2",
        "MaxJobs": "4",
        "MaxGraph": "2",
        "MultiJobLinger": "true",
        "LingerPeriod": "200",
        "AllowedPipePrograms": "*"
      },
      "RoxieWorkunitConfig": {
        "Replicas": "1",
        "MaxActive": "20",
        "UseChildProcesses": "true",
        "AllowedPipePrograms": "*"
      }
    },
    "BuildSet": {
      "Branch": "community_9.12.0-rc3",
      "BranchDate": "N/A",
      "BranchSHA": "N/A",
      "BuildType": "Release",
      "Target": "K8s"
    },
    "Exclusion": {
      "Build": "N/A",
      "Documentation": "N/A",
      "Unittest": "N/A",
      "MLtest": "N/A",
      "Regression": "--ef pipefail.ecl -e embedded-r,embedded-js,3rdpartyservice,mongodb,spray"
    },
    "Tasks": [
      {
        "UpdateHelmRepo": {
          "Result": "Done",
          "Elaps": {
            "Formatted": "0 sec 0 sec (00:00:00)",
            "RawSec": "0"
          }
        }
      },
      {
        "CheckLocalPlatform": {
          "Result": "Done",
          "Version": "",
          "Elaps": {
            "Formatted": "38 sec 38 sec (00:00:38)",
            "RawSec": "38"
          }
        }
      },
      {
        "StartMinikube": {
          "Result": "Done",
          "Elaps": {
            "Formatted": "26 sec 26 sec (00:00:26)",
            "RawSec": "26"
          }
        }
      },
      {
        "DeployHPCC": {
          "Result": "Done",
          "Elaps": {
            "Formatted": "1 sec 1 sec (00:00:01)",
            "RawSec": "1"
          }
        }
      },
      {
        "WaitForPODs": {
          "Result": "Done",
          "NumberOfPODs": 54,
          "Elaps": {
            "Formatted": "232 sec 232 sec (00:03:52)",
            "RawSec": "232"
          }
        }
      },
      {
        "ECLWatchAnnotation": {
          "Result": "",
          "Elaps": {
            "Formatted": "38 sec 38 sec (00:00:38)",
            "RawSec": "38"
          }
        }
      },
      {
        "Setup": {
          "Result": "PASSED",
          "hthor": {
            "Elaps": {
              "Formatted": "0 sec (00:00:00)",
              "RawSec": "0"
            },
            "Total": 0,
            "Pass": 0,
            "Fail": 0,
            "Result": "N/A"
          },
          "thor": {
            "Elaps": {
              "Formatted": "105 sec (00:01:45)",
              "RawSec": "105"
            },
            "Total": 9,
            "Pass": 9,
            "Fail": 0,
            "Result": "PASSED"
          },
          "roxie": {
            "Elaps": {
              "Formatted": "79 sec (00:01:19)",
              "RawSec": "79"
            },
            "Total": 24,
            "Pass": 24,
            "Fail": 0,
            "Result": "PASSED"
          }
        }
      },
      {
        " PublishQueries": {
          "Result": "Done",
          "Total": 0,
          "Elaps": {
            "Formatted": "0 sec 0 sec (00:00:00)",
            "RawSec": "0"
          }
        }
      },
      {
        "Regress": {
          "Result": "FAILED",
          "Hthor": {
            "Result": "FAILED",
            "Elaps": {
              "Formatted": "1953 sec (00:32:33)",
              "RawSec": "1953"
            },
            "Total": 1071,
            "Pass": 1064,
            "Fail": 7
          },
          "Thor": {
            "Result": "FAILED",
            "Elaps": {
              "Formatted": "2001 sec (00:33:21)",
              "RawSec": "2001"
            },
            "Total": 950,
            "Pass": 948,
            "Fail": 2
          },
          "Roxie": {
            "Result": "FAILED",
            "Elaps": {
              "Formatted": "2924 sec (00:48:44)",
              "RawSec": "2924"
            },
            "Total": 1143,
            "Pass": 1135,
            "Fail": 8
          }
        }
      },
      {
        "CollectTimings": {
          "Result": "Done",
          "Elaps": {
            "Formatted": "24 sec 24 sec (00:00:24).",
            "RawSec": "24"
          }
        }
      },
      {
        "CollectPODLogs": {
          "Result": "Done",
          "Elaps": {
            "Formatted": "23 sec 23 sec (00:00:23).",
            "RawSec": "23"
          }
        }
      },
      {
        "UninstallPODs": {
          "Result": "Done",
          "Elaps": {
            "Formatted": "102 sec 102 sec (00:01:42)",
            "RawSec": "102"
          }
        }
      },
      {
        "StopMinikube": {
          "Result": "Done",
          "Elaps": {
            "Formatted": "11 sec 11 sec (00:00:11).",
            "RawSec": "11"
          }
        }
      },
      {
        "RunLogProcessor": {
          "Result": "Done",
          "Elaps": {
            "Formatted": "1 sec 1 sec (00:00:01).",
            "RawSec": "1"
          }
        }
      }
    ],
    "Errors": [
      {
        "HthorRegress": [
          "[Failure] 140. Fail cryptoplugin_pke_lfn.ecl - W20250421-171120 (2 sec)",
          "[Failure] 586. Fail parquetTypes.ecl ( version: compressionType='UNCOMPRESSED' ) - W20250421-172118 (3 sec)",
          "[Failure] 587. Fail parquetTypes.ecl ( version: compressionType='Snappy' ) - W20250421-172119 (3 sec)",
          "[Failure] 588. Fail parquetTypes.ecl ( version: compressionType='GZip' ) - W20250421-172122 (3 sec)",
          "[Failure] 589. Fail parquetTypes.ecl ( version: compressionType='Brotli' ) - W20250421-172123 (3 sec)",
          "[Failure] 590. Fail parquetTypes.ecl ( version: compressionType='LZ4' ) - W20250421-172125 (3 sec)",
          "[Failure] 591. Fail parquetTypes.ecl ( version: compressionType='ZSTD' ) - W20250421-172127 (3 sec)"
        ]
      },
      {
        "ThorRegress": [
          "[Failure] 137. Fail cryptoplugin_pke_lfn.ecl - W20250421-174317 (2 sec)",
          "[Failure] 258. Fail external.ecl - W20250421-174547 (2 sec)"
        ]
      },
      {
        "RoxieRegress": [
          "[Failure] 151. Fail cryptoplugin_pke_lfn.ecl - W20250421-182000 (3 sec)",
          "[Failure] 285. Fail external.ecl - W20250421-182400 (3 sec)",
          "[Failure] 287. Fail externalplane.ecl - W20250421-182403 (3 sec)",
          "[Failure] 730. Fail rewrite.ecl - W20250421-183940 (3 sec)",
          "[Failure] 1101. Fail workflow_9b.ecl ( version: parallel=false ) - W20250421-185958 (3 sec)",
          "[Failure] 1102. Fail workflow_9b.ecl ( version: parallel=true ) - W20250421-190000 (3 sec)",
          "[Failure] 1103. Fail workflow_9c.ecl ( version: parallel=false ) - W20250421-190002 (61 sec)",
          "[Failure] 1104. Fail workflow_9c.ecl ( version: parallel=true ) - W20250421-190003 (62 sec)"
        ]
      }
    ]
  }
}
