{
    "OBTResult": {
        "Env": {
            "BuildSystem" : "Ubuntu_22_04_5_LTS",
            "Hardware": "CPU/Cores: 8, RAM: 16 GB",
            "IPAddress": "192.168.1.54"
        },
         "Remote" : {
            "System" : "AKS",
            "VmSize" : "Standard_D16s_v4",
            "Hardware": "CPU/Cores: 16, RAM: 64 GB",
            "HthorConfig": {
                "Replicas": "3",
                "MaxActive": "4",
                "UseChildProcesses" : "true",
                "AllowedPipePrograms" : "*"
            },
            "ThorConfig":{
                "NumWorkers": "2",
                "MaxJobs": "4",
                "MaxGraph" : "2",
                "MultiJobLinger" : "true",
                "LingerPeriod" : "200",
                "AllowedPipePrograms" : "*"
            },
            "RoxieWorkunitConfig": {
                "Replicas": "1",
                "MaxActive":"20",
                "UseChildProcesses" : "true",
                "AllowedPipePrograms" : "*"
            }
        },
        "BuildSet": {
            "Branch": "community_9.12.0-rc3",
            "BranchDate": "N/A",
            "BranchSHA": "N/A",
            "BuildType": "Release",
            "Target": "K8s"
        },
        "Exclusion": {
            "Build": "N/A",
            "Documentation": "N/A",
            "Unittest": "N/A",
            "MLtest": "N/A",
            "Regression": "--ef pipefail.ecl -e embedded-r,embedded-js,3rdpartyservice,mongodb,spray"
        },
        "Tasks": [
            {
                "UpdateHelmRepo": {
                    "Result" : "Done",
                    "Elaps": {
                        "Formatted": "6 sec (00:00:06)",
                        "RawSec": "6"
                    }
                }
            },
            {
                "UpgradeTerraform": {
                    "Result" : "Done",
                    "Version" : "Terraform v1.11.4",
                    "Elaps": {
                        "Formatted": "39 sec (00:00:39)",
                        "RawSec": "39"
                    }
                }
            },
            {
                "CreateVirtualNetwork": {
                    "Result" : "Done (retCode: 0)",
                    "NumberOfResources" : 11,
                    "Elaps": {
                        "Formatted": "104 sec (00:01:44)",
                        "RawSec": "104"
                    }
                }
            },
            {
                "CreateStorage": {
                    "Result" : "Done (retCode: 0)",
                    "NumberOfResources" : 17,
                    "Elaps": {
                        "Formatted": "107 sec (00:01:47)",
                        "RawSec": "107"
                    }
                }
            },
            {
                "CreateAKS": {
                    "Result" : "Done",
                    "NumberOfResources" : 20,
                    "Elaps": {
                        "Formatted": "484 sec (00:08:04)",
                        "RawSec": "484"
                    }
                }
            },
            {
                "ECLWatchAnnotation": {
                    "Result": "Done",
                    "Elaps": {
                        "Formatted": "66 sec (00:01:06)",
                        "RawSec": "66"
                    }
                }
            },
            {
                "Setup": {
                    "Result": "PASSED",
                    "hthor": {
                        "Elaps": {
                            "Formatted": "0 sec (00:00:00)",
                            "RawSec": "0"
                        },
                        "Total": 0,
                        "Pass": 0,
                        "Fail": 0,
                        "Result": "N/A"
                    },
                    "thor": {
                        "Elaps": {
                            "Formatted": "68 sec (00:01:08)",
                            "RawSec": "68"
                        },
                        "Total": 9,
                        "Pass": 9,
                        "Fail": 0,
                        "Result": "PASSED"
                    },
                    "roxie": {
                        "Elaps": {
                            "Formatted": "117 sec (00:01:57)",
                            "RawSec": "117"
                        },
                        "Total": 24,
                        "Pass": 24,
                        "Fail": 0,
                        "Result": "PASSED"
                    }
                }
            },
            {
                "PublishQueries": {
                    "Result" : "Done",
                    "Total" : 0,
                    "Elaps": {
                        "Formatted": "0 sec (00:00:00)",
                        "RawSec": "0"
                    }
                }
            },
            {
                "Regress": {
                    "Result": "FAILED",
                    "Hthor": {
                        "Result": "FAILED",
                        "Elaps": {
                            "Formatted": "4302 sec (01:11:42)",
                            "RawSec": "4302"
                        },
                        "Total": 1071,
                        "Pass": 1064,
                        "Fail": 7
                    },
                    "Thor": {
                        "Result": "FAILED",
                        "Elaps": {
                            "Formatted": "3768 sec (01:02:48)",
                            "RawSec": "3768"
                        },
                        "Total":  950,
                        "Pass": 948,
                        "Fail": 2
                    },
                    "Roxie": {
                        "Result": "FAILED",
                        "Elaps": {
                            "Formatted": "5251 sec (01:27:31)",
                            "RawSec": "5251"
                        },
                        "Total":  1143,
                        "Pass": 1090,
                        "Fail": 53
                    }
                }
            },
            {
                "CollectTimings": {
                    "Result" : "Done",
                    "Elaps": {
                        "Formatted": "1031 sec (00:17:11).",
                        "RawSec": "1031"
                    }
                }
            },
            {
                "CollectPODLogs": {
                    "Result" : "Done",
                    "Elaps": {
                        "Formatted": "348 sec (00:05:48).",
                        "RawSec": "348"
                    }
                }
            },
            {
                "DestroyAKS": {
                    "Result" : "Done (retCode: 0)",
                    "NumberOfResources" : 20,
                    "Elaps": {
                        "Formatted": "532 sec (00:08:52)",
                        "RawSec": "532"
                    }
                }
            },
            {
                "DestroyStorage": {
                    "Result" : "Done (retCode: 0)",
                    "NumberOfResources" : 17,
                    "Elaps": {
                        "Formatted": "129 sec (00:02:09)",
                        "RawSec": "129"
                    }
                }
            },
            {
                "DestroyVirtualNetwork": {
                    "Result" : "Done (retCode: 0)",
                    "NumberOfResources" : 11,
                    "Elaps": {
                        "Formatted": "150 sec (00:02:30)",
                        "RawSec": "150"
                    }
                }
            },
            {
                "RunLogProcessor": {
                   "Result": "Done",
                    "Elaps": {
                        "Formatted": "1 sec (00:00:01).",
                        "RawSec": "1"
                    }
                }
            }
        ],
        "Errors": [
            
            
            
            {
            "HthorRegress" : [
                "[Failure] 140. Fail cryptoplugin_pke_lfn.ecl - W20250424-083154 (6 sec)",
                "[Failure] 586. Fail parquetTypes.ecl ( version: compressionType='UNCOMPRESSED' ) - W20250424-085807 (9 sec)",
                "[Failure] 587. Fail parquetTypes.ecl ( version: compressionType='Snappy' ) - W20250424-085807-2 (9 sec)",
                "[Failure] 588. Fail parquetTypes.ecl ( version: compressionType='GZip' ) - W20250424-085817 (9 sec)",
                "[Failure] 589. Fail parquetTypes.ecl ( version: compressionType='Brotli' ) - W20250424-085817-1 (9 sec)",
                "[Failure] 590. Fail parquetTypes.ecl ( version: compressionType='LZ4' ) - W20250424-085828 (9 sec)",
                "[Failure] 591. Fail parquetTypes.ecl ( version: compressionType='ZSTD' ) - W20250424-085828-1 (9 sec)"
                ]
            },
            {
            "ThorRegress" : [
                "[Failure] 137. Fail cryptoplugin_pke_lfn.ecl - W20250424-094224-4 (6 sec)",
                "[Failure] 258. Fail external.ecl - W20250424-094908 (6 sec)"
            ]
        },
            {
            "RoxieRegress" : [
                "[Failure] 151. Fail cryptoplugin_pke_lfn.ecl - W20250424-104945 (7 sec)",
                "[Failure] 285. Fail external.ecl - W20250424-105824 (7 sec)",
                "[Failure] 287. Fail externalplane.ecl - W20250424-105833 (8 sec)",
                "[Failure] 389. Fail indexmerge.ecl ( version: multiPart=false ) - W20250424-110630 (7 sec)",
                "[Failure] 575. Fail mergechild.ecl ( version: multiPart=false ) - W20250424-112033 (8 sec)",
                "[Failure] 672. Fail pullindex2.ecl ( version: multiPart=false ) - W20250424-112729 (7 sec)",
                "[Failure] 730. Fail rewrite.ecl - W20250424-113128 (7 sec)",
                "[Failure] 761. Fail serial5a.ecl - W20250424-113440 (8 sec)",
                "[Failure] 762. Fail serial5b.ecl - W20250424-113440-1 (8 sec)",
                "[Failure] 764. Fail serial6a.ecl - W20250424-113450 (8 sec)",
                "[Failure] 763. Fail serial5c.ecl - W20250424-113449 (9 sec)",
                "[Failure] 765. Fail serial6b.ecl - W20250424-113500 (8 sec)",
                "[Failure] 766. Fail serial6d.ecl - W20250424-113500-2 (8 sec)",
                "[Failure] 768. Fail serial7b.ecl - W20250424-113509-4 (7 sec)",
                "[Failure] 767. Fail serial7a.ecl - W20250424-113509 (9 sec)",
                "[Failure] 769. Fail serial7c.ecl - W20250424-113519 (8 sec)",
                "[Failure] 770. Fail serial7d.ecl - W20250424-113519-2 (8 sec)",
                "[Failure] 772. Fail serial8b.ecl - W20250424-113528-5 (7 sec)",
                "[Failure] 882. Fail steplimit1.ecl ( version: multiPart=false ) - W20250424-114300 (7 sec)",
                "[Failure] 884. Fail steplimit2.ecl ( version: multiPart=false ) - W20250424-114308 (7 sec)",
                "[Failure] 904. Fail stepping7.ecl ( version: multiPart=false ) - W20250424-114431 (7 sec)",
                "[Failure] 906. Fail stepping7a.ecl ( version: multiPart=false ) - W20250424-114439 (7 sec)",
                "[Failure] 908. Fail stepping7b.ecl ( version: multiPart=false ) - W20250424-114448 (7 sec)",
                "[Failure] 910. Fail stepping7c.ecl ( version: multiPart=false ) - W20250424-114457 (7 sec)",
                "[Failure] 912. Fail stepping7d.ecl ( version: multiPart=false ) - W20250424-114506 (7 sec)",
                "[Failure] 914. Fail stepping7e.ecl ( version: multiPart=false ) - W20250424-114514-5 (7 sec)",
                "[Failure] 916. Fail stepping7f.ecl ( version: multiPart=false ) - W20250424-114523 (8 sec)",
                "[Failure] 918. Fail stepping7g.ecl ( version: multiPart=false ) - W20250424-114532 (7 sec)",
                "[Failure] 920. Fail stepping7h.ecl ( version: multiPart=false ) - W20250424-114541 (7 sec)",
                "[Failure] 922. Fail stepping8.ecl ( version: multiPart=false ) - W20250424-114549 (7 sec)",
                "[Failure] 924. Fail stepping8a.ecl ( version: multiPart=false ) - W20250424-114558 (7 sec)",
                "[Failure] 926. Fail stepping8b.ecl ( version: multiPart=false ) - W20250424-114607 (7 sec)",
                "[Failure] 928. Fail stepping9a.ecl ( version: multiPart=false ) - W20250424-114616 (7 sec)",
                "[Failure] 930. Fail stepping9b.ecl ( version: multiPart=false ) - W20250424-114624-2 (7 sec)",
                "[Failure] 939. Fail stresstext.ecl ( version: multiPart=false ) - W20250424-114656-3 (10 sec)",
                "[Failure] 941. Fail stresstext.ecl ( version: multiPart=false, variant='default' ) - W20250424-114708 (11 sec)",
                "[Failure] 942. Fail stresstext.ecl ( version: multiPart=false, variant='inplace' ) - W20250424-114720-4 (12 sec)",
                "[Failure] 943. Fail stresstext.ecl ( version: multiPart=false, variant='inplace_row' ) - W20250424-114720 (12 sec)",
                "[Failure] 945. Fail stresstext.ecl ( version: multiPart=false, variant='inplace_lz4hc' ) - W20250424-114733-3 (11 sec)",
                "[Failure] 944. Fail stresstext.ecl ( version: multiPart=false, variant='inplace_lzw' ) - W20250424-114733 (12 sec)",
                "[Failure] 946. Fail stresstext_if.ecl ( version: multiPart=false ) - W20250424-114746 (8 sec)",
                "[Failure] 999. Fail textsearch4.ecl ( version: multiPart=false ) - W20250424-115457 (16 sec)",
                "[Failure] 1048. Fail verifytextindex.ecl ( version: multiPart=false, variant='default' ) - W20250424-115854 (7 sec)",
                "[Failure] 1049. Fail verifytextindex.ecl ( version: multiPart=false, variant='inplace' ) - W20250424-115856 (7 sec)",
                "[Failure] 1050. Fail verifytextindex.ecl ( version: multiPart=false, variant='inplace_row' ) - W20250424-115903 (7 sec)",
                "[Failure] 1051. Fail verifytextindex.ecl ( version: multiPart=false, variant='inplace_lzw' ) - W20250424-115905 (7 sec)",
                "[Failure] 1052. Fail verifytextindex.ecl ( version: multiPart=false, variant='inplace_lz4hc' ) - W20250424-115911 (7 sec)",
                "[Failure] 1099. Fail workflow_9a.ecl ( version: parallel=false ) - W20250424-120227-4 (8 sec)",
                "[Failure] 1100. Fail workflow_9a.ecl ( version: parallel=true ) - W20250424-120227 (9 sec)",
                "[Failure] 1101. Fail workflow_9b.ecl ( version: parallel=false ) - W20250424-120237 (9 sec)",
                "[Failure] 1102. Fail workflow_9b.ecl ( version: parallel=true ) - W20250424-120237-5 (8 sec)",
                "[Failure] 1103. Fail workflow_9c.ecl ( version: parallel=false ) - W20250424-120247 (23 sec)",
                "[Failure] 1104. Fail workflow_9c.ecl ( version: parallel=true ) - W20250424-120247-4 (23 sec)"
            ]
        }
        ]
    }
}
