{
    "OBTResult": {
        "Env": {
            "BuildSystem": "CentOS_Linux_7",
            "Hardware": "CPU/Cores: 16, RAM: 30 GB",
            "IPAddress": "10.20.0.45 (OBT-AWS02)"
        },
        "BuildSet": {
            "Branch": "master",
            "BranchDate": "Fri Feb 21 16:42:07 2025",
            "BranchSHA": "6c69419337eee96c10e59ddf19a4e0f71151fe65",
            "BuildType": "RelWithDebInfo",
            "Target": "BM/VM"
        },
        "Exclusion": {
            "Build": "MAKE_CASSANDRAEMBED, COUCHBASEEMBED, USE_AZURE, USE_AWS",
            "Unittest": "JlibReaderWriterTestTiming, AtomicTimingTest, AtomicTimingStressTest, RWLockStressTest",
            "MLtest": "ClassicTestModified.ecl, SVCTest.ecl",
            "Regression": "embedded-r, embedded-js, 3rdpartyservice, mongodb, python2"
        },
        "ThorConfig": {
            "Slaves": "4",
            "Channels": "1"
        },
        "Tasks": [
            {
                "Build": {
                    "Result": "PASSED",
                    "CMake": {
                        "Formatted": "12 sec (00:00:12)",
                        "RawSec": "12"
                    },
                    "Build": {
                        "Formatted": "682 sec (00:11:22)",
                        "RawSec": "682"
                    },
                    "Package": {
                        "Formatted": "388 sec (00:06:28)",
                        "RawSec": "388"
                    },
                    "Altogether": {
                        "Formatted": "1082 sec (00:18:02)",
                        "RawSec": "1082"
                    }
                }
            },
            {
                "Install": {
                    "Elaps": "No data"
                }
            },
            {
                "Unittests": {
                    "Result": "PASSED",
                    "Elaps": {
                        "Formatted": "3397 sec (00:56:37)",
                        "RawSec": "3397"
                    },
                    "Total": 399,
                    "Pass": 399,
                    "Fail": 0,
                    "Error": 0,
                    "Timeout": 0
                }
            },
            {
                "Wutooltests": {
                    "Result": "PASSED",
                    "Elaps": {
                        "Formatted": "1 sec (00:00:01)",
                        "RawSec": "1"
                    },
                    "Total": 19,
                    "Pass": 19,
                    "Fail": 0,
                    "Error": 0,
                    "Timeout": 0
                }
            },
            {
                "MLtests": {
                    "Result": "FAILED",
                    "DBSCAN": {
                        "Elaps": {
                            "Formatted": "11 sec  (00:00:11)",
                            "RawSec": "11"
                        },
                        "Total": 2,
                        "Pass": 2,
                        "Fail": 0,
                        "Result": "PASSED"
                    },
                    "GLM": {
                        "Elaps": {
                            "Formatted": "67 sec  (00:01:07)",
                            "RawSec": "67"
                        },
                        "Total": 7,
                        "Pass": 7,
                        "Fail": 0,
                        "Result": "PASSED"
                    },
                    "GNN": {
                        "Elaps": {
                            "Formatted": "70 sec  (00:01:10)",
                            "RawSec": "70"
                        },
                        "Total": 4,
                        "Pass": 4,
                        "Fail": 0,
                        "Result": "PASSED"
                    },
                    "KMeans": {
                        "Elaps": {
                            "Formatted": "5 sec  (00:00:05)",
                            "RawSec": "5"
                        },
                        "Total": 1,
                        "Pass": 1,
                        "Fail": 0,
                        "Result": "PASSED"
                    },
                    "LearningTrees": {
                        "Elaps": {
                            "Formatted": "140 sec  (00:02:20)",
                            "RawSec": "140"
                        },
                        "Total": 3,
                        "Pass": 3,
                        "Fail": 0,
                        "Result": "PASSED"
                    },
                    "PBblas": {
                        "Elaps": {
                            "Formatted": "15 sec  (00:00:15)",
                            "RawSec": "15"
                        },
                        "Total": 2,
                        "Pass": 1,
                        "Fail": 1,
                        "Result": "FAILED"
                    },
                    "SupportVectorMachines": {
                        "Elaps": {
                            "Formatted": "15 sec  (00:00:15)",
                            "RawSec": "15"
                        },
                        "Total": 1,
                        "Pass": 1,
                        "Fail": 0,
                        "Result": "FAILED"
                    },
                    "TextVectors": {
                        "Elaps": {
                            "Formatted": "13 sec  (00:00:13)",
                            "RawSec": "13"
                        },
                        "Total": 5,
                        "Pass": 5,
                        "Fail": 0,
                        "Result": "FAILED"
                    }
                }
            },
            {
                "Setup": {
                    "Result": "PASSED",
                    "hthor": {
                        "Elaps": {
                            "Formatted": "40 sec  (00:00:40)",
                            "RawSec": "40"
                        },
                        "Total": 9,
                        "Pass": 9,
                        "Fail": 0,
                        "Result": "PASSED"
                    },
                    "thor": {
                        "Elaps": {
                            "Formatted": "23 sec  (00:00:23)",
                            "RawSec": "23"
                        },
                        "Total": 9,
                        "Pass": 9,
                        "Fail": 0,
                        "Result": "PASSED"
                    },
                    "roxie": {
                        "Elaps": {
                            "Formatted": "39 sec  (00:00:39)",
                            "RawSec": "39"
                        },
                        "Total": 24,
                        "Pass": 24,
                        "Fail": 0,
                        "Result": "PASSED"
                    }
                }
            },
            {
                "Regress": {
                    "Result": "FAILED",
                    "Hthor": {
                        "Result": "FAILED",
                        "Elaps": {
                            "Formatted": "439 sec  (00:07:19)",
                            "RawSec": "439"
                        },
                        "Total": 1072,
                        "Pass": 1066,
                        "Fail": 6
                    },
                    "Thor": {
                        "Result": "PASSED",
                        "Elaps": {
                            "Formatted": "755 sec  (00:12:35)",
                            "RawSec": "755"
                        },
                        "Total": 951,
                        "Pass": 951,
                        "Fail": 0
                    },
                    "Roxie": {
                        "Result": "PASSED",
                        "Elaps": {
                            "Formatted": "596 sec  (00:09:56)",
                            "RawSec": "596"
                        },
                        "Total": 1167,
                        "Pass": 1167,
                        "Fail": 0
                    }
                }
            },
            {
                "Uninstall": {
                    "Elaps": "No data"
                }
            }
        ],
        "Errors": [
            {
                "thor": {
                    "ConfTest": {
                        "TestId": 1,
                        "Wuid": "W20250224-052508",
                        "Problem": "Other problem(s)",
                        "Code": "0",
                        "Msg": "Result doesn't match to key file"
                    }
                },
                "hthor": {
                    "parquetTypes(compressionType='ZSTD')": {
                        "TestId": 592,
                        "Wuid": "W20250224-053632-3",
                        "Problem": "Eclcc problem",
                        "Code": "1",
                        "Msg": ""
                    }
                }
            },
            {
                "thor": {
                    "ConfTest": {
                        "TestId": 1,
                        "Wuid": "W20250224-052508",
                        "Problem": "Other problem(s)",
                        "Code": "0",
                        "Msg": "Result doesn't match to key file"
                    }
                },
                "hthor": {
                    "parquetTypes(compressionType='ZSTD')": {
                        "TestId": 592,
                        "Wuid": "W20250224-053632-3",
                        "Problem": "Eclcc problem",
                        "Code": "1",
                        "Msg": ""
                    }
                }
            },
            {
                "thor": {
                    "ConfTest": {
                        "TestId": 1,
                        "Wuid": "W20250224-052508",
                        "Problem": "Other problem(s)",
                        "Code": "0",
                        "Msg": "Result doesn't match to key file"
                    }
                },
                "hthor": {
                    "parquetTypes(compressionType='ZSTD')": {
                        "TestId": 592,
                        "Wuid": "W20250224-053632-3",
                        "Problem": "Eclcc problem",
                        "Code": "1",
                        "Msg": ""
                    }
                }
            },
            {
                "thor": {
                    "ConfTest": {
                        "TestId": 1,
                        "Wuid": "W20250224-052508",
                        "Problem": "Other problem(s)",
                        "Code": "0",
                        "Msg": "Result doesn't match to key file"
                    }
                },
                "hthor": {
                    "parquetTypes(compressionType='ZSTD')": {
                        "TestId": 592,
                        "Wuid": "W20250224-053632-3",
                        "Problem": "Eclcc problem",
                        "Code": "1",
                        "Msg": ""
                    }
                }
            },
            {
                "thor": {
                    "ConfTest": {
                        "TestId": 1,
                        "Wuid": "W20250224-052508",
                        "Problem": "Other problem(s)",
                        "Code": "0",
                        "Msg": "Result doesn't match to key file"
                    }
                },
                "hthor": {
                    "parquetTypes(compressionType='ZSTD')": {
                        "TestId": 592,
                        "Wuid": "W20250224-053632-3",
                        "Problem": "Eclcc problem",
                        "Code": "1",
                        "Msg": ""
                    }
                }
            },
            {
                "thor": {
                    "ConfTest": {
                        "TestId": 1,
                        "Wuid": "W20250224-052508",
                        "Problem": "Other problem(s)",
                        "Code": "0",
                        "Msg": "Result doesn't match to key file"
                    }
                },
                "hthor": {
                    "parquetTypes(compressionType='ZSTD')": {
                        "TestId": 592,
                        "Wuid": "W20250224-053632-3",
                        "Problem": "Eclcc problem",
                        "Code": "1",
                        "Msg": ""
                    }
                }
            },
            {
                "thor": {
                    "ConfTest": {
                        "TestId": 1,
                        "Wuid": "W20250224-052508",
                        "Problem": "Other problem(s)",
                        "Code": "0",
                        "Msg": "Result doesn't match to key file"
                    }
                },
                "hthor": {
                    "parquetTypes(compressionType='ZSTD')": {
                        "TestId": 592,
                        "Wuid": "W20250224-053632-3",
                        "Problem": "Eclcc problem",
                        "Code": "1",
                        "Msg": ""
                    }
                }
            },
            {
                "thor": {
                    "ConfTest": {
                        "TestId": 1,
                        "Wuid": "W20250224-052508",
                        "Problem": "Other problem(s)",
                        "Code": "0",
                        "Msg": "Result doesn't match to key file"
                    }
                },
                "hthor": {
                    "parquetTypes(compressionType='ZSTD')": {
                        "TestId": 592,
                        "Wuid": "W20250224-053632-3",
                        "Problem": "Eclcc problem",
                        "Code": "1",
                        "Msg": ""
                    }
                }
            },
            {
                "thor": {
                    "ConfTest": {
                        "TestId": 1,
                        "Wuid": "W20250224-052508",
                        "Problem": "Other problem(s)",
                        "Code": "0",
                        "Msg": "Result doesn't match to key file"
                    }
                },
                "hthor": {
                    "parquetTypes(compressionType='ZSTD')": {
                        "TestId": 592,
                        "Wuid": "W20250224-053632-3",
                        "Problem": "Eclcc problem",
                        "Code": "1",
                        "Msg": ""
                    }
                }
            }
        ]
    }
}