{
    "OBTResult": {
        "Env": {
            "BuildSystem": "Rocky_Linux_8_9",
            "Hardware": "CPU/Cores: 8, RAM: 14 GB",
            "IPAddress": "10.22.254.98 (OBT-AWS04)"
        },
        "BuildSet": {
            "Branch": "candidate-9.8.x",
            "BranchDate": "Thu Jan 30 16:44:32 2025",
            "BranchSHA": "5c0844ed631c65d95eb5712f09a7a5a4bded724d",
            "BuildType": "RelWithDebInfo",
            "Target": "BM/VM"
        },
        "Exclusion": {
            "Build": "MAKE_CASSANDRAEMBED, COUCHBASEEMBED, USE_AZURE, USE_AWS, WASMEMBED",
            "Documentation": "not built",
            "Unittest": "JlibReaderWriterTestTiming, AtomicTimingTest, AtomicTimingStressTest",
            "MLtest": "ClassicTestModified.ecl, SVCTest.ecl",
            "Regression": "embedded, 3rdparty, python2, wasmembed*"
        },
        "ThorConfig": {
            "Slaves": "4",
            "Channels": "1"
        },
        "Tasks": [
            {
                "Build": {
                    "Result": "PASSED",
                    "CMake": {
                        "Formatted": "10 sec (00:00:10)",
                        "RawSec": "10"
                    },
                    "Build": {
                        "Formatted": "870 sec (00:14:30)",
                        "RawSec": "870"
                    },
                    "Package": {
                        "Formatted": "243 sec (00:04:03)",
                        "RawSec": "243"
                    },
                    "Altogether": {
                        "Formatted": "1123 sec (00:18:43)",
                        "RawSec": "1123"
                    }
                }
            },
            {
                "Install": {
                    "Elaps": "No data"
                }
            },
            {
                "Unittests": {
                    "Result": "PASSED",
                    "Elaps": {
                        "Formatted": "3083 sec (00:51:23)",
                        "RawSec": "3083"
                    },
                    "Total": 386,
                    "Pass": 386,
                    "Fail": 0,
                    "Error": 0,
                    "Timeout": 0
                }
            },
            {
                "Wutooltests": {
                    "Result": "PASSED",
                    "Elaps": {
                        "Formatted": "0 sec (00:00:00)",
                        "RawSec": "0"
                    },
                    "Total": 19,
                    "Pass": 19,
                    "Fail": 0,
                    "Error": 0,
                    "Timeout": 0
                }
            },
            {
                "MLtests": {
                    "Result": "PASSED",
                    "DBSCAN": {
                        "Elaps": {
                            "Formatted": "10 sec  (00:00:10)",
                            "RawSec": "10"
                        },
                        "Total": 2,
                        "Pass": 2,
                        "Fail": 0,
                        "Result": "PASSED"
                    },
                    "GLM": {
                        "Elaps": {
                            "Formatted": "52 sec  (00:00:52)",
                            "RawSec": "52"
                        },
                        "Total": 7,
                        "Pass": 7,
                        "Fail": 0,
                        "Result": "PASSED"
                    },
                    "GNN": {
                        "Elaps": {
                            "Formatted": "68 sec  (00:01:08)",
                            "RawSec": "68"
                        },
                        "Total": 4,
                        "Pass": 4,
                        "Fail": 0,
                        "Result": "PASSED"
                    },
                    "KMeans": {
                        "Elaps": {
                            "Formatted": "4 sec  (00:00:04)",
                            "RawSec": "4"
                        },
                        "Total": 1,
                        "Pass": 1,
                        "Fail": 0,
                        "Result": "PASSED"
                    },
                    "LearningTrees": {
                        "Elaps": {
                            "Formatted": "173 sec  (00:02:53)",
                            "RawSec": "173"
                        },
                        "Total": 3,
                        "Pass": 3,
                        "Fail": 0,
                        "Result": "PASSED"
                    },
                    "PBblas": {
                        "Elaps": {
                            "Formatted": "12 sec  (00:00:12)",
                            "RawSec": "12"
                        },
                        "Total": 2,
                        "Pass": 2,
                        "Fail": 0,
                        "Result": "PASSED"
                    },
                    "SupportVectorMachines": {
                        "Elaps": {
                            "Formatted": "14 sec  (00:00:14)",
                            "RawSec": "14"
                        },
                        "Total": 1,
                        "Pass": 1,
                        "Fail": 0,
                        "Result": "PASSED"
                    },
                    "TextVectors": {
                        "Elaps": {
                            "Formatted": "10 sec  (00:00:10)",
                            "RawSec": "10"
                        },
                        "Total": 5,
                        "Pass": 5,
                        "Fail": 0,
                        "Result": "PASSED"
                    }
                }
            },
            {
                "Setup": {
                    "Result": "PASSED",
                    "hthor": {
                        "Elaps": {
                            "Formatted": "40 sec  (00:00:40)",
                            "RawSec": "40"
                        },
                        "Total": 9,
                        "Pass": 9,
                        "Fail": 0,
                        "Result": "PASSED"
                    },
                    "thor": {
                        "Elaps": {
                            "Formatted": "24 sec  (00:00:24)",
                            "RawSec": "24"
                        },
                        "Total": 9,
                        "Pass": 9,
                        "Fail": 0,
                        "Result": "PASSED"
                    },
                    "roxie": {
                        "Elaps": {
                            "Formatted": "40 sec  (00:00:40)",
                            "RawSec": "40"
                        },
                        "Total": 24,
                        "Pass": 24,
                        "Fail": 0,
                        "Result": "PASSED"
                    }
                }
            },
            {
                "Regress": {
                    "Result": "FAILED",
                    "Hthor": {
                        "Result": "PASSED",
                        "Elaps": {
                            "Formatted": "498 sec  (00:08:18)",
                            "RawSec": "498"
                        },
                        "Total": 1013,
                        "Pass": 1013,
                        "Fail": 0
                    },
                    "Thor": {
                        "Result": "FAILED",
                        "Elaps": {
                            "Formatted": "1076 sec  (00:17:56)",
                            "RawSec": "1076"
                        },
                        "Total": 905,
                        "Pass": 904,
                        "Fail": 1
                    },
                    "Roxie": {
                        "Result": "PASSED",
                        "Elaps": {
                            "Formatted": "669 sec  (00:11:09)",
                            "RawSec": "669"
                        },
                        "Total": 1116,
                        "Pass": 1116,
                        "Fail": 0
                    }
                }
            },
            {
                "Uninstall": {
                    "Elaps": "No data"
                }
            }
        ],
        "Errors": [
            {
                "thor": {
                    "loopthor2": {
                        "TestId": 495,
                        "Wuid": "W20250205-101550",
                        "Problem": "Aborted ",
                        "Code": "-2",
                        "Msg": " reason: Timeout "
                    }
                }
            }
        ]
    }
}