{
    "OBTResult": {
        "Env": {
            "BuildSystem": "Rocky_Linux_8_9",
            "Hardware": "CPU/Cores: 8, RAM: 15 GB",
            "IPAddress": "10.22.254.98 (OBT-AWS04)"
        },
        "BuildSet": {
            "Branch": "master",
            "BranchDate": "Thu Feb 6 17:07:10 2025",
            "BranchSHA": "f30495959ed0bbb9a598a6a56474c875e5365159",
            "BuildType": "RelWithDebInfo",
            "Target": "BM/VM"
        },
        "Exclusion": {
            "Build": "MAKE_CASSANDRAEMBED, COUCHBASEEMBED, USE_AZURE, USE_AWS, WASMEMBED",
            "Documentation": "not built",
            "Unittest": "JlibReaderWriterTestTiming, AtomicTimingTest, AtomicTimingStressTest",
            "MLtest": "ClassicTestModified.ecl, SVCTest.ecl",
            "Regression": "embedded, 3rdparty, python2, wasmembed*"
        },
        "ThorConfig": {
            "Slaves": "4",
            "Channels": "1"
        },
        "Tasks": [
            {
                "Build": {
                    "Result": "PASSED",
                    "CMake": {
                        "Formatted": "9 sec (00:00:09)",
                        "RawSec": "9"
                    },
                    "Build": {
                        "Formatted": "844 sec (00:14:04)",
                        "RawSec": "844"
                    },
                    "Package": {
                        "Formatted": "243 sec (00:04:03)",
                        "RawSec": "243"
                    },
                    "Altogether": {
                        "Formatted": "1096 sec (00:18:16)",
                        "RawSec": "1096"
                    }
                }
            },
            {
                "Install": {
                    "Elaps": "No data"
                }
            },
            {
                "Unittests": {
                    "Result": "FAILED",
                    "Elaps": {
                        "Formatted": "3067 sec (00:51:07)",
                        "RawSec": "3067"
                    },
                    "Total": 392,
                    "Pass": 391,
                    "Fail": 1,
                    "Error": 0,
                    "Timeout": 0
                }
            },
            {
                "Wutooltests": {
                    "Result": "PASSED",
                    "Elaps": {
                        "Formatted": "1 sec (00:00:01)",
                        "RawSec": "1"
                    },
                    "Total": 19,
                    "Pass": 19,
                    "Fail": 0,
                    "Error": 0,
                    "Timeout": 0
                }
            },
            {
                "MLtests": {
                    "Result": "PASSED",
                    "DBSCAN": {
                        "Elaps": {
                            "Formatted": "10 sec  (00:00:10)",
                            "RawSec": "10"
                        },
                        "Total": 2,
                        "Pass": 2,
                        "Fail": 0,
                        "Result": "PASSED"
                    },
                    "GLM": {
                        "Elaps": {
                            "Formatted": "54 sec  (00:00:54)",
                            "RawSec": "54"
                        },
                        "Total": 7,
                        "Pass": 7,
                        "Fail": 0,
                        "Result": "PASSED"
                    },
                    "GNN": {
                        "Elaps": {
                            "Formatted": "68 sec  (00:01:08)",
                            "RawSec": "68"
                        },
                        "Total": 4,
                        "Pass": 4,
                        "Fail": 0,
                        "Result": "PASSED"
                    },
                    "KMeans": {
                        "Elaps": {
                            "Formatted": "4 sec  (00:00:04)",
                            "RawSec": "4"
                        },
                        "Total": 1,
                        "Pass": 1,
                        "Fail": 0,
                        "Result": "PASSED"
                    },
                    "LearningTrees": {
                        "Elaps": {
                            "Formatted": "172 sec  (00:02:52)",
                            "RawSec": "172"
                        },
                        "Total": 3,
                        "Pass": 3,
                        "Fail": 0,
                        "Result": "PASSED"
                    },
                    "PBblas": {
                        "Elaps": {
                            "Formatted": "12 sec  (00:00:12)",
                            "RawSec": "12"
                        },
                        "Total": 2,
                        "Pass": 2,
                        "Fail": 0,
                        "Result": "PASSED"
                    },
                    "SupportVectorMachines": {
                        "Elaps": {
                            "Formatted": "14 sec  (00:00:14)",
                            "RawSec": "14"
                        },
                        "Total": 1,
                        "Pass": 1,
                        "Fail": 0,
                        "Result": "PASSED"
                    },
                    "TextVectors": {
                        "Elaps": {
                            "Formatted": "10 sec  (00:00:10)",
                            "RawSec": "10"
                        },
                        "Total": 5,
                        "Pass": 5,
                        "Fail": 0,
                        "Result": "PASSED"
                    }
                }
            },
            {
                "Setup": {
                    "Result": "PASSED",
                    "hthor": {
                        "Elaps": {
                            "Formatted": "37 sec  (00:00:37)",
                            "RawSec": "37"
                        },
                        "Total": 9,
                        "Pass": 9,
                        "Fail": 0,
                        "Result": "PASSED"
                    },
                    "thor": {
                        "Elaps": {
                            "Formatted": "23 sec  (00:00:23)",
                            "RawSec": "23"
                        },
                        "Total": 9,
                        "Pass": 9,
                        "Fail": 0,
                        "Result": "PASSED"
                    },
                    "roxie": {
                        "Elaps": {
                            "Formatted": "38 sec  (00:00:38)",
                            "RawSec": "38"
                        },
                        "Total": 24,
                        "Pass": 24,
                        "Fail": 0,
                        "Result": "PASSED"
                    }
                }
            },
            {
                "Regress": {
                    "Result": "FAILED",
                    "Hthor": {
                        "Result": "PASSED",
                        "Elaps": {
                            "Formatted": "489 sec  (00:08:09)",
                            "RawSec": "489"
                        },
                        "Total": 1033,
                        "Pass": 1033,
                        "Fail": 0
                    },
                    "Thor": {
                        "Result": "FAILED",
                        "Elaps": {
                            "Formatted": "1006 sec  (00:16:46)",
                            "RawSec": "1006"
                        },
                        "Total": 916,
                        "Pass": 915,
                        "Fail": 1
                    },
                    "Roxie": {
                        "Result": "PASSED",
                        "Elaps": {
                            "Formatted": "627 sec  (00:10:27)",
                            "RawSec": "627"
                        },
                        "Total": 1126,
                        "Pass": 1126,
                        "Fail": 0
                    }
                }
            },
            {
                "Uninstall": {
                    "Elaps": "No data"
                }
            }
        ],
        "Errors": [
            {
                "thor": {
                    "loopthor2": {
                        "TestId": 496,
                        "Wuid": "W20250213-054847-4",
                        "Problem": "Aborted ",
                        "Code": "-2",
                        "Msg": " reason: Timeout "
                    }
                }
            },
            {
                "thor": {
                    "loopthor2": {
                        "TestId": 496,
                        "Wuid": "W20250213-054847-4",
                        "Problem": "Aborted ",
                        "Code": "-2",
                        "Msg": " reason: Timeout "
                    }
                }
            }
        ]
    }
}