{
    "OBTResult": {
        "Env": {
            "BuildSystem": "Rocky_Linux_8_9",
            "Hardware": "CPU/Cores: 8, RAM: 15 GB",
            "IPAddress": "10.22.254.98 (OBT-AWS04)"
        },
        "BuildSet": {
            "Branch": "master",
            "BranchDate": "Thu Jan 30 16:41:45 2025",
            "BranchSHA": "68558820afcaf4c50cf57567c4934fd8ca5e47d8",
            "BuildType": "RelWithDebInfo",
            "Target": "BM/VM"
        },
        "Exclusion": {
            "Build": "MAKE_CASSANDRAEMBED, COUCHBASEEMBED, USE_AZURE, USE_AWS, WASMEMBED",
            "Documentation": "not built",
            "Unittest": "JlibReaderWriterTestTiming, AtomicTimingTest, AtomicTimingStressTest",
            "MLtest": "ClassicTestModified.ecl, SVCTest.ecl",
            "Regression": "embedded, 3rdparty, python2, wasmembed*"
        },
        "ThorConfig": {
            "Slaves": "4",
            "Channels": "1"
        },
        "Tasks": [
            {
                "Build": {
                    "Result": "PASSED",
                    "CMake": {
                        "Formatted": "11 sec (00:00:11)",
                        "RawSec": "11"
                    },
                    "Build": {
                        "Formatted": "837 sec (00:13:57)",
                        "RawSec": "837"
                    },
                    "Package": {
                        "Formatted": "248 sec (00:04:08)",
                        "RawSec": "248"
                    },
                    "Altogether": {
                        "Formatted": "1096 sec (00:18:16)",
                        "RawSec": "1096"
                    }
                }
            },
            {
                "Install": {
                    "Elaps": "No data"
                }
            },
            {
                "Unittests": {
                    "Result": "PASSED",
                    "Elaps": {
                        "Formatted": "3075 sec (00:51:15)",
                        "RawSec": "3075"
                    },
                    "Total": 397,
                    "Pass": 397,
                    "Fail": 0,
                    "Error": 0,
                    "Timeout": 0
                }
            },
            {
                "Wutooltests": {
                    "Result": "PASSED",
                    "Elaps": {
                        "Formatted": "1 sec (00:00:01)",
                        "RawSec": "1"
                    },
                    "Total": 19,
                    "Pass": 19,
                    "Fail": 0,
                    "Error": 0,
                    "Timeout": 0
                }
            },
            {
                "MLtests": {
                    "Result": "FAILED",
                    "DBSCAN": {
                        "Elaps": {
                            "Formatted": "10 sec  (00:00:10)",
                            "RawSec": "10"
                        },
                        "Total": 2,
                        "Pass": 2,
                        "Fail": 0,
                        "Result": "PASSED"
                    },
                    "GLM": {
                        "Elaps": {
                            "Formatted": "52 sec  (00:00:52)",
                            "RawSec": "52"
                        },
                        "Total": 7,
                        "Pass": 7,
                        "Fail": 0,
                        "Result": "PASSED"
                    },
                    "GNN": {
                        "Elaps": {
                            "Formatted": "68 sec  (00:01:08)",
                            "RawSec": "68"
                        },
                        "Total": 4,
                        "Pass": 4,
                        "Fail": 0,
                        "Result": "PASSED"
                    },
                    "KMeans": {
                        "Elaps": {
                            "Formatted": "4 sec  (00:00:04)",
                            "RawSec": "4"
                        },
                        "Total": 1,
                        "Pass": 1,
                        "Fail": 0,
                        "Result": "PASSED"
                    },
                    "LearningTrees": {
                        "Elaps": {
                            "Formatted": "172 sec  (00:02:52)",
                            "RawSec": "172"
                        },
                        "Total": 3,
                        "Pass": 3,
                        "Fail": 0,
                        "Result": "PASSED"
                    },
                    "PBblas": {
                        "Elaps": {
                            "Formatted": "12 sec  (00:00:12)",
                            "RawSec": "12"
                        },
                        "Total": 2,
                        "Pass": 1,
                        "Fail": 1,
                        "Result": "FAILED"
                    },
                    "SupportVectorMachines": {
                        "Elaps": {
                            "Formatted": "14 sec  (00:00:14)",
                            "RawSec": "14"
                        },
                        "Total": 1,
                        "Pass": 1,
                        "Fail": 0,
                        "Result": "FAILED"
                    },
                    "TextVectors": {
                        "Elaps": {
                            "Formatted": "10 sec  (00:00:10)",
                            "RawSec": "10"
                        },
                        "Total": 5,
                        "Pass": 5,
                        "Fail": 0,
                        "Result": "FAILED"
                    }
                }
            },
            {
                "Setup": {
                    "Result": "PASSED",
                    "hthor": {
                        "Elaps": {
                            "Formatted": "37 sec  (00:00:37)",
                            "RawSec": "37"
                        },
                        "Total": 9,
                        "Pass": 9,
                        "Fail": 0,
                        "Result": "PASSED"
                    },
                    "thor": {
                        "Elaps": {
                            "Formatted": "23 sec  (00:00:23)",
                            "RawSec": "23"
                        },
                        "Total": 9,
                        "Pass": 9,
                        "Fail": 0,
                        "Result": "PASSED"
                    },
                    "roxie": {
                        "Elaps": {
                            "Formatted": "37 sec  (00:00:37)",
                            "RawSec": "37"
                        },
                        "Total": 24,
                        "Pass": 24,
                        "Fail": 0,
                        "Result": "PASSED"
                    }
                }
            },
            {
                "Regress": {
                    "Result": "FAILED",
                    "Hthor": {
                        "Result": "FAILED",
                        "Elaps": {
                            "Formatted": "492 sec  (00:08:12)",
                            "RawSec": "492"
                        },
                        "Total": 1033,
                        "Pass": 1032,
                        "Fail": 1
                    },
                    "Thor": {
                        "Result": "FAILED",
                        "Elaps": {
                            "Formatted": "1023 sec  (00:17:03)",
                            "RawSec": "1023"
                        },
                        "Total": 913,
                        "Pass": 912,
                        "Fail": 1
                    },
                    "Roxie": {
                        "Result": "PASSED",
                        "Elaps": {
                            "Formatted": "648 sec  (00:10:48)",
                            "RawSec": "648"
                        },
                        "Total": 1125,
                        "Pass": 1125,
                        "Fail": 0
                    }
                }
            },
            {
                "Uninstall": {
                    "Elaps": "No data"
                }
            }
        ],
        "Errors": [
            {
                "thor": {
                    "loopthor2": {
                        "TestId": 496,
                        "Wuid": "W20250204-054935",
                        "Problem": "Aborted ",
                        "Code": "-2",
                        "Msg": " reason: Timeout "
                    }
                },
                "hthor": {
                    "parquetTypes(compressionType='Brotli')": {
                        "TestId": 558,
                        "Wuid": "W20250204-053822",
                        "Problem": "Exception",
                        "Code": "eclagent",
                        "Msg": "Error: 0: parquet: Invalid: Parquet magic bytes not found in footer: Either the file is corrupted or this is not a parquet file::"
                    }
                }
            },
            {
                "thor": {
                    "loopthor2": {
                        "TestId": 496,
                        "Wuid": "W20250204-054935",
                        "Problem": "Aborted ",
                        "Code": "-2",
                        "Msg": " reason: Timeout "
                    }
                },
                "hthor": {
                    "parquetTypes(compressionType='Brotli')": {
                        "TestId": 558,
                        "Wuid": "W20250204-053822",
                        "Problem": "Exception",
                        "Code": "eclagent",
                        "Msg": "Error: 0: parquet: Invalid: Parquet magic bytes not found in footer: Either the file is corrupted or this is not a parquet file::"
                    }
                }
            },
            {
                "thor": {
                    "loopthor2": {
                        "TestId": 496,
                        "Wuid": "W20250204-054935",
                        "Problem": "Aborted ",
                        "Code": "-2",
                        "Msg": " reason: Timeout "
                    }
                },
                "hthor": {
                    "parquetTypes(compressionType='Brotli')": {
                        "TestId": 558,
                        "Wuid": "W20250204-053822",
                        "Problem": "Exception",
                        "Code": "eclagent",
                        "Msg": "Error: 0: parquet: Invalid: Parquet magic bytes not found in footer: Either the file is corrupted or this is not a parquet file::"
                    }
                }
            },
            {
                "thor": {
                    "loopthor2": {
                        "TestId": 496,
                        "Wuid": "W20250204-054935",
                        "Problem": "Aborted ",
                        "Code": "-2",
                        "Msg": " reason: Timeout "
                    }
                },
                "hthor": {
                    "parquetTypes(compressionType='Brotli')": {
                        "TestId": 558,
                        "Wuid": "W20250204-053822",
                        "Problem": "Exception",
                        "Code": "eclagent",
                        "Msg": "Error: 0: parquet: Invalid: Parquet magic bytes not found in footer: Either the file is corrupted or this is not a parquet file::"
                    }
                }
            },
            {
                "thor": {
                    "loopthor2": {
                        "TestId": 496,
                        "Wuid": "W20250204-054935",
                        "Problem": "Aborted ",
                        "Code": "-2",
                        "Msg": " reason: Timeout "
                    }
                },
                "hthor": {
                    "parquetTypes(compressionType='Brotli')": {
                        "TestId": 558,
                        "Wuid": "W20250204-053822",
                        "Problem": "Exception",
                        "Code": "eclagent",
                        "Msg": "Error: 0: parquet: Invalid: Parquet magic bytes not found in footer: Either the file is corrupted or this is not a parquet file::"
                    }
                }
            },
            {
                "thor": {
                    "loopthor2": {
                        "TestId": 496,
                        "Wuid": "W20250204-054935",
                        "Problem": "Aborted ",
                        "Code": "-2",
                        "Msg": " reason: Timeout "
                    }
                },
                "hthor": {
                    "parquetTypes(compressionType='Brotli')": {
                        "TestId": 558,
                        "Wuid": "W20250204-053822",
                        "Problem": "Exception",
                        "Code": "eclagent",
                        "Msg": "Error: 0: parquet: Invalid: Parquet magic bytes not found in footer: Either the file is corrupted or this is not a parquet file::"
                    }
                }
            },
            {
                "thor": {
                    "loopthor2": {
                        "TestId": 496,
                        "Wuid": "W20250204-054935",
                        "Problem": "Aborted ",
                        "Code": "-2",
                        "Msg": " reason: Timeout "
                    }
                },
                "hthor": {
                    "parquetTypes(compressionType='Brotli')": {
                        "TestId": 558,
                        "Wuid": "W20250204-053822",
                        "Problem": "Exception",
                        "Code": "eclagent",
                        "Msg": "Error: 0: parquet: Invalid: Parquet magic bytes not found in footer: Either the file is corrupted or this is not a parquet file::"
                    }
                }
            },
            {
                "thor": {
                    "loopthor2": {
                        "TestId": 496,
                        "Wuid": "W20250204-054935",
                        "Problem": "Aborted ",
                        "Code": "-2",
                        "Msg": " reason: Timeout "
                    }
                },
                "hthor": {
                    "parquetTypes(compressionType='Brotli')": {
                        "TestId": 558,
                        "Wuid": "W20250204-053822",
                        "Problem": "Exception",
                        "Code": "eclagent",
                        "Msg": "Error: 0: parquet: Invalid: Parquet magic bytes not found in footer: Either the file is corrupted or this is not a parquet file::"
                    }
                }
            },
            {
                "thor": {
                    "loopthor2": {
                        "TestId": 496,
                        "Wuid": "W20250204-054935",
                        "Problem": "Aborted ",
                        "Code": "-2",
                        "Msg": " reason: Timeout "
                    }
                },
                "hthor": {
                    "parquetTypes(compressionType='Brotli')": {
                        "TestId": 558,
                        "Wuid": "W20250204-053822",
                        "Problem": "Exception",
                        "Code": "eclagent",
                        "Msg": "Error: 0: parquet: Invalid: Parquet magic bytes not found in footer: Either the file is corrupted or this is not a parquet file::"
                    }
                }
            },
            {
                "thor": {
                    "loopthor2": {
                        "TestId": 496,
                        "Wuid": "W20250204-054935",
                        "Problem": "Aborted ",
                        "Code": "-2",
                        "Msg": " reason: Timeout "
                    }
                },
                "hthor": {
                    "parquetTypes(compressionType='Brotli')": {
                        "TestId": 558,
                        "Wuid": "W20250204-053822",
                        "Problem": "Exception",
                        "Code": "eclagent",
                        "Msg": "Error: 0: parquet: Invalid: Parquet magic bytes not found in footer: Either the file is corrupted or this is not a parquet file::"
                    }
                }
            }
        ]
    }
}