{
    "OBTResult": {
        "Env": {
            "BuildSystem": "CentOS_Linux_7",
            "Hardware": "CPU/Cores: 16, RAM: 30 GB",
            "IPAddress": "10.20.0.45 (OBT-AWS02)"
        },
        "BuildSet": {
            "Branch": "master",
            "BranchDate": "Thu Jan 30 16:41:45 2025",
            "BranchSHA": "68558820afcaf4c50cf57567c4934fd8ca5e47d8",
            "BuildType": "RelWithDebInfo",
            "Target": "BM/VM"
        },
        "Exclusion": {
            "Build": "MAKE_CASSANDRAEMBED, COUCHBASEEMBED, USE_AZURE, USE_AWS",
            "Unittest": "JlibReaderWriterTestTiming, AtomicTimingTest, AtomicTimingStressTest, RWLockStressTest",
            "MLtest": "ClassicTestModified.ecl, SVCTest.ecl",
            "Regression": "embedded-r, embedded-js, 3rdpartyservice, mongodb, python2"
        },
        "ThorConfig": {
            "Slaves": "4",
            "Channels": "1"
        },
        "Tasks": [
            {
                "Build": {
                    "Result": "PASSED",
                    "CMake": {
                        "Formatted": "12 sec (00:00:12)",
                        "RawSec": "12"
                    },
                    "Build": {
                        "Formatted": "630 sec (00:10:30)",
                        "RawSec": "630"
                    },
                    "Package": {
                        "Formatted": "370 sec (00:06:10)",
                        "RawSec": "370"
                    },
                    "Altogether": {
                        "Formatted": "1012 sec (00:16:52)",
                        "RawSec": "1012"
                    }
                }
            },
            {
                "Install": {
                    "Elaps": "No data"
                }
            },
            {
                "Unittests": {
                    "Result": "PASSED",
                    "Elaps": {
                        "Formatted": "3301 sec (00:55:01)",
                        "RawSec": "3301"
                    },
                    "Total": 396,
                    "Pass": 396,
                    "Fail": 0,
                    "Error": 0,
                    "Timeout": 0
                }
            },
            {
                "Wutooltests": {
                    "Result": "PASSED",
                    "Elaps": {
                        "Formatted": "1 sec (00:00:01)",
                        "RawSec": "1"
                    },
                    "Total": 19,
                    "Pass": 19,
                    "Fail": 0,
                    "Error": 0,
                    "Timeout": 0
                }
            },
            {
                "MLtests": {
                    "Result": "PASSED",
                    "DBSCAN": {
                        "Elaps": {
                            "Formatted": "10 sec  (00:00:10)",
                            "RawSec": "10"
                        },
                        "Total": 2,
                        "Pass": 2,
                        "Fail": 0,
                        "Result": "PASSED"
                    },
                    "GLM": {
                        "Elaps": {
                            "Formatted": "65 sec  (00:01:05)",
                            "RawSec": "65"
                        },
                        "Total": 7,
                        "Pass": 7,
                        "Fail": 0,
                        "Result": "PASSED"
                    },
                    "GNN": {
                        "Elaps": {
                            "Formatted": "69 sec  (00:01:09)",
                            "RawSec": "69"
                        },
                        "Total": 4,
                        "Pass": 4,
                        "Fail": 0,
                        "Result": "PASSED"
                    },
                    "KMeans": {
                        "Elaps": {
                            "Formatted": "5 sec  (00:00:05)",
                            "RawSec": "5"
                        },
                        "Total": 1,
                        "Pass": 1,
                        "Fail": 0,
                        "Result": "PASSED"
                    },
                    "LearningTrees": {
                        "Elaps": {
                            "Formatted": "134 sec  (00:02:14)",
                            "RawSec": "134"
                        },
                        "Total": 3,
                        "Pass": 3,
                        "Fail": 0,
                        "Result": "PASSED"
                    },
                    "PBblas": {
                        "Elaps": {
                            "Formatted": "14 sec  (00:00:14)",
                            "RawSec": "14"
                        },
                        "Total": 2,
                        "Pass": 2,
                        "Fail": 0,
                        "Result": "PASSED"
                    },
                    "SupportVectorMachines": {
                        "Elaps": {
                            "Formatted": "14 sec  (00:00:14)",
                            "RawSec": "14"
                        },
                        "Total": 1,
                        "Pass": 1,
                        "Fail": 0,
                        "Result": "PASSED"
                    },
                    "TextVectors": {
                        "Elaps": {
                            "Formatted": "13 sec  (00:00:13)",
                            "RawSec": "13"
                        },
                        "Total": 5,
                        "Pass": 5,
                        "Fail": 0,
                        "Result": "PASSED"
                    }
                }
            },
            {
                "Setup": {
                    "Result": "PASSED",
                    "hthor": {
                        "Elaps": {
                            "Formatted": "39 sec  (00:00:39)",
                            "RawSec": "39"
                        },
                        "Total": 9,
                        "Pass": 9,
                        "Fail": 0,
                        "Result": "PASSED"
                    },
                    "thor": {
                        "Elaps": {
                            "Formatted": "23 sec  (00:00:23)",
                            "RawSec": "23"
                        },
                        "Total": 9,
                        "Pass": 9,
                        "Fail": 0,
                        "Result": "PASSED"
                    },
                    "roxie": {
                        "Elaps": {
                            "Formatted": "38 sec  (00:00:38)",
                            "RawSec": "38"
                        },
                        "Total": 24,
                        "Pass": 24,
                        "Fail": 0,
                        "Result": "PASSED"
                    }
                }
            },
            {
                "Regress": {
                    "Result": "PASSED",
                    "Hthor": {
                        "Result": "PASSED",
                        "Elaps": {
                            "Formatted": "419 sec  (00:06:59)",
                            "RawSec": "419"
                        },
                        "Total": 1072,
                        "Pass": 1072,
                        "Fail": 0
                    },
                    "Thor": {
                        "Result": "PASSED",
                        "Elaps": {
                            "Formatted": "748 sec  (00:12:28)",
                            "RawSec": "748"
                        },
                        "Total": 948,
                        "Pass": 948,
                        "Fail": 0
                    },
                    "Roxie": {
                        "Result": "PASSED",
                        "Elaps": {
                            "Formatted": "565 sec  (00:09:25)",
                            "RawSec": "565"
                        },
                        "Total": 1166,
                        "Pass": 1166,
                        "Fail": 0
                    }
                }
            },
            {
                "Uninstall": {
                    "Elaps": "No data"
                }
            }
        ],
        "Errors": []
    }
}