{
    "OBTResult": {
        "Env": {
            "BuildSystem" : "Ubuntu_22_04_5_LTS",
            "Hardware": "CPU/Cores: 8, RAM: 16 GB",
            "IPAddress": "192.168.1.54"
        },
         "Remote" : {
            "System" : "AKS",
            "VmSize" : "Standard_D16s_v4",
            "Hardware": "CPU/Cores: 16, RAM: 64 GB",
            "HthorConfig": {
                "Replicas": "3",
                "MaxActive": "4",
                "UseChildProcesses" : "true",
                "AllowedPipePrograms" : "*"
            },
            "ThorConfig":{
                "NumWorkers": "2",
                "MaxJobs": "4",
                "MaxGraph" : "2",
                "MultiJobLinger" : "true",
                "LingerPeriod" : "200",
                "AllowedPipePrograms" : "*"
            },
            "RoxieWorkunitConfig": {
                "Replicas": "1",
                "MaxActive":"20",
                "UseChildProcesses" : "true",
                "AllowedPipePrograms" : "*"
            }
        },
        "BuildSet": {
            "Branch": "community_9.10.8-1 Gold",
            "BranchDate": "N/A",
            "BranchSHA": "N/A",
            "BuildType": "Release",
            "Target": "K8s"
        },
        "Exclusion": {
            "Build": "N/A",
            "Documentation": "N/A",
            "Unittest": "N/A",
            "MLtest": "N/A",
            "Regression": "--ef pipefail.ecl -e embedded-r,embedded-js,3rdpartyservice,mongodb,spray"
        },
        "Tasks": [
            {
                "UpdateHelmRepo": {
                    "Result" : "Done",
                    "Elaps": {
                        "Formatted": "5 sec (00:00:05)",
                        "RawSec": "5"
                    }
                }
            },
            {
                "UpgradeTerraform": {
                    "Result" : "Done",
                    "Version" : "Terraform v1.10.5",
                    "Elaps": {
                        "Formatted": "11 sec (00:00:11)",
                        "RawSec": "11"
                    }
                }
            },
            {
                "CreateVirtualNetwork": {
                    "Result" : "Done (retCode: 0)",
                    "NumberOfResources" : 11,
                    "Elaps": {
                        "Formatted": "91 sec (00:01:31)",
                        "RawSec": "91"
                    }
                }
            },
            {
                "CreateStorage": {
                    "Result" : "Storage account deployment failed(retCode: 1).",
                    "NumberOfResources" : 0,
                    "Elaps": {
                        "Formatted": "6 sec (00:00:06)",
                        "RawSec": "6"
                    }
                }
            },
            {
                "CreateAKS": {
                    "Result" : "Skipped based on error in deploy Storage accounts.",
                    "NumberOfResources" : 0,
                    "Elaps": {
                        "Formatted": "",
                        "RawSec": ""
                    }
                }
            },
            {
                "ECLWatchAnnotation": {
                    "Result": "Skipped based on error in deploy Storage accounts.",
                    "Elaps": {
                        "Formatted": "",
                        "RawSec": ""
                    }
                }
            },
            {
                "Setup": {
                    "Result": "Skipped based on error in deploy Storage accounts.",
                    "hthor": {
                        "Elaps": {
                            "Formatted": "0 sec (00:00:00)",
                            "RawSec": "0"
                        },
                        "Total": 0,
                        "Pass": 0,
                        "Fail": 0,
                        "Result": "N/A"
                    },
                    "thor": {
                        "Elaps": {
                            "Formatted": "",
                            "RawSec": ""
                        },
                        "Total": 0,
                        "Pass": 0,
                        "Fail": 0,
                        "Result": ""
                    },
                    "roxie": {
                        "Elaps": {
                            "Formatted": "",
                            "RawSec": ""
                        },
                        "Total": 0,
                        "Pass": 0,
                        "Fail": 0,
                        "Result": ""
                    }
                }
            },
            {
                "PublishQueries": {
                    "Result" : "Skipped based on error in deploy Storage accounts.",
                    "Total" : 0,
                    "Elaps": {
                        "Formatted": "",
                        "RawSec": ""
                    }
                }
            },
            {
                "Regress": {
                    "Result": "Skipped based on error in deploy Storage accounts.",
                    "Hthor": {
                        "Result": "",
                        "Elaps": {
                            "Formatted": "",
                            "RawSec": ""
                        },
                        "Total": 0,
                        "Pass": 0,
                        "Fail": 0
                    },
                    "Thor": {
                        "Result": "",
                        "Elaps": {
                            "Formatted": "",
                            "RawSec": ""
                        },
                        "Total":  0,
                        "Pass": 0,
                        "Fail": 0
                    },
                    "Roxie": {
                        "Result": "",
                        "Elaps": {
                            "Formatted": "",
                            "RawSec": ""
                        },
                        "Total":  0,
                        "Pass": 0,
                        "Fail": 0
                    }
                }
            },
            {
                "CollectTimings": {
                    "Result" : "Skipped based on error in deploy Storage accounts.",
                    "Elaps": {
                        "Formatted": "",
                        "RawSec": ""
                    }
                }
            },
            {
                "CollectPODLogs": {
                    "Result" : "Skipped based on error in deploy Storage accounts.",
                    "Elaps": {
                        "Formatted": "",
                        "RawSec": ""
                    }
                }
            },
            {
                "DestroyAKS": {
                    "Result" : "Done (retCode: 0)",
                    "NumberOfResources" : 0,
                    "Elaps": {
                        "Formatted": "10 sec (00:00:10)",
                        "RawSec": "10"
                    }
                }
            },
            {
                "DestroyStorage": {
                    "Result" : "Done (retCode: 1)",
                    "NumberOfResources" : 0,
                    "Elaps": {
                        "Formatted": "7 sec (00:00:07)",
                        "RawSec": "7"
                    }
                }
            },
            {
                "DestroyVirtualNetwork": {
                    "Result" : "Done (retCode: 0)",
                    "NumberOfResources" : 11,
                    "Elaps": {
                        "Formatted": "160 sec (00:02:40)",
                        "RawSec": "160"
                    }
                }
            },
            {
                "RunLogProcessor": {
                   "Result": "",
                    "Elaps": {
                        "Formatted": "",
                        "RawSec": ""
                    }
                }
            }
        ],
        "Errors": [
            
            
            
            
            
            
        ]
    }
}
