{
  "OBTResult": {
    "Env": {
      "BuildSystem": "CentOS_Linux_7",
      "Hardware": "vCPU: 8, RAM: 16 GB",
      "IPAddress": "10.20.0.45"
    },
    "Remote": {
      "System": "Minikube",
      "Hardware": "CPU/Cores: 16, RAM: 64 GB",
      "HthorConfig": {
        "Replicas": "3",
        "MaxActive": "4",
        "UseChildProcesses": "true",
        "AllowedPipePrograms": "*"
      },
      "ThorConfig": {
        "NumWorkers": "2",
        "MaxJobs": "4",
        "MaxGraph": "2",
        "MultiJobLinger": "true",
        "LingerPeriod": "200",
        "AllowedPipePrograms": "*"
      },
      "RoxieWorkunitConfig": {
        "Replicas": "1",
        "MaxActive": "20",
        "UseChildProcesses": "true",
        "AllowedPipePrograms": "*"
      }
    },
    "BuildSet": {
      "Branch": "community_9.10.8-1 Gold",
      "BranchDate": "N/A",
      "BranchSHA": "N/A",
      "BuildType": "Release",
      "Target": "K8s"
    },
    "Exclusion": {
      "Build": "N/A",
      "Documentation": "N/A",
      "Unittest": "N/A",
      "MLtest": "N/A",
      "Regression": "--ef pipefail.ecl -e embedded-r,embedded-js,3rdpartyservice,mongodb,spray"
    },
    "Tasks": [
      {
        "UpdateHelmRepo": {
          "Result": "Done",
          "Elaps": {
            "Formatted": "0 sec 0 sec (00:00:00)",
            "RawSec": "0"
          }
        }
      },
      {
        "CheckLocalPlatform": {
          "Result": "Done",
          "Version": "",
          "Elaps": {
            "Formatted": "40 sec 40 sec (00:00:40)",
            "RawSec": "40"
          }
        }
      },
      {
        "StartMinikube": {
          "Result": "Done",
          "Elaps": {
            "Formatted": "27 sec 27 sec (00:00:27)",
            "RawSec": "27"
          }
        }
      },
      {
        "DeployHPCC": {
          "Result": "Done",
          "Elaps": {
            "Formatted": "1 sec 1 sec (00:00:01)",
            "RawSec": "1"
          }
        }
      },
      {
        "WaitForPODs": {
          "Result": "Done",
          "NumberOfPODs": 52,
          "Elaps": {
            "Formatted": "202 sec 202 sec (00:03:22)",
            "RawSec": "202"
          }
        }
      },
      {
        "ECLWatchAnnotation": {
          "Result": "",
          "Elaps": {
            "Formatted": "38 sec 38 sec (00:00:38)",
            "RawSec": "38"
          }
        }
      },
      {
        "Setup": {
          "Result": "PASSED",
          "hthor": {
            "Elaps": {
              "Formatted": "0 sec (00:00:00)",
              "RawSec": "0"
            },
            "Total": 0,
            "Pass": 0,
            "Fail": 0,
            "Result": "N/A"
          },
          "thor": {
            "Elaps": {
              "Formatted": "79 sec (00:01:19)",
              "RawSec": "79"
            },
            "Total": 9,
            "Pass": 9,
            "Fail": 0,
            "Result": "PASSED"
          },
          "roxie": {
            "Elaps": {
              "Formatted": "80 sec (00:01:20)",
              "RawSec": "80"
            },
            "Total": 24,
            "Pass": 24,
            "Fail": 0,
            "Result": "PASSED"
          }
        }
      },
      {
        " PublishQueries": {
          "Result": "Done",
          "Total": 0,
          "Elaps": {
            "Formatted": "0 sec 0 sec (00:00:00)",
            "RawSec": "0"
          }
        }
      },
      {
        "Regress": {
          "Result": "FAILED",
          "Hthor": {
            "Result": "FAILED",
            "Elaps": {
              "Formatted": "2009 sec (00:33:29)",
              "RawSec": "2009"
            },
            "Total": 1070,
            "Pass": 1063,
            "Fail": 7
          },
          "Thor": {
            "Result": "FAILED",
            "Elaps": {
              "Formatted": "2067 sec (00:34:27)",
              "RawSec": "2067"
            },
            "Total": 945,
            "Pass": 943,
            "Fail": 2
          },
          "Roxie": {
            "Result": "FAILED",
            "Elaps": {
              "Formatted": "2921 sec (00:48:41)",
              "RawSec": "2921"
            },
            "Total": 1141,
            "Pass": 1133,
            "Fail": 8
          }
        }
      },
      {
        "CollectTimings": {
          "Result": "Done",
          "Elaps": {
            "Formatted": "24 sec 24 sec (00:00:24).",
            "RawSec": "24"
          }
        }
      },
      {
        "CollectPODLogs": {
          "Result": "Done",
          "Elaps": {
            "Formatted": "25 sec 25 sec (00:00:25).",
            "RawSec": "25"
          }
        }
      },
      {
        "UninstallPODs": {
          "Result": "Done",
          "Elaps": {
            "Formatted": "102 sec 102 sec (00:01:42)",
            "RawSec": "102"
          }
        }
      },
      {
        "StopMinikube": {
          "Result": "Done",
          "Elaps": {
            "Formatted": "11 sec 11 sec (00:00:11).",
            "RawSec": "11"
          }
        }
      },
      {
        "RunLogProcessor": {
          "Result": "Done",
          "Elaps": {
            "Formatted": "0 sec 0 sec (00:00:00).",
            "RawSec": "0"
          }
        }
      }
    ],
    "Errors": [
      {
        "HthorRegress": [
          "[Failure] 140. Fail cryptoplugin_pke_lfn.ecl - W20250226-172324 (1 sec)",
          "[Failure] 586. Fail parquetTypes.ecl ( version: compressionType='UNCOMPRESSED' ) - W20250226-173341 (3 sec)",
          "[Failure] 587. Fail parquetTypes.ecl ( version: compressionType='Snappy' ) - W20250226-173342 (3 sec)",
          "[Failure] 588. Fail parquetTypes.ecl ( version: compressionType='GZip' ) - W20250226-173345 (3 sec)",
          "[Failure] 589. Fail parquetTypes.ecl ( version: compressionType='Brotli' ) - W20250226-173346 (3 sec)",
          "[Failure] 590. Fail parquetTypes.ecl ( version: compressionType='LZ4' ) - W20250226-173348 (3 sec)",
          "[Failure] 591. Fail parquetTypes.ecl ( version: compressionType='ZSTD' ) - W20250226-173349 (3 sec)"
        ]
      },
      {
        "ThorRegress": [
          "[Failure] 137. Fail cryptoplugin_pke_lfn.ecl - W20250226-175623 (2 sec)",
          "[Failure] 258. Fail external.ecl - W20250226-175857 (2 sec)"
        ]
      },
      {
        "RoxieRegress": [
          "[Failure] 151. Fail cryptoplugin_pke_lfn.ecl - W20250226-183339 (3 sec)",
          "[Failure] 285. Fail external.ecl - W20250226-183740 (3 sec)",
          "[Failure] 287. Fail externalplane.ecl - W20250226-183744 (3 sec)",
          "[Failure] 729. Fail rewrite.ecl - W20250226-185338 (3 sec)",
          "[Failure] 1099. Fail workflow_9b.ecl ( version: parallel=false ) - W20250226-191419 (3 sec)",
          "[Failure] 1100. Fail workflow_9b.ecl ( version: parallel=true ) - W20250226-191420 (3 sec)",
          "[Failure] 1101. Fail workflow_9c.ecl ( version: parallel=false ) - W20250226-191423 (41 sec)",
          "[Failure] 1102. Fail workflow_9c.ecl ( version: parallel=true ) - W20250226-191424 (41 sec)"
        ]
      }
    ]
  }
}
