{
  "OBTResult": {
    "Env": {
      "BuildSystem": "Ubuntu_22_04_5_LTS",
      "Hardware": "CPU/Cores: 8, RAM: 16 GB",
      "IPAddress": "192.168.1.54"
    },
    "Remote": {
      "System": "AKS",
      "VmSize": "Standard_D16s_v4",
      "Hardware": "CPU/Cores: 16, RAM: 64 GB",
      "HthorConfig": {
        "Replicas": "3",
        "MaxActive": "4",
        "UseChildProcesses": "true",
        "AllowedPipePrograms": "*"
      },
      "ThorConfig": {
        "NumWorkers": "2",
        "MaxJobs": "4",
        "MaxGraph": "2",
        "MultiJobLinger": "true",
        "LingerPeriod": "200",
        "AllowedPipePrograms": "*"
      },
      "RoxieWorkunitConfig": {
        "Replicas": "1",
        "MaxActive": "20",
        "UseChildProcesses": "true",
        "AllowedPipePrograms": "*"
      }
    },
    "BuildSet": {
      "Branch": "community_9.10.2-1 Gold",
      "BranchDate": "N/A",
      "BranchSHA": "N/A",
      "BuildType": "Release",
      "Target": "K8s"
    },
    "Exclusion": {
      "Build": "N/A",
      "Documentation": "N/A",
      "Unittest": "N/A",
      "MLtest": "N/A",
      "Regression": "--ef pipefail.ecl -e embedded-r,embedded-js,3rdpartyservice,mongodb,spray"
    },
    "Tasks": [
      {
        "UpdateHelmRepo": {
          "Result": "Done",
          "Elaps": {
            "Formatted": "3 sec (00:00:03)",
            "RawSec": "3"
          }
        }
      },
      {
        "UpgradeTerraform": {
          "Result": "Done",
          "Version": "Terraform v1.10.5",
          "Elaps": {
            "Formatted": "11 sec (00:00:11)",
            "RawSec": "11"
          }
        }
      },
      {
        "CreateVirtualNetwork": {
          "Result": "Done (retCode: 0)",
          "NumberOfResources": 11,
          "Elaps": {
            "Formatted": "86 sec (00:01:26)",
            "RawSec": "86"
          }
        }
      },
      {
        "CreateStorage": {
          "Result": "Done (retCode: 0)",
          "NumberOfResources": 16,
          "Elaps": {
            "Formatted": "93 sec (00:01:33)",
            "RawSec": "93"
          }
        }
      },
      {
        "CreateAKS": {
          "Result": "Done",
          "NumberOfResources": 20,
          "Elaps": {
            "Formatted": "574 sec (00:09:34)",
            "RawSec": "574"
          }
        }
      },
      {
        "ECLWatchAnnotation": {
          "Result": "Done",
          "Elaps": {
            "Formatted": "66 sec (00:01:06)",
            "RawSec": "66"
          }
        }
      },
      {
        "Setup": {
          "Result": "PASSED",
          "hthor": {
            "Elaps": {
              "Formatted": "0 sec (00:00:00)",
              "RawSec": "0"
            },
            "Total": 0,
            "Pass": 0,
            "Fail": 0,
            "Result": "N/A"
          },
          "thor": {
            "Elaps": {
              "Formatted": "74 sec (00:01:14)",
              "RawSec": "74"
            },
            "Total": 9,
            "Pass": 9,
            "Fail": 0,
            "Result": "PASSED"
          },
          "roxie": {
            "Elaps": {
              "Formatted": "116 sec (00:01:56)",
              "RawSec": "116"
            },
            "Total": 24,
            "Pass": 24,
            "Fail": 0,
            "Result": "PASSED"
          }
        }
      },
      {
        "PublishQueries": {
          "Result": "Done",
          "Total": 0,
          "Elaps": {
            "Formatted": "0 sec (00:00:00)",
            "RawSec": "0"
          }
        }
      },
      {
        "Regress": {
          "Result": "FAILED",
          "Hthor": {
            "Result": "FAILED",
            "Elaps": {
              "Formatted": "4339 sec (01:12:19)",
              "RawSec": "4339"
            },
            "Total": 1070,
            "Pass": 1069,
            "Fail": 1
          },
          "Thor": {
            "Result": "FAILED",
            "Elaps": {
              "Formatted": "3698 sec (01:01:38)",
              "RawSec": "3698"
            },
            "Total": 945,
            "Pass": 943,
            "Fail": 2
          },
          "Roxie": {
            "Result": "FAILED",
            "Elaps": {
              "Formatted": "5198 sec (01:26:38)",
              "RawSec": "5198"
            },
            "Total": 1141,
            "Pass": 1098,
            "Fail": 43
          }
        }
      },
      {
        "CollectTimings": {
          "Result": "Done",
          "Elaps": {
            "Formatted": "1064 sec (00:17:44).",
            "RawSec": "1064"
          }
        }
      },
      {
        "CollectPODLogs": {
          "Result": "Done",
          "Elaps": {
            "Formatted": "320 sec (00:05:20).",
            "RawSec": "320"
          }
        }
      },
      {
        "DestroyAKS": {
          "Result": "Done (retCode: 0)",
          "NumberOfResources": 20,
          "Elaps": {
            "Formatted": "528 sec (00:08:48)",
            "RawSec": "528"
          }
        }
      },
      {
        "DestroyStorage": {
          "Result": "Done (retCode: 0)",
          "NumberOfResources": 16,
          "Elaps": {
            "Formatted": "129 sec (00:02:09)",
            "RawSec": "129"
          }
        }
      },
      {
        "DestroyVirtualNetwork": {
          "Result": "Done (retCode: 0)",
          "NumberOfResources": 11,
          "Elaps": {
            "Formatted": "148 sec (00:02:28)",
            "RawSec": "148"
          }
        }
      },
      {
        "RunLogProcessor": {
          "Result": "Done",
          "Elaps": {
            "Formatted": "0 sec (00:00:00).",
            "RawSec": "0"
          }
        }
      }
    ],
    "Errors": [
      {
        "HthorRegress": [
          "[Failure] 140. Fail cryptoplugin_pke_lfn.ecl - W20250205-111911 (6 sec)"
        ]
      },
      {
        "ThorRegress": [
          "[Failure] 137. Fail cryptoplugin_pke_lfn.ecl - W20250205-123019-1 (6 sec)",
          "[Failure] 258. Fail external.ecl - W20250205-123650 (6 sec)"
        ]
      },
      {
        "RoxieRegress": [
          "[Failure] 151. Fail cryptoplugin_pke_lfn.ecl - W20250205-133644 (7 sec)",
          "[Failure] 285. Fail external.ecl - W20250205-134530 (7 sec)",
          "[Failure] 287. Fail externalplane.ecl - W20250205-134539 (8 sec)",
          "[Failure] 389. Fail indexmerge.ecl ( version: multiPart=false ) - W20250205-135241 (7 sec)",
          "[Failure] 575. Fail mergechild.ecl ( version: multiPart=false ) - W20250205-140628 (7 sec)",
          "[Failure] 641. Fail payload.ecl ( version: multiPart=false ) - W20250205-141103 (7 sec)",
          "[Failure] 671. Fail pullindex2.ecl ( version: multiPart=false ) - W20250205-141305 (7 sec)",
          "[Failure] 729. Fail rewrite.ecl - W20250205-141704 (8 sec)",
          "[Failure] 880. Fail steplimit1.ecl ( version: multiPart=false ) - W20250205-142855 (7 sec)",
          "[Failure] 882. Fail steplimit2.ecl ( version: multiPart=false ) - W20250205-142903 (7 sec)",
          "[Failure] 902. Fail stepping7.ecl ( version: multiPart=false ) - W20250205-143025 (7 sec)",
          "[Failure] 904. Fail stepping7a.ecl ( version: multiPart=false ) - W20250205-143034 (7 sec)",
          "[Failure] 906. Fail stepping7b.ecl ( version: multiPart=false ) - W20250205-143043-5 (7 sec)",
          "[Failure] 908. Fail stepping7c.ecl ( version: multiPart=false ) - W20250205-143051 (7 sec)",
          "[Failure] 910. Fail stepping7d.ecl ( version: multiPart=false ) - W20250205-143100 (7 sec)",
          "[Failure] 912. Fail stepping7e.ecl ( version: multiPart=false ) - W20250205-143109-2 (7 sec)",
          "[Failure] 914. Fail stepping7f.ecl ( version: multiPart=false ) - W20250205-143117 (7 sec)",
          "[Failure] 916. Fail stepping7g.ecl ( version: multiPart=false ) - W20250205-143126-4 (7 sec)",
          "[Failure] 918. Fail stepping7h.ecl ( version: multiPart=false ) - W20250205-143135 (7 sec)",
          "[Failure] 920. Fail stepping8.ecl ( version: multiPart=false ) - W20250205-143143 (7 sec)",
          "[Failure] 922. Fail stepping8a.ecl ( version: multiPart=false ) - W20250205-143152 (7 sec)",
          "[Failure] 924. Fail stepping8b.ecl ( version: multiPart=false ) - W20250205-143201-2 (7 sec)",
          "[Failure] 926. Fail stepping9a.ecl ( version: multiPart=false ) - W20250205-143209 (7 sec)",
          "[Failure] 928. Fail stepping9b.ecl ( version: multiPart=false ) - W20250205-143218 (7 sec)",
          "[Failure] 937. Fail stresstext.ecl ( version: multiPart=false ) - W20250205-143250-2 (10 sec)",
          "[Failure] 939. Fail stresstext.ecl ( version: multiPart=false, variant='default' ) - W20250205-143302 (12 sec)",
          "[Failure] 940. Fail stresstext.ecl ( version: multiPart=false, variant='inplace' ) - W20250205-143313 (10 sec)",
          "[Failure] 941. Fail stresstext.ecl ( version: multiPart=false, variant='inplace_row' ) - W20250205-143316 (10 sec)",
          "[Failure] 942. Fail stresstext.ecl ( version: multiPart=false, variant='inplace_lzw' ) - W20250205-143325 (11 sec)",
          "[Failure] 943. Fail stresstext.ecl ( version: multiPart=false, variant='inplace_lz4hc' ) - W20250205-143327 (10 sec)",
          "[Failure] 944. Fail stresstext_if.ecl ( version: multiPart=false ) - W20250205-143337 (7 sec)",
          "[Failure] 997. Fail textsearch4.ecl ( version: multiPart=false ) - W20250205-144045 (16 sec)",
          "[Failure] 1046. Fail verifytextindex.ecl ( version: multiPart=false, variant='default' ) - W20250205-144437 (7 sec)",
          "[Failure] 1047. Fail verifytextindex.ecl ( version: multiPart=false, variant='inplace' ) - W20250205-144438 (7 sec)",
          "[Failure] 1048. Fail verifytextindex.ecl ( version: multiPart=false, variant='inplace_row' ) - W20250205-144446 (8 sec)",
          "[Failure] 1049. Fail verifytextindex.ecl ( version: multiPart=false, variant='inplace_lzw' ) - W20250205-144446-4 (8 sec)",
          "[Failure] 1050. Fail verifytextindex.ecl ( version: multiPart=false, variant='inplace_lz4hc' ) - W20250205-144455 (7 sec)",
          "[Failure] 1097. Fail workflow_9a.ecl ( version: parallel=false ) - W20250205-144808 (8 sec)",
          "[Failure] 1098. Fail workflow_9a.ecl ( version: parallel=true ) - W20250205-144808-1 (8 sec)",
          "[Failure] 1099. Fail workflow_9b.ecl ( version: parallel=false ) - W20250205-144817 (8 sec)",
          "[Failure] 1100. Fail workflow_9b.ecl ( version: parallel=true ) - W20250205-144817-5 (8 sec)",
          "[Failure] 1101. Fail workflow_9c.ecl ( version: parallel=false ) - W20250205-144827 (48 sec)",
          "[Failure] 1102. Fail workflow_9c.ecl ( version: parallel=true ) - W20250205-144827-2 (48 sec)"
        ]
      }
    ]
  }
}
