{
  "OBTResult": {
    "Env": {
      "BuildSystem": "Ubuntu_22_04_5_LTS",
      "Hardware": "CPU/Cores: 8, RAM: 16 GB",
      "IPAddress": "192.168.1.54"
    },
    "Remote": {
      "System": "AKS",
      "VmSize": "Standard_D16s_v4",
      "Hardware": "CPU/Cores: 16, RAM: 64 GB",
      "HthorConfig": {
        "Replicas": "3",
        "MaxActive": "4",
        "UseChildProcesses": "true",
        "AllowedPipePrograms": "*"
      },
      "ThorConfig": {
        "NumWorkers": "2",
        "MaxJobs": "4",
        "MaxGraph": "2",
        "MultiJobLinger": "true",
        "LingerPeriod": "200",
        "AllowedPipePrograms": "*"
      },
      "RoxieWorkunitConfig": {
        "Replicas": "1",
        "MaxActive": "20",
        "UseChildProcesses": "true",
        "AllowedPipePrograms": "*"
      }
    },
    "BuildSet": {
      "Branch": "community_9.10.2-1 Gold",
      "BranchDate": "N/A",
      "BranchSHA": "N/A",
      "BuildType": "Release",
      "Target": "K8s"
    },
    "Exclusion": {
      "Build": "N/A",
      "Documentation": "N/A",
      "Unittest": "N/A",
      "MLtest": "N/A",
      "Regression": "--ef pipefail.ecl -e embedded-r,embedded-js,3rdpartyservice,mongodb,spray"
    },
    "Tasks": [
      {
        "UpdateHelmRepo": {
          "Result": "Done",
          "Elaps": {
            "Formatted": "5 sec (00:00:05)",
            "RawSec": "5"
          }
        }
      },
      {
        "UpgradeTerraform": {
          "Result": "Done",
          "Version": "Terraform v1.10.5",
          "Elaps": {
            "Formatted": "72 sec (00:01:12)",
            "RawSec": "72"
          }
        }
      },
      {
        "CreateVirtualNetwork": {
          "Result": "Done (retCode: 0)",
          "NumberOfResources": 11,
          "Elaps": {
            "Formatted": "116 sec (00:01:56)",
            "RawSec": "116"
          }
        }
      },
      {
        "CreateStorage": {
          "Result": "Done (retCode: 0)",
          "NumberOfResources": 16,
          "Elaps": {
            "Formatted": "127 sec (00:02:07)",
            "RawSec": "127"
          }
        }
      },
      {
        "CreateAKS": {
          "Result": "Done",
          "NumberOfResources": 20,
          "Elaps": {
            "Formatted": "480 sec (00:08:00)",
            "RawSec": "480"
          }
        }
      },
      {
        "ECLWatchAnnotation": {
          "Result": "Done",
          "Elaps": {
            "Formatted": "67 sec (00:01:07)",
            "RawSec": "67"
          }
        }
      },
      {
        "Setup": {
          "Result": "PASSED",
          "hthor": {
            "Elaps": {
              "Formatted": "0 sec (00:00:00)",
              "RawSec": "0"
            },
            "Total": 0,
            "Pass": 0,
            "Fail": 0,
            "Result": "N/A"
          },
          "thor": {
            "Elaps": {
              "Formatted": "72 sec (00:01:12)",
              "RawSec": "72"
            },
            "Total": 9,
            "Pass": 9,
            "Fail": 0,
            "Result": "PASSED"
          },
          "roxie": {
            "Elaps": {
              "Formatted": "115 sec (00:01:55)",
              "RawSec": "115"
            },
            "Total": 24,
            "Pass": 24,
            "Fail": 0,
            "Result": "PASSED"
          }
        }
      },
      {
        "PublishQueries": {
          "Result": "Done",
          "Total": 0,
          "Elaps": {
            "Formatted": "0 sec (00:00:00)",
            "RawSec": "0"
          }
        }
      },
      {
        "Regress": {
          "Result": "FAILED",
          "Hthor": {
            "Result": "FAILED",
            "Elaps": {
              "Formatted": "4116 sec (01:08:36)",
              "RawSec": "4116"
            },
            "Total": 1070,
            "Pass": 1069,
            "Fail": 1
          },
          "Thor": {
            "Result": "FAILED",
            "Elaps": {
              "Formatted": "3660 sec (01:01:00)",
              "RawSec": "3660"
            },
            "Total": 945,
            "Pass": 943,
            "Fail": 2
          },
          "Roxie": {
            "Result": "FAILED",
            "Elaps": {
              "Formatted": "5001 sec (01:23:21)",
              "RawSec": "5001"
            },
            "Total": 1141,
            "Pass": 1098,
            "Fail": 43
          }
        }
      },
      {
        "CollectTimings": {
          "Result": "Done",
          "Elaps": {
            "Formatted": "1018 sec (00:16:58).",
            "RawSec": "1018"
          }
        }
      },
      {
        "CollectPODLogs": {
          "Result": "Done",
          "Elaps": {
            "Formatted": "316 sec (00:05:16).",
            "RawSec": "316"
          }
        }
      },
      {
        "DestroyAKS": {
          "Result": "Done (retCode: 0)",
          "NumberOfResources": 20,
          "Elaps": {
            "Formatted": "479 sec (00:07:59)",
            "RawSec": "479"
          }
        }
      },
      {
        "DestroyStorage": {
          "Result": "Done (retCode: 0)",
          "NumberOfResources": 16,
          "Elaps": {
            "Formatted": "127 sec (00:02:07)",
            "RawSec": "127"
          }
        }
      },
      {
        "DestroyVirtualNetwork": {
          "Result": "Done (retCode: 0)",
          "NumberOfResources": 11,
          "Elaps": {
            "Formatted": "147 sec (00:02:27)",
            "RawSec": "147"
          }
        }
      },
      {
        "RunLogProcessor": {
          "Result": "Done",
          "Elaps": {
            "Formatted": "1 sec (00:00:01).",
            "RawSec": "1"
          }
        }
      }
    ],
    "Errors": [
      {
        "HthorRegress": [
          "[Failure] 140. Fail cryptoplugin_pke_lfn.ecl - W20250206-115928 (5 sec)"
        ]
      },
      {
        "ThorRegress": [
          "[Failure] 137. Fail cryptoplugin_pke_lfn.ecl - W20250206-130708-1 (6 sec)",
          "[Failure] 258. Fail external.ecl - W20250206-131343 (6 sec)"
        ]
      },
      {
        "RoxieRegress": [
          "[Failure] 151. Fail cryptoplugin_pke_lfn.ecl - W20250206-141216-5 (7 sec)",
          "[Failure] 285. Fail external.ecl - W20250206-142039 (7 sec)",
          "[Failure] 287. Fail externalplane.ecl - W20250206-142048 (7 sec)",
          "[Failure] 389. Fail indexmerge.ecl ( version: multiPart=false ) - W20250206-142736 (7 sec)",
          "[Failure] 575. Fail mergechild.ecl ( version: multiPart=false ) - W20250206-144056 (7 sec)",
          "[Failure] 671. Fail pullindex2.ecl ( version: multiPart=false ) - W20250206-144723 (7 sec)",
          "[Failure] 725. Fail remoteread.ecl ( version: optRemoteRead=false ) - W20250206-145057 (10 sec)",
          "[Failure] 729. Fail rewrite.ecl - W20250206-145117 (7 sec)",
          "[Failure] 880. Fail steplimit1.ecl ( version: multiPart=false ) - W20250206-150236 (7 sec)",
          "[Failure] 882. Fail steplimit2.ecl ( version: multiPart=false ) - W20250206-150245 (7 sec)",
          "[Failure] 902. Fail stepping7.ecl ( version: multiPart=false ) - W20250206-150402 (7 sec)",
          "[Failure] 904. Fail stepping7a.ecl ( version: multiPart=false ) - W20250206-150410 (7 sec)",
          "[Failure] 906. Fail stepping7b.ecl ( version: multiPart=false ) - W20250206-150418 (7 sec)",
          "[Failure] 908. Fail stepping7c.ecl ( version: multiPart=false ) - W20250206-150427 (7 sec)",
          "[Failure] 910. Fail stepping7d.ecl ( version: multiPart=false ) - W20250206-150435-1 (7 sec)",
          "[Failure] 912. Fail stepping7e.ecl ( version: multiPart=false ) - W20250206-150444 (8 sec)",
          "[Failure] 914. Fail stepping7f.ecl ( version: multiPart=false ) - W20250206-150452 (7 sec)",
          "[Failure] 916. Fail stepping7g.ecl ( version: multiPart=false ) - W20250206-150501-1 (7 sec)",
          "[Failure] 918. Fail stepping7h.ecl ( version: multiPart=false ) - W20250206-150509 (7 sec)",
          "[Failure] 920. Fail stepping8.ecl ( version: multiPart=false ) - W20250206-150518 (7 sec)",
          "[Failure] 922. Fail stepping8a.ecl ( version: multiPart=false ) - W20250206-150526 (7 sec)",
          "[Failure] 924. Fail stepping8b.ecl ( version: multiPart=false ) - W20250206-150535 (7 sec)",
          "[Failure] 926. Fail stepping9a.ecl ( version: multiPart=false ) - W20250206-150544 (7 sec)",
          "[Failure] 928. Fail stepping9b.ecl ( version: multiPart=false ) - W20250206-150552 (7 sec)",
          "[Failure] 937. Fail stresstext.ecl ( version: multiPart=false ) - W20250206-150624 (10 sec)",
          "[Failure] 939. Fail stresstext.ecl ( version: multiPart=false, variant='default' ) - W20250206-150635 (12 sec)",
          "[Failure] 940. Fail stresstext.ecl ( version: multiPart=false, variant='inplace' ) - W20250206-150646 (10 sec)",
          "[Failure] 941. Fail stresstext.ecl ( version: multiPart=false, variant='inplace_row' ) - W20250206-150649 (10 sec)",
          "[Failure] 942. Fail stresstext.ecl ( version: multiPart=false, variant='inplace_lzw' ) - W20250206-150658 (10 sec)",
          "[Failure] 943. Fail stresstext.ecl ( version: multiPart=false, variant='inplace_lz4hc' ) - W20250206-150700 (10 sec)",
          "[Failure] 944. Fail stresstext_if.ecl ( version: multiPart=false ) - W20250206-150710 (7 sec)",
          "[Failure] 997. Fail textsearch4.ecl ( version: multiPart=false ) - W20250206-151405 (15 sec)",
          "[Failure] 1046. Fail verifytextindex.ecl ( version: multiPart=false, variant='default' ) - W20250206-151750 (7 sec)",
          "[Failure] 1047. Fail verifytextindex.ecl ( version: multiPart=false, variant='inplace' ) - W20250206-151753 (7 sec)",
          "[Failure] 1048. Fail verifytextindex.ecl ( version: multiPart=false, variant='inplace_row' ) - W20250206-151758 (7 sec)",
          "[Failure] 1049. Fail verifytextindex.ecl ( version: multiPart=false, variant='inplace_lzw' ) - W20250206-151801 (7 sec)",
          "[Failure] 1050. Fail verifytextindex.ecl ( version: multiPart=false, variant='inplace_lz4hc' ) - W20250206-151807 (7 sec)",
          "[Failure] 1097. Fail workflow_9a.ecl ( version: parallel=false ) - W20250206-152117 (7 sec)",
          "[Failure] 1098. Fail workflow_9a.ecl ( version: parallel=true ) - W20250206-152117-5 (8 sec)",
          "[Failure] 1099. Fail workflow_9b.ecl ( version: parallel=false ) - W20250206-152126 (8 sec)",
          "[Failure] 1100. Fail workflow_9b.ecl ( version: parallel=true ) - W20250206-152127 (8 sec)",
          "[Failure] 1102. Fail workflow_9c.ecl ( version: parallel=true ) - W20250206-152136 (32 sec)",
          "[Failure] 1101. Fail workflow_9c.ecl ( version: parallel=false ) - W20250206-152136-4 (33 sec)"
        ]
      }
    ]
  }
}
