{
  "OBTResult": {
    "Env": {
      "BuildSystem": "Ubuntu_22_04_5_LTS",
      "Hardware": "CPU/Cores: 8, RAM: 16 GB",
      "IPAddress": "192.168.1.54"
    },
    "Remote": {
      "System": "AKS",
      "VmSize": "Standard_D16s_v4",
      "Hardware": "CPU/Cores: 16, RAM: 64 GB",
      "HthorConfig": {
        "Replicas": "3",
        "MaxActive": "4",
        "UseChildProcesses": "true",
        "AllowedPipePrograms": "*"
      },
      "ThorConfig": {
        "NumWorkers": "2",
        "MaxJobs": "4",
        "MaxGraph": "2",
        "MultiJobLinger": "true",
        "LingerPeriod": "200",
        "AllowedPipePrograms": "*"
      },
      "RoxieWorkunitConfig": {
        "Replicas": "1",
        "MaxActive": "20",
        "UseChildProcesses": "true",
        "AllowedPipePrograms": "*"
      }
    },
    "BuildSet": {
      "Branch": "community_9.10.4-rc1",
      "BranchDate": "N/A",
      "BranchSHA": "N/A",
      "BuildType": "Release",
      "Target": "K8s"
    },
    "Exclusion": {
      "Build": "N/A",
      "Documentation": "N/A",
      "Unittest": "N/A",
      "MLtest": "N/A",
      "Regression": "--ef pipefail.ecl -e embedded-r,embedded-js,3rdpartyservice,mongodb,spray"
    },
    "Tasks": [
      {
        "UpdateHelmRepo": {
          "Result": "Done",
          "Elaps": {
            "Formatted": "6 sec (00:00:06)",
            "RawSec": "6"
          }
        }
      },
      {
        "UpgradeTerraform": {
          "Result": "Done",
          "Version": "Terraform v1.10.5",
          "Elaps": {
            "Formatted": "247 sec (00:04:07)",
            "RawSec": "247"
          }
        }
      },
      {
        "CreateVirtualNetwork": {
          "Result": "Done (retCode: 0)",
          "NumberOfResources": 11,
          "Elaps": {
            "Formatted": "185 sec (00:03:05)",
            "RawSec": "185"
          }
        }
      },
      {
        "CreateStorage": {
          "Result": "Done (retCode: 0)",
          "NumberOfResources": 16,
          "Elaps": {
            "Formatted": "214 sec (00:03:34)",
            "RawSec": "214"
          }
        }
      },
      {
        "CreateAKS": {
          "Result": "Done",
          "NumberOfResources": 20,
          "Elaps": {
            "Formatted": "513 sec (00:08:33)",
            "RawSec": "513"
          }
        }
      },
      {
        "ECLWatchAnnotation": {
          "Result": "Done",
          "Elaps": {
            "Formatted": "66 sec (00:01:06)",
            "RawSec": "66"
          }
        }
      },
      {
        "Setup": {
          "Result": "PASSED",
          "hthor": {
            "Elaps": {
              "Formatted": "0 sec (00:00:00)",
              "RawSec": "0"
            },
            "Total": 0,
            "Pass": 0,
            "Fail": 0,
            "Result": "N/A"
          },
          "thor": {
            "Elaps": {
              "Formatted": "65 sec (00:01:05)",
              "RawSec": "65"
            },
            "Total": 9,
            "Pass": 9,
            "Fail": 0,
            "Result": "PASSED"
          },
          "roxie": {
            "Elaps": {
              "Formatted": "118 sec (00:01:58)",
              "RawSec": "118"
            },
            "Total": 24,
            "Pass": 24,
            "Fail": 0,
            "Result": "PASSED"
          }
        }
      },
      {
        "PublishQueries": {
          "Result": "Done",
          "Total": 0,
          "Elaps": {
            "Formatted": "0 sec (00:00:00)",
            "RawSec": "0"
          }
        }
      },
      {
        "Regress": {
          "Result": "FAILED",
          "Hthor": {
            "Result": "FAILED",
            "Elaps": {
              "Formatted": "4284 sec (01:11:24)",
              "RawSec": "4284"
            },
            "Total": 1070,
            "Pass": 1069,
            "Fail": 1
          },
          "Thor": {
            "Result": "FAILED",
            "Elaps": {
              "Formatted": "3654 sec (01:00:54)",
              "RawSec": "3654"
            },
            "Total": 945,
            "Pass": 943,
            "Fail": 2
          },
          "Roxie": {
            "Result": "FAILED",
            "Elaps": {
              "Formatted": "5067 sec (01:24:27)",
              "RawSec": "5067"
            },
            "Total": 1141,
            "Pass": 1098,
            "Fail": 43
          }
        }
      },
      {
        "CollectTimings": {
          "Result": "Done",
          "Elaps": {
            "Formatted": "1049 sec (00:17:29).",
            "RawSec": "1049"
          }
        }
      },
      {
        "CollectPODLogs": {
          "Result": "Done",
          "Elaps": {
            "Formatted": "327 sec (00:05:27).",
            "RawSec": "327"
          }
        }
      },
      {
        "DestroyAKS": {
          "Result": "Done (retCode: 0)",
          "NumberOfResources": 20,
          "Elaps": {
            "Formatted": "508 sec (00:08:28)",
            "RawSec": "508"
          }
        }
      },
      {
        "DestroyStorage": {
          "Result": "Done (retCode: 0)",
          "NumberOfResources": 16,
          "Elaps": {
            "Formatted": "153 sec (00:02:33)",
            "RawSec": "153"
          }
        }
      },
      {
        "DestroyVirtualNetwork": {
          "Result": "Done (retCode: 0)",
          "NumberOfResources": 11,
          "Elaps": {
            "Formatted": "151 sec (00:02:31)",
            "RawSec": "151"
          }
        }
      },
      {
        "RunLogProcessor": {
          "Result": "Done",
          "Elaps": {
            "Formatted": "1 sec (00:00:01).",
            "RawSec": "1"
          }
        }
      }
    ],
    "Errors": [
      {
        "HthorRegress": [
          "[Failure] 140. Fail cryptoplugin_pke_lfn.ecl - W20250210-104615 (6 sec)"
        ]
      },
      {
        "ThorRegress": [
          "[Failure] 137. Fail cryptoplugin_pke_lfn.ecl - W20250210-115508-2 (6 sec)",
          "[Failure] 258. Fail external.ecl - W20250210-120202 (6 sec)"
        ]
      },
      {
        "RoxieRegress": [
          "[Failure] 151. Fail cryptoplugin_pke_lfn.ecl - W20250210-130028 (7 sec)",
          "[Failure] 285. Fail external.ecl - W20250210-130859 (7 sec)",
          "[Failure] 287. Fail externalplane.ecl - W20250210-130908 (7 sec)",
          "[Failure] 294. Fail fileservice.ecl - W20250210-130938 (8 sec)",
          "[Failure] 389. Fail indexmerge.ecl ( version: multiPart=false ) - W20250210-131610 (7 sec)",
          "[Failure] 575. Fail mergechild.ecl ( version: multiPart=false ) - W20250210-132934 (8 sec)",
          "[Failure] 671. Fail pullindex2.ecl ( version: multiPart=false ) - W20250210-133607 (7 sec)",
          "[Failure] 729. Fail rewrite.ecl - W20250210-134006 (7 sec)",
          "[Failure] 880. Fail steplimit1.ecl ( version: multiPart=false ) - W20250210-135139-2 (7 sec)",
          "[Failure] 882. Fail steplimit2.ecl ( version: multiPart=false ) - W20250210-135148 (7 sec)",
          "[Failure] 902. Fail stepping7.ecl ( version: multiPart=false ) - W20250210-135307 (7 sec)",
          "[Failure] 904. Fail stepping7a.ecl ( version: multiPart=false ) - W20250210-135316 (7 sec)",
          "[Failure] 906. Fail stepping7b.ecl ( version: multiPart=false ) - W20250210-135324 (7 sec)",
          "[Failure] 908. Fail stepping7c.ecl ( version: multiPart=false ) - W20250210-135333 (7 sec)",
          "[Failure] 910. Fail stepping7d.ecl ( version: multiPart=false ) - W20250210-135342 (8 sec)",
          "[Failure] 912. Fail stepping7e.ecl ( version: multiPart=false ) - W20250210-135350 (7 sec)",
          "[Failure] 914. Fail stepping7f.ecl ( version: multiPart=false ) - W20250210-135359-3 (7 sec)",
          "[Failure] 916. Fail stepping7g.ecl ( version: multiPart=false ) - W20250210-135407 (7 sec)",
          "[Failure] 918. Fail stepping7h.ecl ( version: multiPart=false ) - W20250210-135416 (7 sec)",
          "[Failure] 920. Fail stepping8.ecl ( version: multiPart=false ) - W20250210-135424 (7 sec)",
          "[Failure] 922. Fail stepping8a.ecl ( version: multiPart=false ) - W20250210-135433 (7 sec)",
          "[Failure] 924. Fail stepping8b.ecl ( version: multiPart=false ) - W20250210-135441 (7 sec)",
          "[Failure] 926. Fail stepping9a.ecl ( version: multiPart=false ) - W20250210-135450 (7 sec)",
          "[Failure] 928. Fail stepping9b.ecl ( version: multiPart=false ) - W20250210-135458 (7 sec)",
          "[Failure] 937. Fail stresstext.ecl ( version: multiPart=false ) - W20250210-135530 (10 sec)",
          "[Failure] 939. Fail stresstext.ecl ( version: multiPart=false, variant='default' ) - W20250210-135541 (11 sec)",
          "[Failure] 940. Fail stresstext.ecl ( version: multiPart=false, variant='inplace' ) - W20250210-135552 (10 sec)",
          "[Failure] 941. Fail stresstext.ecl ( version: multiPart=false, variant='inplace_row' ) - W20250210-135554 (10 sec)",
          "[Failure] 942. Fail stresstext.ecl ( version: multiPart=false, variant='inplace_lzw' ) - W20250210-135604 (10 sec)",
          "[Failure] 943. Fail stresstext.ecl ( version: multiPart=false, variant='inplace_lz4hc' ) - W20250210-135606 (10 sec)",
          "[Failure] 944. Fail stresstext_if.ecl ( version: multiPart=false ) - W20250210-135615 (7 sec)",
          "[Failure] 997. Fail textsearch4.ecl ( version: multiPart=false ) - W20250210-140313 (15 sec)",
          "[Failure] 1047. Fail verifytextindex.ecl ( version: multiPart=false, variant='inplace' ) - W20250210-140657 (7 sec)",
          "[Failure] 1046. Fail verifytextindex.ecl ( version: multiPart=false, variant='default' ) - W20250210-140657-3 (8 sec)",
          "[Failure] 1048. Fail verifytextindex.ecl ( version: multiPart=false, variant='inplace_row' ) - W20250210-140706 (8 sec)",
          "[Failure] 1049. Fail verifytextindex.ecl ( version: multiPart=false, variant='inplace_lzw' ) - W20250210-140706-1 (8 sec)",
          "[Failure] 1050. Fail verifytextindex.ecl ( version: multiPart=false, variant='inplace_lz4hc' ) - W20250210-140716-2 (7 sec)",
          "[Failure] 1097. Fail workflow_9a.ecl ( version: parallel=false ) - W20250210-141027 (8 sec)",
          "[Failure] 1098. Fail workflow_9a.ecl ( version: parallel=true ) - W20250210-141027-5 (9 sec)",
          "[Failure] 1100. Fail workflow_9b.ecl ( version: parallel=true ) - W20250210-141037 (8 sec)",
          "[Failure] 1099. Fail workflow_9b.ecl ( version: parallel=false ) - W20250210-141037-2 (9 sec)",
          "[Failure] 1102. Fail workflow_9c.ecl ( version: parallel=true ) - W20250210-141047 (22 sec)",
          "[Failure] 1101. Fail workflow_9c.ecl ( version: parallel=false ) - W20250210-141047-1 (22 sec)"
        ]
      }
    ]
  }
}
