{
  "OBTResult": {
    "Env": {
      "BuildSystem": "CentOS_Linux_7",
      "Hardware": "CPU/Cores: 16, RAM: 30 GB",
      "IPAddress": "10.20.0.45 (OBT-AWS02)"
    },
    "BuildSet": {
      "Branch": "master",
      "BranchDate": "Thu Jan 2 15:20:58 2025",
      "BranchSHA": "70df9f8e4e7e3273d7fa32486cedbf7dde2873ac",
      "BuildType": "RelWithDebInfo",
      "Target": "BM/VM"
    },
    "Exclusion": {
      "Build": "MAKE_CASSANDRAEMBED, COUCHBASEEMBED, USE_AZURE, USE_AWS",
      "Unittest": "JlibReaderWriterTestTiming, AtomicTimingTest, AtomicTimingStressTest, RWLockStressTest",
      "MLtest": "ClassicTestModified.ecl, SVCTest.ecl",
      "Regression": "embedded-r, embedded-js, 3rdpartyservice, mongodb, python2"
    },
    "ThorConfig": {
      "Slaves": "4",
      "Channels": "1"
    },
    "Tasks": [
      {
        "Build": {
          "Result": "PASSED",
          "CMake": {
            "Formatted": "12 sec (00:00:12)",
            "RawSec": "12"
          },
          "Build": {
            "Formatted": "677 sec (00:11:17)",
            "RawSec": "677"
          },
          "Package": {
            "Formatted": "391 sec (00:06:31)",
            "RawSec": "391"
          },
          "Altogether": {
            "Formatted": "1080 sec (00:18:00)",
            "RawSec": "1080"
          }
        }
      },
      {
        "Install": {
          "Elaps": "No data"
        }
      },
      {
        "Unittests": {
          "Result": "FAILED",
          "Elaps": {
            "Formatted": "3392 sec (00:56:32)",
            "RawSec": "3392"
          },
          "Total": 386,
          "Pass": 385,
          "Fail": 1,
          "Error": 0,
          "Timeout": 0
        }
      },
      {
        "Wutooltests": {
          "Result": "PASSED",
          "Elaps": {
            "Formatted": "1 sec (00:00:01)",
            "RawSec": "1"
          },
          "Total": 19,
          "Pass": 19,
          "Fail": 0,
          "Error": 0,
          "Timeout": 0
        }
      },
      {
        "MLtests": {
          "Result": "PASSED",
          "DBSCAN": {
            "Elaps": {
              "Formatted": "11 sec  (00:00:11)",
              "RawSec": "11"
            },
            "Total": 2,
            "Pass": 2,
            "Fail": 0,
            "Result": "PASSED"
          },
          "GLM": {
            "Elaps": {
              "Formatted": "67 sec  (00:01:07)",
              "RawSec": "67"
            },
            "Total": 7,
            "Pass": 7,
            "Fail": 0,
            "Result": "PASSED"
          },
          "GNN": {
            "Elaps": {
              "Formatted": "77 sec  (00:01:17)",
              "RawSec": "77"
            },
            "Total": 4,
            "Pass": 4,
            "Fail": 0,
            "Result": "PASSED"
          },
          "KMeans": {
            "Elaps": {
              "Formatted": "5 sec  (00:00:05)",
              "RawSec": "5"
            },
            "Total": 1,
            "Pass": 1,
            "Fail": 0,
            "Result": "PASSED"
          },
          "LearningTrees": {
            "Elaps": {
              "Formatted": "139 sec  (00:02:19)",
              "RawSec": "139"
            },
            "Total": 3,
            "Pass": 3,
            "Fail": 0,
            "Result": "PASSED"
          },
          "PBblas": {
            "Elaps": {
              "Formatted": "15 sec  (00:00:15)",
              "RawSec": "15"
            },
            "Total": 2,
            "Pass": 2,
            "Fail": 0,
            "Result": "PASSED"
          },
          "SupportVectorMachines": {
            "Elaps": {
              "Formatted": "15 sec  (00:00:15)",
              "RawSec": "15"
            },
            "Total": 1,
            "Pass": 1,
            "Fail": 0,
            "Result": "PASSED"
          },
          "TextVectors": {
            "Elaps": {
              "Formatted": "13 sec  (00:00:13)",
              "RawSec": "13"
            },
            "Total": 5,
            "Pass": 5,
            "Fail": 0,
            "Result": "PASSED"
          }
        }
      },
      {
        "Setup": {
          "Result": "PASSED",
          "hthor": {
            "Elaps": {
              "Formatted": "41 sec  (00:00:41)",
              "RawSec": "41"
            },
            "Total": 9,
            "Pass": 9,
            "Fail": 0,
            "Result": "PASSED"
          },
          "thor": {
            "Elaps": {
              "Formatted": "24 sec  (00:00:24)",
              "RawSec": "24"
            },
            "Total": 9,
            "Pass": 9,
            "Fail": 0,
            "Result": "PASSED"
          },
          "roxie": {
            "Elaps": {
              "Formatted": "41 sec  (00:00:41)",
              "RawSec": "41"
            },
            "Total": 24,
            "Pass": 24,
            "Fail": 0,
            "Result": "PASSED"
          }
        }
      },
      {
        "Regress": {
          "Result": "FAILED",
          "Hthor": {
            "Result": "PASSED",
            "Elaps": {
              "Formatted": "438 sec  (00:07:18)",
              "RawSec": "438"
            },
            "Total": 1071,
            "Pass": 1071,
            "Fail": 0
          },
          "Thor": {
            "Result": "PASSED",
            "Elaps": {
              "Formatted": "755 sec  (00:12:35)",
              "RawSec": "755"
            },
            "Total": 947,
            "Pass": 947,
            "Fail": 0
          },
          "Roxie": {
            "Result": "FAILED",
            "Elaps": {
              "Formatted": "2487 sec  (00:41:27)",
              "RawSec": "2487"
            },
            "Total": 1157,
            "Pass": 1155,
            "Fail": 2
          }
        }
      },
      {
        "Uninstall": {
          "Elaps": "No data"
        }
      }
    ],
    "Errors": [
      {
        "roxie": {
          "bug5236(multiPart=true)": {
            "TestId": 70,
            "Wuid": "W20250104-055531-3",
            "Problem": "Aborted ",
            "Code": "-2",
            "Msg": " reason: Timeout and retry count exhausted! "
          }
        }
      },
      {
        "roxie": {
          "bug5236(multiPart=true)": {
            "TestId": 70,
            "Wuid": "W20250104-055531-3",
            "Problem": "Aborted ",
            "Code": "-2",
            "Msg": " reason: Timeout and retry count exhausted! "
          }
        }
      }
    ]
  }
}
