{
  "OBTResult": {
    "Env": {
      "BuildSystem": "CentOS_Linux_7",
      "Hardware": "CPU/Cores: 16, RAM: 30 GB",
      "IPAddress": "10.20.0.45 (OBT-AWS02)"
    },
    "BuildSet": {
      "Branch": "candidate-9.6.x",
      "BranchDate": "Mon Jan 20 11:26:44 2025",
      "BranchSHA": "7089549d8c31b2503862e83f200d0d293200e165",
      "BuildType": "RelWithDebInfo",
      "Target": "BM/VM"
    },
    "Exclusion": {
      "Build": "MAKE_CASSANDRAEMBED, COUCHBASEEMBED, USE_AZURE, USE_AWS",
      "Unittest": "JlibReaderWriterTestTiming, AtomicTimingTest, AtomicTimingStressTest, RWLockStressTest",
      "MLtest": "ClassicTestModified.ecl, SVCTest.ecl",
      "Regression": "embedded-r, embedded-js, 3rdpartyservice, mongodb, python2"
    },
    "ThorConfig": {
      "Slaves": "4",
      "Channels": "1"
    },
    "Tasks": [
      {
        "Build": {
          "Result": "PASSED",
          "CMake": {
            "Formatted": "12 sec (00:00:12)",
            "RawSec": "12"
          },
          "Build": {
            "Formatted": "638 sec (00:10:38)",
            "RawSec": "638"
          },
          "Package": {
            "Formatted": "407 sec (00:06:47)",
            "RawSec": "407"
          },
          "Altogether": {
            "Formatted": "1057 sec (00:17:37)",
            "RawSec": "1057"
          }
        }
      },
      {
        "Install": {
          "Elaps": "No data"
        }
      },
      {
        "Unittests": {
          "Result": "PASSED",
          "Elaps": {
            "Formatted": "3356 sec (00:55:56)",
            "RawSec": "3356"
          },
          "Total": 376,
          "Pass": 376,
          "Fail": 0,
          "Error": 0,
          "Timeout": 0
        }
      },
      {
        "Wutooltests": {
          "Result": "PASSED",
          "Elaps": {
            "Formatted": "1 sec (00:00:01)",
            "RawSec": "1"
          },
          "Total": 19,
          "Pass": 19,
          "Fail": 0,
          "Error": 0,
          "Timeout": 0
        }
      },
      {
        "MLtests": {
          "Result": "PASSED",
          "DBSCAN": {
            "Elaps": {
              "Formatted": "12 sec  (00:00:12)",
              "RawSec": "12"
            },
            "Total": 2,
            "Pass": 2,
            "Fail": 0,
            "Result": "PASSED"
          },
          "GLM": {
            "Elaps": {
              "Formatted": "90 sec  (00:01:30)",
              "RawSec": "90"
            },
            "Total": 7,
            "Pass": 7,
            "Fail": 0,
            "Result": "PASSED"
          },
          "GNN": {
            "Elaps": {
              "Formatted": "77 sec  (00:01:17)",
              "RawSec": "77"
            },
            "Total": 4,
            "Pass": 4,
            "Fail": 0,
            "Result": "PASSED"
          },
          "KMeans": {
            "Elaps": {
              "Formatted": "5 sec  (00:00:05)",
              "RawSec": "5"
            },
            "Total": 1,
            "Pass": 1,
            "Fail": 0,
            "Result": "PASSED"
          },
          "LearningTrees": {
            "Elaps": {
              "Formatted": "149 sec  (00:02:29)",
              "RawSec": "149"
            },
            "Total": 3,
            "Pass": 3,
            "Fail": 0,
            "Result": "PASSED"
          },
          "PBblas": {
            "Elaps": {
              "Formatted": "20 sec  (00:00:20)",
              "RawSec": "20"
            },
            "Total": 2,
            "Pass": 2,
            "Fail": 0,
            "Result": "PASSED"
          },
          "SupportVectorMachines": {
            "Elaps": {
              "Formatted": "15 sec  (00:00:15)",
              "RawSec": "15"
            },
            "Total": 1,
            "Pass": 1,
            "Fail": 0,
            "Result": "PASSED"
          },
          "TextVectors": {
            "Elaps": {
              "Formatted": "14 sec  (00:00:14)",
              "RawSec": "14"
            },
            "Total": 5,
            "Pass": 5,
            "Fail": 0,
            "Result": "PASSED"
          }
        }
      },
      {
        "Setup": {
          "Result": "PASSED",
          "hthor": {
            "Elaps": {
              "Formatted": "41 sec  (00:00:41)",
              "RawSec": "41"
            },
            "Total": 9,
            "Pass": 9,
            "Fail": 0,
            "Result": "PASSED"
          },
          "thor": {
            "Elaps": {
              "Formatted": "20 sec  (00:00:20)",
              "RawSec": "20"
            },
            "Total": 9,
            "Pass": 9,
            "Fail": 0,
            "Result": "PASSED"
          },
          "roxie": {
            "Elaps": {
              "Formatted": "40 sec  (00:00:40)",
              "RawSec": "40"
            },
            "Total": 24,
            "Pass": 24,
            "Fail": 0,
            "Result": "PASSED"
          }
        }
      },
      {
        "Regress": {
          "Result": "PASSED",
          "Hthor": {
            "Result": "PASSED",
            "Elaps": {
              "Formatted": "437 sec  (00:07:17)",
              "RawSec": "437"
            },
            "Total": 1043,
            "Pass": 1043,
            "Fail": 0
          },
          "Thor": {
            "Result": "PASSED",
            "Elaps": {
              "Formatted": "775 sec  (00:12:55)",
              "RawSec": "775"
            },
            "Total": 932,
            "Pass": 932,
            "Fail": 0
          },
          "Roxie": {
            "Result": "PASSED",
            "Elaps": {
              "Formatted": "598 sec  (00:09:58)",
              "RawSec": "598"
            },
            "Total": 1148,
            "Pass": 1148,
            "Fail": 0
          }
        }
      },
      {
        "Uninstall": {
          "Elaps": "No data"
        }
      }
    ],
    "Errors": []
  }
}
