{
  "OBTResult": {
    "Env": {
      "BuildSystem": "CentOS_Linux_7",
      "Hardware": "CPU/Cores: 16, RAM: 30 GB",
      "IPAddress": "10.20.0.45 (OBT-AWS02)"
    },
    "BuildSet": {
      "Branch": "master",
      "BranchDate": "Fri Jan 10 16:10:45 2025",
      "BranchSHA": "4a8ecb457a79460e2f2105d42ace97984acc1c1d",
      "BuildType": "RelWithDebInfo",
      "Target": "BM/VM"
    },
    "Exclusion": {
      "Build": "MAKE_CASSANDRAEMBED, COUCHBASEEMBED, USE_AZURE, USE_AWS",
      "Unittest": "JlibReaderWriterTestTiming, AtomicTimingTest, AtomicTimingStressTest, RWLockStressTest",
      "MLtest": "ClassicTestModified.ecl, SVCTest.ecl",
      "Regression": "embedded-r, embedded-js, 3rdpartyservice, mongodb, python2"
    },
    "ThorConfig": {
      "Slaves": "4",
      "Channels": "1"
    },
    "Tasks": [
      {
        "Build": {
          "Result": "PASSED",
          "CMake": {
            "Formatted": "12 sec (00:00:12)",
            "RawSec": "12"
          },
          "Build": {
            "Formatted": "673 sec (00:11:13)",
            "RawSec": "673"
          },
          "Package": {
            "Formatted": "397 sec (00:06:37)",
            "RawSec": "397"
          },
          "Altogether": {
            "Formatted": "1082 sec (00:18:02)",
            "RawSec": "1082"
          }
        }
      },
      {
        "Install": {
          "Elaps": "No data"
        }
      },
      {
        "Unittests": {
          "Result": "FAILED",
          "Elaps": {
            "Formatted": "3421 sec (00:57:01)",
            "RawSec": "3421"
          },
          "Total": 393,
          "Pass": 392,
          "Fail": 1,
          "Error": 0,
          "Timeout": 0
        }
      },
      {
        "Wutooltests": {
          "Result": "PASSED",
          "Elaps": {
            "Formatted": "1 sec (00:00:01)",
            "RawSec": "1"
          },
          "Total": 19,
          "Pass": 19,
          "Fail": 0,
          "Error": 0,
          "Timeout": 0
        }
      },
      {
        "MLtests": {
          "Result": "PASSED",
          "DBSCAN": {
            "Elaps": {
              "Formatted": "11 sec  (00:00:11)",
              "RawSec": "11"
            },
            "Total": 2,
            "Pass": 2,
            "Fail": 0,
            "Result": "PASSED"
          },
          "GLM": {
            "Elaps": {
              "Formatted": "67 sec  (00:01:07)",
              "RawSec": "67"
            },
            "Total": 7,
            "Pass": 7,
            "Fail": 0,
            "Result": "PASSED"
          },
          "GNN": {
            "Elaps": {
              "Formatted": "91 sec  (00:01:31)",
              "RawSec": "91"
            },
            "Total": 4,
            "Pass": 4,
            "Fail": 0,
            "Result": "PASSED"
          },
          "KMeans": {
            "Elaps": {
              "Formatted": "5 sec  (00:00:05)",
              "RawSec": "5"
            },
            "Total": 1,
            "Pass": 1,
            "Fail": 0,
            "Result": "PASSED"
          },
          "LearningTrees": {
            "Elaps": {
              "Formatted": "139 sec  (00:02:19)",
              "RawSec": "139"
            },
            "Total": 3,
            "Pass": 3,
            "Fail": 0,
            "Result": "PASSED"
          },
          "PBblas": {
            "Elaps": {
              "Formatted": "15 sec  (00:00:15)",
              "RawSec": "15"
            },
            "Total": 2,
            "Pass": 2,
            "Fail": 0,
            "Result": "PASSED"
          },
          "SupportVectorMachines": {
            "Elaps": {
              "Formatted": "15 sec  (00:00:15)",
              "RawSec": "15"
            },
            "Total": 1,
            "Pass": 1,
            "Fail": 0,
            "Result": "PASSED"
          },
          "TextVectors": {
            "Elaps": {
              "Formatted": "13 sec  (00:00:13)",
              "RawSec": "13"
            },
            "Total": 5,
            "Pass": 5,
            "Fail": 0,
            "Result": "PASSED"
          }
        }
      },
      {
        "Setup": {
          "Result": "PASSED",
          "hthor": {
            "Elaps": {
              "Formatted": "41 sec  (00:00:41)",
              "RawSec": "41"
            },
            "Total": 9,
            "Pass": 9,
            "Fail": 0,
            "Result": "PASSED"
          },
          "thor": {
            "Elaps": {
              "Formatted": "23 sec  (00:00:23)",
              "RawSec": "23"
            },
            "Total": 9,
            "Pass": 9,
            "Fail": 0,
            "Result": "PASSED"
          },
          "roxie": {
            "Elaps": {
              "Formatted": "40 sec  (00:00:40)",
              "RawSec": "40"
            },
            "Total": 24,
            "Pass": 24,
            "Fail": 0,
            "Result": "PASSED"
          }
        }
      },
      {
        "Regress": {
          "Result": "FAILED",
          "Hthor": {
            "Result": "PASSED",
            "Elaps": {
              "Formatted": "441 sec  (00:07:21)",
              "RawSec": "441"
            },
            "Total": 1072,
            "Pass": 1072,
            "Fail": 0
          },
          "Thor": {
            "Result": "FAILED",
            "Elaps": {
              "Formatted": "1547 sec  (00:25:47)",
              "RawSec": "1547"
            },
            "Total": 948,
            "Pass": 947,
            "Fail": 1
          },
          "Roxie": {
            "Result": "PASSED",
            "Elaps": {
              "Formatted": "589 sec  (00:09:49)",
              "RawSec": "589"
            },
            "Total": 1158,
            "Pass": 1158,
            "Fail": 0
          }
        }
      },
      {
        "Uninstall": {
          "Elaps": "No data"
        }
      }
    ],
    "Errors": [
      {
        "thor": {
          "loopthor2": {
            "TestId": 524,
            "Wuid": "W20250111-054738-4",
            "Problem": "Aborted ",
            "Code": "-2",
            "Msg": " reason: Timeout "
          }
        }
      },
      {
        "thor": {
          "loopthor2": {
            "TestId": 524,
            "Wuid": "W20250111-054738-4",
            "Problem": "Aborted ",
            "Code": "-2",
            "Msg": " reason: Timeout "
          }
        }
      }
    ]
  }
}
