{
  "OBTResult": {
    "Env": {
      "BuildSystem": "CentOS_Linux_7",
      "Hardware": "CPU/Cores: 16, RAM: 30 GB",
      "IPAddress": "10.20.0.45 (OBT-AWS02)"
    },
    "BuildSet": {
      "Branch": "candidate-9.6.x",
      "BranchDate": "Thu Jan 16 18:12:57 2025",
      "BranchSHA": "83ae5d19f48c6146f12d8ac0b63810d9b2786c0f",
      "BuildType": "Debug",
      "Target": "BM/VM"
    },
    "Exclusion": {
      "Build": "MAKE_CASSANDRAEMBED, COUCHBASEEMBED, USE_AZURE, USE_AWS",
      "Unittest": "JlibReaderWriterTestTiming, AtomicTimingTest, AtomicTimingStressTest, RWLockStressTest",
      "MLtest": "ClassicTestModified.ecl, SVCTest.ecl",
      "Regression": "embedded-r, embedded-js, 3rdpartyservice, mongodb, python2"
    },
    "ThorConfig": {
      "Slaves": "4",
      "Channels": "1"
    },
    "Tasks": [
      {
        "Build": {
          "Result": "PASSED",
          "CMake": {
            "Formatted": "13 sec (00:00:13)",
            "RawSec": "13"
          },
          "Build": {
            "Formatted": "544 sec (00:09:04)",
            "RawSec": "544"
          },
          "Package": {
            "Formatted": "408 sec (00:06:48)",
            "RawSec": "408"
          },
          "Altogether": {
            "Formatted": "965 sec (00:16:05)",
            "RawSec": "965"
          }
        }
      },
      {
        "Install": {
          "Elaps": "No data"
        }
      },
      {
        "Unittests": {
          "Result": "PASSED",
          "Elaps": {
            "Formatted": "8083 sec (02:14:43)",
            "RawSec": "8083"
          },
          "Total": 376,
          "Pass": 376,
          "Fail": 0,
          "Error": 0,
          "Timeout": 0
        }
      },
      {
        "Wutooltests": {
          "Result": "PASSED",
          "Elaps": {
            "Formatted": "2 sec (00:00:02)",
            "RawSec": "2"
          },
          "Total": 19,
          "Pass": 19,
          "Fail": 0,
          "Error": 0,
          "Timeout": 0
        }
      },
      {
        "MLtests": {
          "Result": "PASSED",
          "DBSCAN": {
            "Elaps": {
              "Formatted": "16 sec  (00:00:16)",
              "RawSec": "16"
            },
            "Total": 2,
            "Pass": 2,
            "Fail": 0,
            "Result": "PASSED"
          },
          "GLM": {
            "Elaps": {
              "Formatted": "117 sec  (00:01:57)",
              "RawSec": "117"
            },
            "Total": 7,
            "Pass": 7,
            "Fail": 0,
            "Result": "PASSED"
          },
          "GNN": {
            "Elaps": {
              "Formatted": "79 sec  (00:01:19)",
              "RawSec": "79"
            },
            "Total": 4,
            "Pass": 4,
            "Fail": 0,
            "Result": "PASSED"
          },
          "KMeans": {
            "Elaps": {
              "Formatted": "6 sec  (00:00:06)",
              "RawSec": "6"
            },
            "Total": 1,
            "Pass": 1,
            "Fail": 0,
            "Result": "PASSED"
          },
          "LearningTrees": {
            "Elaps": {
              "Formatted": "542 sec  (00:09:02)",
              "RawSec": "542"
            },
            "Total": 3,
            "Pass": 3,
            "Fail": 0,
            "Result": "PASSED"
          },
          "PBblas": {
            "Elaps": {
              "Formatted": "25 sec  (00:00:25)",
              "RawSec": "25"
            },
            "Total": 2,
            "Pass": 2,
            "Fail": 0,
            "Result": "PASSED"
          },
          "SupportVectorMachines": {
            "Elaps": {
              "Formatted": "17 sec  (00:00:17)",
              "RawSec": "17"
            },
            "Total": 1,
            "Pass": 1,
            "Fail": 0,
            "Result": "PASSED"
          },
          "TextVectors": {
            "Elaps": {
              "Formatted": "17 sec  (00:00:17)",
              "RawSec": "17"
            },
            "Total": 5,
            "Pass": 5,
            "Fail": 0,
            "Result": "PASSED"
          }
        }
      },
      {
        "Setup": {
          "Result": "PASSED",
          "hthor": {
            "Elaps": {
              "Formatted": "189 sec  (00:03:09)",
              "RawSec": "189"
            },
            "Total": 9,
            "Pass": 9,
            "Fail": 0,
            "Result": "PASSED"
          },
          "thor": {
            "Elaps": {
              "Formatted": "75 sec  (00:01:15)",
              "RawSec": "75"
            },
            "Total": 9,
            "Pass": 9,
            "Fail": 0,
            "Result": "PASSED"
          },
          "roxie": {
            "Elaps": {
              "Formatted": "147 sec  (00:02:27)",
              "RawSec": "147"
            },
            "Total": 24,
            "Pass": 24,
            "Fail": 0,
            "Result": "PASSED"
          }
        }
      },
      {
        "Regress": {
          "Result": "FAILED",
          "Hthor": {
            "Result": "PASSED",
            "Elaps": {
              "Formatted": "841 sec  (00:14:01)",
              "RawSec": "841"
            },
            "Total": 1043,
            "Pass": 1043,
            "Fail": 0
          },
          "Thor": {
            "Result": "FAILED",
            "Elaps": {
              "Formatted": "2049 sec  (00:34:09)",
              "RawSec": "2049"
            },
            "Total": 932,
            "Pass": 931,
            "Fail": 1
          },
          "Roxie": {
            "Result": "PASSED",
            "Elaps": {
              "Formatted": "854 sec  (00:14:14)",
              "RawSec": "854"
            },
            "Total": 1148,
            "Pass": 1148,
            "Fail": 0
          }
        }
      },
      {
        "Uninstall": {
          "Elaps": "No data"
        }
      }
    ],
    "Errors": [
      {
        "thor": {
          "superkey1": {
            "TestId": 799,
            "Wuid": "W20250119-202549",
            "Problem": "Exception",
            "Code": "3000",
            "Msg": "System error: 3000: SLAVE #1 [10:20:0:45:20100]: assert(index &lt; mapping:numStatistics()) failed - file: jstats:h, line 578"
          }
        }
      }
    ]
  }
}
