{
  "OBTResult": {
    "Env": {
      "BuildSystem": "Rocky_Linux_8_9",
      "Hardware": "CPU/Cores: 8, RAM: 15 GB",
      "IPAddress": "10.22.254.98 (OBT-AWS04)"
    },
    "BuildSet": {
      "Branch": "candidate-9.6.x",
      "BranchDate": "Fri Jan 10 16:09:06 2025",
      "BranchSHA": "951293c4f49ed4ad8bfc65ddb7f4482a775e2c5e",
      "BuildType": "Debug",
      "Target": "BM/VM"
    },
    "Exclusion": {
      "Build": "MAKE_CASSANDRAEMBED, COUCHBASEEMBED, USE_AZURE, USE_AWS, WASMEMBED",
      "Documentation": "not built",
      "Unittest": "JlibReaderWriterTestTiming, AtomicTimingTest, AtomicTimingStressTest",
      "MLtest": "ClassicTestModified.ecl, SVCTest.ecl"
    },
    "ThorConfig": {
      "Slaves": "4",
      "Channels": "1"
    },
    "Tasks": [
      {
        "Build": {
          "Result": "FAILED",
          "CMake": {
            "Formatted": "5 sec (00:00:05)",
            "RawSec": "5"
          },
          "Build": {
            "Formatted": "0 sec (00:00:00)",
            "RawSec": "0"
          },
          "Package": {
            "Formatted": "0 sec (00:00:00)",
            "RawSec": "0"
          },
          "Altogether": {
            "Formatted": "5 sec (00:00:05)",
            "RawSec": "5"
          }
        }
      }
    ],
    "Errors": []
  }
}
