{
  "OBTResult": {
    "Env": {
      "BuildSystem": "CentOS_Linux_7",
      "Hardware": "CPU/Cores: 16, RAM: 30 GB",
      "IPAddress": "10.20.0.45 (OBT-AWS02)"
    },
    "BuildSet": {
      "Branch": "candidate-9.10.x",
      "BranchDate": "Mon Jan 20 13:11:42 2025",
      "BranchSHA": "d897955f00149084a116e311344dee8e98fc5885",
      "BuildType": "RelWithDebInfo",
      "Target": "BM/VM"
    },
    "Exclusion": {
      "Build": "MAKE_CASSANDRAEMBED, COUCHBASEEMBED, USE_AZURE, USE_AWS",
      "Unittest": "JlibReaderWriterTestTiming, AtomicTimingTest, AtomicTimingStressTest, RWLockStressTest",
      "MLtest": "ClassicTestModified.ecl, SVCTest.ecl",
      "Regression": "embedded-r, embedded-js, 3rdpartyservice, mongodb, python2"
    },
    "ThorConfig": {
      "Slaves": "4",
      "Channels": "1"
    },
    "Tasks": [
      {
        "Build": {
          "Result": "PASSED",
          "CMake": {
            "Formatted": "12 sec (00:00:12)",
            "RawSec": "12"
          },
          "Build": {
            "Formatted": "671 sec (00:11:11)",
            "RawSec": "671"
          },
          "Package": {
            "Formatted": "384 sec (00:06:24)",
            "RawSec": "384"
          },
          "Altogether": {
            "Formatted": "1067 sec (00:17:47)",
            "RawSec": "1067"
          }
        }
      },
      {
        "Install": {
          "Elaps": "No data"
        }
      },
      {
        "Unittests": {
          "Result": "FAILED",
          "Elaps": {
            "Formatted": "3393 sec (00:56:33)",
            "RawSec": "3393"
          },
          "Total": 396,
          "Pass": 395,
          "Fail": 1,
          "Error": 0,
          "Timeout": 0
        }
      },
      {
        "Wutooltests": {
          "Result": "PASSED",
          "Elaps": {
            "Formatted": "1 sec (00:00:01)",
            "RawSec": "1"
          },
          "Total": 19,
          "Pass": 19,
          "Fail": 0,
          "Error": 0,
          "Timeout": 0
        }
      },
      {
        "MLtests": {
          "Result": "FAILED",
          "DBSCAN": {
            "Elaps": {
              "Formatted": "11 sec  (00:00:11)",
              "RawSec": "11"
            },
            "Total": 2,
            "Pass": 2,
            "Fail": 0,
            "Result": "PASSED"
          },
          "GLM": {
            "Elaps": {
              "Formatted": "67 sec  (00:01:07)",
              "RawSec": "67"
            },
            "Total": 7,
            "Pass": 7,
            "Fail": 0,
            "Result": "PASSED"
          },
          "GNN": {
            "Elaps": {
              "Formatted": "70 sec  (00:01:10)",
              "RawSec": "70"
            },
            "Total": 4,
            "Pass": 4,
            "Fail": 0,
            "Result": "PASSED"
          },
          "KMeans": {
            "Elaps": {
              "Formatted": "5 sec  (00:00:05)",
              "RawSec": "5"
            },
            "Total": 1,
            "Pass": 1,
            "Fail": 0,
            "Result": "PASSED"
          },
          "LearningTrees": {
            "Elaps": {
              "Formatted": "144 sec  (00:02:24)",
              "RawSec": "144"
            },
            "Total": 3,
            "Pass": 3,
            "Fail": 0,
            "Result": "PASSED"
          },
          "PBblas": {
            "Elaps": {
              "Formatted": "15 sec  (00:00:15)",
              "RawSec": "15"
            },
            "Total": 2,
            "Pass": 1,
            "Fail": 1,
            "Result": "FAILED"
          },
          "SupportVectorMachines": {
            "Elaps": {
              "Formatted": "15 sec  (00:00:15)",
              "RawSec": "15"
            },
            "Total": 1,
            "Pass": 1,
            "Fail": 0,
            "Result": "FAILED"
          },
          "TextVectors": {
            "Elaps": {
              "Formatted": "13 sec  (00:00:13)",
              "RawSec": "13"
            },
            "Total": 5,
            "Pass": 5,
            "Fail": 0,
            "Result": "FAILED"
          }
        }
      },
      {
        "Setup": {
          "Result": "PASSED",
          "hthor": {
            "Elaps": {
              "Formatted": "41 sec  (00:00:41)",
              "RawSec": "41"
            },
            "Total": 9,
            "Pass": 9,
            "Fail": 0,
            "Result": "PASSED"
          },
          "thor": {
            "Elaps": {
              "Formatted": "24 sec  (00:00:24)",
              "RawSec": "24"
            },
            "Total": 9,
            "Pass": 9,
            "Fail": 0,
            "Result": "PASSED"
          },
          "roxie": {
            "Elaps": {
              "Formatted": "40 sec  (00:00:40)",
              "RawSec": "40"
            },
            "Total": 24,
            "Pass": 24,
            "Fail": 0,
            "Result": "PASSED"
          }
        }
      },
      {
        "Regress": {
          "Result": "PASSED",
          "Hthor": {
            "Result": "PASSED",
            "Elaps": {
              "Formatted": "464 sec  (00:07:44)",
              "RawSec": "464"
            },
            "Total": 1072,
            "Pass": 1072,
            "Fail": 0
          },
          "Thor": {
            "Result": "PASSED",
            "Elaps": {
              "Formatted": "775 sec  (00:12:55)",
              "RawSec": "775"
            },
            "Total": 948,
            "Pass": 948,
            "Fail": 0
          },
          "Roxie": {
            "Result": "PASSED",
            "Elaps": {
              "Formatted": "594 sec  (00:09:54)",
              "RawSec": "594"
            },
            "Total": 1166,
            "Pass": 1166,
            "Fail": 0
          }
        }
      },
      {
        "Uninstall": {
          "Elaps": "No data"
        }
      }
    ],
    "Errors": [
      {
        "thor": {
          "ConfTest": {
            "TestId": 1,
            "Wuid": "W20250121-073834",
            "Problem": "Other problem(s)",
            "Code": "0",
            "Msg": "Result doesn't match to key file"
          }
        }
      },
      {
        "thor": {
          "ConfTest": {
            "TestId": 1,
            "Wuid": "W20250121-073834",
            "Problem": "Other problem(s)",
            "Code": "0",
            "Msg": "Result doesn't match to key file"
          }
        }
      },
      {
        "thor": {
          "ConfTest": {
            "TestId": 1,
            "Wuid": "W20250121-073834",
            "Problem": "Other problem(s)",
            "Code": "0",
            "Msg": "Result doesn't match to key file"
          }
        }
      },
      {
        "thor": {
          "ConfTest": {
            "TestId": 1,
            "Wuid": "W20250121-073834",
            "Problem": "Other problem(s)",
            "Code": "0",
            "Msg": "Result doesn't match to key file"
          }
        }
      },
      {
        "thor": {
          "ConfTest": {
            "TestId": 1,
            "Wuid": "W20250121-073834",
            "Problem": "Other problem(s)",
            "Code": "0",
            "Msg": "Result doesn't match to key file"
          }
        }
      },
      {
        "thor": {
          "ConfTest": {
            "TestId": 1,
            "Wuid": "W20250121-073834",
            "Problem": "Other problem(s)",
            "Code": "0",
            "Msg": "Result doesn't match to key file"
          }
        }
      },
      {
        "thor": {
          "ConfTest": {
            "TestId": 1,
            "Wuid": "W20250121-073834",
            "Problem": "Other problem(s)",
            "Code": "0",
            "Msg": "Result doesn't match to key file"
          }
        }
      },
      {
        "thor": {
          "ConfTest": {
            "TestId": 1,
            "Wuid": "W20250121-073834",
            "Problem": "Other problem(s)",
            "Code": "0",
            "Msg": "Result doesn't match to key file"
          }
        }
      },
      {
        "thor": {
          "ConfTest": {
            "TestId": 1,
            "Wuid": "W20250121-073834",
            "Problem": "Other problem(s)",
            "Code": "0",
            "Msg": "Result doesn't match to key file"
          }
        }
      }
    ]
  }
}
