{
  "OBTResult": {
    "Env": {
      "BuildSystem": "Rocky_Linux_8_9",
      "Hardware": "CPU/Cores: 8, RAM: 15 GB",
      "IPAddress": "10.22.254.98 (OBT-AWS04)"
    },
    "BuildSet": {
      "Branch": "master",
      "BranchDate": "Thu Jan 2 15:20:58 2025",
      "BranchSHA": "70df9f8e4e7e3273d7fa32486cedbf7dde2873ac",
      "BuildType": "RelWithDebInfo",
      "Target": "BM/VM"
    },
    "Exclusion": {
      "Build": "MAKE_CASSANDRAEMBED, COUCHBASEEMBED, USE_AZURE, USE_AWS, WASMEMBED",
      "Documentation": "not built",
      "Unittest": "JlibReaderWriterTestTiming, AtomicTimingTest, AtomicTimingStressTest",
      "MLtest": "ClassicTestModified.ecl, SVCTest.ecl",
      "Regression": "embedded, 3rdparty, python2, wasmembed*"
    },
    "ThorConfig": {
      "Slaves": "4",
      "Channels": "1"
    },
    "Tasks": [
      {
        "Build": {
          "Result": "PASSED",
          "CMake": {
            "Formatted": "10 sec (00:00:10)",
            "RawSec": "10"
          },
          "Build": {
            "Formatted": "815 sec (00:13:35)",
            "RawSec": "815"
          },
          "Package": {
            "Formatted": "221 sec (00:03:41)",
            "RawSec": "221"
          },
          "Altogether": {
            "Formatted": "1046 sec (00:17:26)",
            "RawSec": "1046"
          }
        }
      },
      {
        "Install": {
          "Elaps": "No data"
        }
      },
      {
        "Unittests": {
          "Result": "FAILED",
          "Elaps": {
            "Formatted": "3025 sec (00:50:25)",
            "RawSec": "3025"
          },
          "Total": 387,
          "Pass": 386,
          "Fail": 1,
          "Error": 0,
          "Timeout": 0
        }
      },
      {
        "Wutooltests": {
          "Result": "PASSED",
          "Elaps": {
            "Formatted": "1 sec (00:00:01)",
            "RawSec": "1"
          },
          "Total": 19,
          "Pass": 19,
          "Fail": 0,
          "Error": 0,
          "Timeout": 0
        }
      },
      {
        "MLtests": {
          "Result": "PASSED",
          "DBSCAN": {
            "Elaps": {
              "Formatted": "9 sec  (00:00:09)",
              "RawSec": "9"
            },
            "Total": 2,
            "Pass": 2,
            "Fail": 0,
            "Result": "PASSED"
          },
          "GLM": {
            "Elaps": {
              "Formatted": "49 sec  (00:00:49)",
              "RawSec": "49"
            },
            "Total": 7,
            "Pass": 7,
            "Fail": 0,
            "Result": "PASSED"
          },
          "GNN": {
            "Elaps": {
              "Formatted": "68 sec  (00:01:08)",
              "RawSec": "68"
            },
            "Total": 4,
            "Pass": 4,
            "Fail": 0,
            "Result": "PASSED"
          },
          "KMeans": {
            "Elaps": {
              "Formatted": "5 sec  (00:00:05)",
              "RawSec": "5"
            },
            "Total": 1,
            "Pass": 1,
            "Fail": 0,
            "Result": "PASSED"
          },
          "LearningTrees": {
            "Elaps": {
              "Formatted": "166 sec  (00:02:46)",
              "RawSec": "166"
            },
            "Total": 3,
            "Pass": 3,
            "Fail": 0,
            "Result": "PASSED"
          },
          "PBblas": {
            "Elaps": {
              "Formatted": "12 sec  (00:00:12)",
              "RawSec": "12"
            },
            "Total": 2,
            "Pass": 2,
            "Fail": 0,
            "Result": "PASSED"
          },
          "SupportVectorMachines": {
            "Elaps": {
              "Formatted": "13 sec  (00:00:13)",
              "RawSec": "13"
            },
            "Total": 1,
            "Pass": 1,
            "Fail": 0,
            "Result": "PASSED"
          },
          "TextVectors": {
            "Elaps": {
              "Formatted": "10 sec  (00:00:10)",
              "RawSec": "10"
            },
            "Total": 5,
            "Pass": 5,
            "Fail": 0,
            "Result": "PASSED"
          }
        }
      },
      {
        "Setup": {
          "Result": "PASSED",
          "hthor": {
            "Elaps": {
              "Formatted": "37 sec  (00:00:37)",
              "RawSec": "37"
            },
            "Total": 9,
            "Pass": 9,
            "Fail": 0,
            "Result": "PASSED"
          },
          "thor": {
            "Elaps": {
              "Formatted": "23 sec  (00:00:23)",
              "RawSec": "23"
            },
            "Total": 9,
            "Pass": 9,
            "Fail": 0,
            "Result": "PASSED"
          },
          "roxie": {
            "Elaps": {
              "Formatted": "38 sec  (00:00:38)",
              "RawSec": "38"
            },
            "Total": 24,
            "Pass": 24,
            "Fail": 0,
            "Result": "PASSED"
          }
        }
      },
      {
        "Regress": {
          "Result": "FAILED",
          "Hthor": {
            "Result": "PASSED",
            "Elaps": {
              "Formatted": "494 sec  (00:08:14)",
              "RawSec": "494"
            },
            "Total": 1032,
            "Pass": 1032,
            "Fail": 0
          },
          "Thor": {
            "Result": "FAILED",
            "Elaps": {
              "Formatted": "956 sec  (00:15:56)",
              "RawSec": "956"
            },
            "Total": 912,
            "Pass": 911,
            "Fail": 1
          },
          "Roxie": {
            "Result": "PASSED",
            "Elaps": {
              "Formatted": "605 sec  (00:10:05)",
              "RawSec": "605"
            },
            "Total": 1116,
            "Pass": 1116,
            "Fail": 0
          }
        }
      },
      {
        "Uninstall": {
          "Elaps": "No data"
        }
      }
    ],
    "Errors": [
      {
        "thor": {
          "loopthor2": {
            "TestId": 496,
            "Wuid": "W20250103-054522-4",
            "Problem": "Aborted ",
            "Code": "-2",
            "Msg": " reason: Timeout "
          }
        }
      },
      {
        "thor": {
          "loopthor2": {
            "TestId": 496,
            "Wuid": "W20250103-054522-4",
            "Problem": "Aborted ",
            "Code": "-2",
            "Msg": " reason: Timeout "
          }
        }
      }
    ]
  }
}
