{
  "OBTResult": {
    "Env": {
      "BuildSystem": "CentOS_Stream_8",
      "Hardware": "CPU/Cores: 4, RAM: 7 GB",
      "IPAddress": "10.22.254.152 (OBT-AWS03)"
    },
    "BuildSet": {
      "Branch": "master",
      "BranchDate": "Thu Jan 2 15:20:58 2025",
      "BranchSHA": "70df9f8e4e7e3273d7fa32486cedbf7dde2873ac",
      "BuildType": "RelWithDebInfo",
      "Target": "BM/VM"
    },
    "Exclusion": {
      "Build": "MAKE_CASSANDRAEMBED, COUCHBASEEMBED, USE_AZURE, USE_AWS, WASMEMBED",
      "Documentation": "not built",
      "Unittest": "JlibReaderWriterTestTiming, AtomicTimingTest, AtomicTimingStressTest",
      "MLtest": "ClassicTestModified.ecl, SVCTest.ecl",
      "Regression": "embedded, 3rdparty, python2, wasmembed*"
    },
    "ThorConfig": {
      "Slaves": "4",
      "Channels": "1"
    },
    "Tasks": [
      {
        "Build": {
          "Result": "PASSED",
          "CMake": {
            "Formatted": "10 sec (00:00:10)",
            "RawSec": "10"
          },
          "Build": {
            "Formatted": "1723 sec (00:28:43)",
            "RawSec": "1723"
          },
          "Package": {
            "Formatted": "264 sec (00:04:24)",
            "RawSec": "264"
          },
          "Altogether": {
            "Formatted": "1997 sec (00:33:17)",
            "RawSec": "1997"
          }
        }
      },
      {
        "Install": {
          "Elaps": "No data"
        }
      },
      {
        "Unittests": {
          "Result": "FAILED",
          "Elaps": {
            "Formatted": "2999 sec (00:49:59)",
            "RawSec": "2999"
          },
          "Total": 387,
          "Pass": 386,
          "Fail": 1,
          "Error": 0,
          "Timeout": 0
        }
      },
      {
        "Wutooltests": {
          "Result": "PASSED",
          "Elaps": {
            "Formatted": "0 sec (00:00:00)",
            "RawSec": "0"
          },
          "Total": 19,
          "Pass": 19,
          "Fail": 0,
          "Error": 0,
          "Timeout": 0
        }
      },
      {
        "MLtests": {
          "Result": "PASSED",
          "DBSCAN": {
            "Elaps": {
              "Formatted": "13 sec  (00:00:13)",
              "RawSec": "13"
            },
            "Total": 2,
            "Pass": 2,
            "Fail": 0,
            "Result": "PASSED"
          },
          "GLM": {
            "Elaps": {
              "Formatted": "63 sec  (00:01:03)",
              "RawSec": "63"
            },
            "Total": 7,
            "Pass": 7,
            "Fail": 0,
            "Result": "PASSED"
          },
          "GNN": {
            "Elaps": {
              "Formatted": "19 sec  (00:00:19)",
              "RawSec": "19"
            },
            "Total": 4,
            "Pass": 4,
            "Fail": 0,
            "Result": "PASSED"
          },
          "KMeans": {
            "Elaps": {
              "Formatted": "5 sec  (00:00:05)",
              "RawSec": "5"
            },
            "Total": 1,
            "Pass": 1,
            "Fail": 0,
            "Result": "PASSED"
          },
          "LearningTrees": {
            "Elaps": {
              "Formatted": "311 sec  (00:05:11)",
              "RawSec": "311"
            },
            "Total": 3,
            "Pass": 3,
            "Fail": 0,
            "Result": "PASSED"
          },
          "PBblas": {
            "Elaps": {
              "Formatted": "15 sec  (00:00:15)",
              "RawSec": "15"
            },
            "Total": 2,
            "Pass": 2,
            "Fail": 0,
            "Result": "PASSED"
          },
          "SupportVectorMachines": {
            "Elaps": {
              "Formatted": "17 sec  (00:00:17)",
              "RawSec": "17"
            },
            "Total": 1,
            "Pass": 1,
            "Fail": 0,
            "Result": "PASSED"
          },
          "TextVectors": {
            "Elaps": {
              "Formatted": "13 sec  (00:00:13)",
              "RawSec": "13"
            },
            "Total": 5,
            "Pass": 5,
            "Fail": 0,
            "Result": "PASSED"
          }
        }
      },
      {
        "Setup": {
          "Result": "PASSED",
          "hthor": {
            "Elaps": {
              "Formatted": "44 sec  (00:00:44)",
              "RawSec": "44"
            },
            "Total": 9,
            "Pass": 9,
            "Fail": 0,
            "Result": "PASSED"
          },
          "thor": {
            "Elaps": {
              "Formatted": "38 sec  (00:00:38)",
              "RawSec": "38"
            },
            "Total": 9,
            "Pass": 9,
            "Fail": 0,
            "Result": "PASSED"
          },
          "roxie": {
            "Elaps": {
              "Formatted": "53 sec  (00:00:53)",
              "RawSec": "53"
            },
            "Total": 24,
            "Pass": 24,
            "Fail": 0,
            "Result": "PASSED"
          }
        }
      },
      {
        "Regress": {
          "Result": "FAILED",
          "Hthor": {
            "Result": "PASSED",
            "Elaps": {
              "Formatted": "1727 sec  (00:28:47)",
              "RawSec": "1727"
            },
            "Total": 1032,
            "Pass": 1032,
            "Fail": 0
          },
          "Thor": {
            "Result": "FAILED",
            "Elaps": {
              "Formatted": "2620 sec  (00:43:40)",
              "RawSec": "2620"
            },
            "Total": 912,
            "Pass": 911,
            "Fail": 1
          },
          "Roxie": {
            "Result": "PASSED",
            "Elaps": {
              "Formatted": "1926 sec  (00:32:06)",
              "RawSec": "1926"
            },
            "Total": 1116,
            "Pass": 1116,
            "Fail": 0
          }
        }
      },
      {
        "Uninstall": {
          "Elaps": "No data"
        }
      }
    ],
    "Errors": [
      {
        "thor": {
          "loopthor2": {
            "TestId": 496,
            "Wuid": "W20250104-063552",
            "Problem": "Aborted ",
            "Code": "-2",
            "Msg": " reason: Timeout "
          }
        }
      },
      {
        "thor": {
          "loopthor2": {
            "TestId": 496,
            "Wuid": "W20250104-063552",
            "Problem": "Aborted ",
            "Code": "-2",
            "Msg": " reason: Timeout "
          }
        }
      }
    ]
  }
}
