{
    "OBTResult": {
        "Env": {
            "BuildSystem": "Rocky_Linux_8_9",
            "Hardware": "CPU/Cores: 8, RAM: 15 GB",
            "IPAddress": "10.22.254.98 (OBT-AWS04)"
        },
        "BuildSet": {
            "Branch": "candidate-9.8.x",
            "BranchDate": "Mon Jan 20 11:47:41 2025",
            "BranchSHA": "5f07c3afd3a6a3a6420e4c54f2c3ee2f9a9af9fe",
            "BuildType": "RelWithDebInfo",
            "Target": "BM/VM"
        },
        "Exclusion": {
            "Build": "MAKE_CASSANDRAEMBED, COUCHBASEEMBED, USE_AZURE, USE_AWS, WASMEMBED",
            "Documentation": "not built",
            "Unittest": "JlibReaderWriterTestTiming, AtomicTimingTest, AtomicTimingStressTest",
            "MLtest": "ClassicTestModified.ecl, SVCTest.ecl",
            "Regression": "embedded, 3rdparty, python2, wasmembed*"
        },
        "ThorConfig": {
            "Slaves": "4",
            "Channels": "1"
        },
        "Tasks": [
            {
                "Build": {
                    "Result": "PASSED",
                    "CMake": {
                        "Formatted": "10 sec (00:00:10)",
                        "RawSec": "10"
                    },
                    "Build": {
                        "Formatted": "840 sec (00:14:00)",
                        "RawSec": "840"
                    },
                    "Package": {
                        "Formatted": "249 sec (00:04:09)",
                        "RawSec": "249"
                    },
                    "Altogether": {
                        "Formatted": "1099 sec (00:18:19)",
                        "RawSec": "1099"
                    }
                }
            },
            {
                "Install": {
                    "Elaps": "No data"
                }
            },
            {
                "Unittests": {
                    "Result": "FAILED",
                    "Elaps": {
                        "Formatted": "3011 sec (00:50:11)",
                        "RawSec": "3011"
                    },
                    "Total": 386,
                    "Pass": 385,
                    "Fail": 1,
                    "Error": 0,
                    "Timeout": 0
                }
            },
            {
                "Wutooltests": {
                    "Result": "PASSED",
                    "Elaps": {
                        "Formatted": "1 sec (00:00:01)",
                        "RawSec": "1"
                    },
                    "Total": 19,
                    "Pass": 19,
                    "Fail": 0,
                    "Error": 0,
                    "Timeout": 0
                }
            },
            {
                "MLtests": {
                    "Result": "PASSED",
                    "DBSCAN": {
                        "Elaps": {
                            "Formatted": "10 sec  (00:00:10)",
                            "RawSec": "10"
                        },
                        "Total": 2,
                        "Pass": 2,
                        "Fail": 0,
                        "Result": "PASSED"
                    },
                    "GLM": {
                        "Elaps": {
                            "Formatted": "54 sec  (00:00:54)",
                            "RawSec": "54"
                        },
                        "Total": 7,
                        "Pass": 7,
                        "Fail": 0,
                        "Result": "PASSED"
                    },
                    "GNN": {
                        "Elaps": {
                            "Formatted": "68 sec  (00:01:08)",
                            "RawSec": "68"
                        },
                        "Total": 4,
                        "Pass": 4,
                        "Fail": 0,
                        "Result": "PASSED"
                    },
                    "KMeans": {
                        "Elaps": {
                            "Formatted": "4 sec  (00:00:04)",
                            "RawSec": "4"
                        },
                        "Total": 1,
                        "Pass": 1,
                        "Fail": 0,
                        "Result": "PASSED"
                    },
                    "LearningTrees": {
                        "Elaps": {
                            "Formatted": "168 sec  (00:02:48)",
                            "RawSec": "168"
                        },
                        "Total": 3,
                        "Pass": 3,
                        "Fail": 0,
                        "Result": "PASSED"
                    },
                    "PBblas": {
                        "Elaps": {
                            "Formatted": "12 sec  (00:00:12)",
                            "RawSec": "12"
                        },
                        "Total": 2,
                        "Pass": 2,
                        "Fail": 0,
                        "Result": "PASSED"
                    },
                    "SupportVectorMachines": {
                        "Elaps": {
                            "Formatted": "14 sec  (00:00:14)",
                            "RawSec": "14"
                        },
                        "Total": 1,
                        "Pass": 1,
                        "Fail": 0,
                        "Result": "PASSED"
                    },
                    "TextVectors": {
                        "Elaps": {
                            "Formatted": "10 sec  (00:00:10)",
                            "RawSec": "10"
                        },
                        "Total": 5,
                        "Pass": 5,
                        "Fail": 0,
                        "Result": "PASSED"
                    }
                }
            },
            {
                "Setup": {
                    "Result": "PASSED",
                    "hthor": {
                        "Elaps": {
                            "Formatted": "39 sec  (00:00:39)",
                            "RawSec": "39"
                        },
                        "Total": 9,
                        "Pass": 9,
                        "Fail": 0,
                        "Result": "PASSED"
                    },
                    "thor": {
                        "Elaps": {
                            "Formatted": "23 sec  (00:00:23)",
                            "RawSec": "23"
                        },
                        "Total": 9,
                        "Pass": 9,
                        "Fail": 0,
                        "Result": "PASSED"
                    },
                    "roxie": {
                        "Elaps": {
                            "Formatted": "38 sec  (00:00:38)",
                            "RawSec": "38"
                        },
                        "Total": 24,
                        "Pass": 24,
                        "Fail": 0,
                        "Result": "PASSED"
                    }
                }
            },
            {
                "Regress": {
                    "Result": "PASSED",
                    "Hthor": {
                        "Result": "PASSED",
                        "Elaps": {
                            "Formatted": "518 sec  (00:08:38)",
                            "RawSec": "518"
                        },
                        "Total": 1013,
                        "Pass": 1013,
                        "Fail": 0
                    },
                    "Thor": {
                        "Result": "PASSED",
                        "Elaps": {
                            "Formatted": "844 sec  (00:14:04)",
                            "RawSec": "844"
                        },
                        "Total": 905,
                        "Pass": 905,
                        "Fail": 0
                    },
                    "Roxie": {
                        "Result": "PASSED",
                        "Elaps": {
                            "Formatted": "673 sec  (00:11:13)",
                            "RawSec": "673"
                        },
                        "Total": 1116,
                        "Pass": 1116,
                        "Fail": 0
                    }
                }
            },
            {
                "Uninstall": {
                    "Elaps": "No data"
                }
            }
        ],
        "Errors": [
            {}
        ]
    }
}