{
  "OBTResult": {
    "Env": {
      "BuildSystem": "CentOS_Linux_7",
      "Hardware": "CPU/Cores: 16, RAM: 30 GB",
      "IPAddress": "10.20.0.45 (OBT-AWS02)"
    },
    "BuildSet": {
      "Branch": "candidate-9.10.x",
      "BranchDate": "Thu Jan 16 17:28:51 2025",
      "BranchSHA": "30c5ecb151995dde6a51d1cc86b98f0d767fa043",
      "BuildType": "RelWithDebInfo",
      "Target": "BM/VM"
    },
    "Exclusion": {
      "Build": "MAKE_CASSANDRAEMBED, COUCHBASEEMBED, USE_AZURE, USE_AWS",
      "Unittest": "JlibReaderWriterTestTiming, AtomicTimingTest, AtomicTimingStressTest, RWLockStressTest",
      "MLtest": "ClassicTestModified.ecl, SVCTest.ecl",
      "Regression": "embedded-r, embedded-js, 3rdpartyservice, mongodb, python2"
    },
    "ThorConfig": {
      "Slaves": "4",
      "Channels": "1"
    },
    "Tasks": [
      {
        "Build": {
          "Result": "PASSED",
          "CMake": {
            "Formatted": "12 sec (00:00:12)",
            "RawSec": "12"
          },
          "Build": {
            "Formatted": "631 sec (00:10:31)",
            "RawSec": "631"
          },
          "Package": {
            "Formatted": "366 sec (00:06:06)",
            "RawSec": "366"
          },
          "Altogether": {
            "Formatted": "1009 sec (00:16:49)",
            "RawSec": "1009"
          }
        }
      },
      {
        "Install": {
          "Elaps": "No data"
        }
      },
      {
        "Unittests": {
          "Result": "FAILED",
          "Elaps": {
            "Formatted": "3284 sec (00:54:44)",
            "RawSec": "3284"
          },
          "Total": 394,
          "Pass": 393,
          "Fail": 1,
          "Error": 0,
          "Timeout": 0
        }
      },
      {
        "Wutooltests": {
          "Result": "PASSED",
          "Elaps": {
            "Formatted": "1 sec (00:00:01)",
            "RawSec": "1"
          },
          "Total": 19,
          "Pass": 19,
          "Fail": 0,
          "Error": 0,
          "Timeout": 0
        }
      },
      {
        "MLtests": {
          "Result": "PASSED",
          "DBSCAN": {
            "Elaps": {
              "Formatted": "10 sec  (00:00:10)",
              "RawSec": "10"
            },
            "Total": 2,
            "Pass": 2,
            "Fail": 0,
            "Result": "PASSED"
          },
          "GLM": {
            "Elaps": {
              "Formatted": "64 sec  (00:01:04)",
              "RawSec": "64"
            },
            "Total": 7,
            "Pass": 7,
            "Fail": 0,
            "Result": "PASSED"
          },
          "GNN": {
            "Elaps": {
              "Formatted": "76 sec  (00:01:16)",
              "RawSec": "76"
            },
            "Total": 4,
            "Pass": 4,
            "Fail": 0,
            "Result": "PASSED"
          },
          "KMeans": {
            "Elaps": {
              "Formatted": "4 sec  (00:00:04)",
              "RawSec": "4"
            },
            "Total": 1,
            "Pass": 1,
            "Fail": 0,
            "Result": "PASSED"
          },
          "LearningTrees": {
            "Elaps": {
              "Formatted": "135 sec  (00:02:15)",
              "RawSec": "135"
            },
            "Total": 3,
            "Pass": 3,
            "Fail": 0,
            "Result": "PASSED"
          },
          "PBblas": {
            "Elaps": {
              "Formatted": "14 sec  (00:00:14)",
              "RawSec": "14"
            },
            "Total": 2,
            "Pass": 2,
            "Fail": 0,
            "Result": "PASSED"
          },
          "SupportVectorMachines": {
            "Elaps": {
              "Formatted": "15 sec  (00:00:15)",
              "RawSec": "15"
            },
            "Total": 1,
            "Pass": 1,
            "Fail": 0,
            "Result": "PASSED"
          },
          "TextVectors": {
            "Elaps": {
              "Formatted": "12 sec  (00:00:12)",
              "RawSec": "12"
            },
            "Total": 5,
            "Pass": 5,
            "Fail": 0,
            "Result": "PASSED"
          }
        }
      },
      {
        "Setup": {
          "Result": "PASSED",
          "hthor": {
            "Elaps": {
              "Formatted": "39 sec  (00:00:39)",
              "RawSec": "39"
            },
            "Total": 9,
            "Pass": 9,
            "Fail": 0,
            "Result": "PASSED"
          },
          "thor": {
            "Elaps": {
              "Formatted": "23 sec  (00:00:23)",
              "RawSec": "23"
            },
            "Total": 9,
            "Pass": 9,
            "Fail": 0,
            "Result": "PASSED"
          },
          "roxie": {
            "Elaps": {
              "Formatted": "39 sec  (00:00:39)",
              "RawSec": "39"
            },
            "Total": 24,
            "Pass": 24,
            "Fail": 0,
            "Result": "PASSED"
          }
        }
      },
      {
        "Regress": {
          "Result": "FAILED",
          "Hthor": {
            "Result": "FAILED",
            "Elaps": {
              "Formatted": "413 sec  (00:06:53)",
              "RawSec": "413"
            },
            "Total": 1072,
            "Pass": 1070,
            "Fail": 2
          },
          "Thor": {
            "Result": "PASSED",
            "Elaps": {
              "Formatted": "696 sec  (00:11:36)",
              "RawSec": "696"
            },
            "Total": 948,
            "Pass": 948,
            "Fail": 0
          },
          "Roxie": {
            "Result": "FAILED",
            "Elaps": {
              "Formatted": "718 sec  (00:11:58)",
              "RawSec": "718"
            },
            "Total": 1166,
            "Pass": 1165,
            "Fail": 1
          }
        }
      },
      {
        "Uninstall": {
          "Elaps": "No data"
        }
      }
    ],
    "Errors": [
      {
        "hthor": {
          "parquetTypes(compressionType='LZ4')": {
            "TestId": 591,
            "Wuid": "W20250117-073835-2",
            "Problem": "Exception",
            "Code": "eclagent",
            "Msg": "Error: 0: parquet: OK: :"
          }
        },
        "roxie": {
          "workflow_contingency_8(parallel=true)": {
            "TestId": 1143,
            "Wuid": "W20250117-080240-5",
            "Problem": "Aborted ",
            "Code": "-2",
            "Msg": " reason: Timeout and retry count exhausted! "
          }
        }
      },
      {
        "hthor": {
          "parquetTypes(compressionType='LZ4')": {
            "TestId": 591,
            "Wuid": "W20250117-073835-2",
            "Problem": "Exception",
            "Code": "eclagent",
            "Msg": "Error: 0: parquet: OK: :"
          }
        },
        "roxie": {
          "workflow_contingency_8(parallel=true)": {
            "TestId": 1143,
            "Wuid": "W20250117-080240-5",
            "Problem": "Aborted ",
            "Code": "-2",
            "Msg": " reason: Timeout and retry count exhausted! "
          }
        }
      },
      {
        "hthor": {
          "parquetTypes(compressionType='LZ4')": {
            "TestId": 591,
            "Wuid": "W20250117-073835-2",
            "Problem": "Exception",
            "Code": "eclagent",
            "Msg": "Error: 0: parquet: OK: :"
          }
        },
        "roxie": {
          "workflow_contingency_8(parallel=true)": {
            "TestId": 1143,
            "Wuid": "W20250117-080240-5",
            "Problem": "Aborted ",
            "Code": "-2",
            "Msg": " reason: Timeout and retry count exhausted! "
          }
        }
      }
    ]
  }
}
