{
  "OBTResult": {
    "Env": {
      "BuildSystem": "Ubuntu_22_04_5_LTS",
      "Hardware": "CPU/Cores: 8, RAM: 16 GB",
      "IPAddress": "192.168.1.54"
    },
    "Remote": {
      "System": "AKS",
      "VmSize": "Standard_D16s_v4",
      "Hardware": "CPU/Cores: 16, RAM: 64 GB",
      "HthorConfig": {
        "Replicas": "3",
        "MaxActive": "4",
        "UseChildProcesses": "true",
        "AllowedPipePrograms": "*"
      },
      "ThorConfig": {
        "NumWorkers": "2",
        "MaxJobs": "4",
        "MaxGraph": "2",
        "MultiJobLinger": "true",
        "LingerPeriod": "200",
        "AllowedPipePrograms": "*"
      },
      "RoxieWorkunitConfig": {
        "Replicas": "1",
        "MaxActive": "20",
        "UseChildProcesses": "true",
        "AllowedPipePrograms": "*"
      }
    },
    "BuildSet": {
      "Branch": "community_9.8.48-rc2",
      "BranchDate": "N/A",
      "BranchSHA": "N/A",
      "BuildType": "Release",
      "Target": "K8s"
    },
    "Exclusion": {
      "Build": "N/A",
      "Documentation": "N/A",
      "Unittest": "N/A",
      "MLtest": "N/A",
      "Regression": "--ef pipefail.ecl -e embedded-r,embedded-js,3rdpartyservice,mongodb,spray"
    },
    "Tasks": [
      {
        "UpdateHelmRepo": {
          "Result": "Done",
          "Elaps": {
            "Formatted": "5 sec (00:00:05)",
            "RawSec": "5"
          }
        }
      },
      {
        "UpgradeTerraform": {
          "Result": "Done",
          "Version": "Terraform v1.10.5",
          "Elaps": {
            "Formatted": "11 sec (00:00:11)",
            "RawSec": "11"
          }
        }
      },
      {
        "CreateVirtualNetwork": {
          "Result": "",
          "NumberOfResources": 0,
          "Elaps": {
            "Formatted": "",
            "RawSec": ""
          }
        }
      },
      {
        "CreateStorage": {
          "Result": "",
          "NumberOfResources": 0,
          "Elaps": {
            "Formatted": "",
            "RawSec": ""
          }
        }
      },
      {
        "CreateAKS": {
          "Result": "Done",
          "NumberOfResources": 20,
          "Elaps": {
            "Formatted": "645 sec (00:10:45)",
            "RawSec": "645"
          }
        }
      },
      {
        "ECLWatchAnnotation": {
          "Result": "Done",
          "Elaps": {
            "Formatted": "65 sec (00:01:05)",
            "RawSec": "65"
          }
        }
      },
      {
        "Setup": {
          "Result": "PASSED",
          "hthor": {
            "Elaps": {
              "Formatted": "0 sec (00:00:00)",
              "RawSec": "0"
            },
            "Total": 0,
            "Pass": 0,
            "Fail": 0,
            "Result": "N/A"
          },
          "thor": {
            "Elaps": {
              "Formatted": "65 sec (00:01:05)",
              "RawSec": "65"
            },
            "Total": 9,
            "Pass": 9,
            "Fail": 0,
            "Result": "PASSED"
          },
          "roxie": {
            "Elaps": {
              "Formatted": "117 sec (00:01:57)",
              "RawSec": "117"
            },
            "Total": 24,
            "Pass": 24,
            "Fail": 0,
            "Result": "PASSED"
          }
        }
      },
      {
        "PublishQueries": {
          "Result": "Done",
          "Total": 0,
          "Elaps": {
            "Formatted": "0 sec (00:00:00)",
            "RawSec": "0"
          }
        }
      },
      {
        "Regress": {
          "Result": "FAILED",
          "Hthor": {
            "Result": "FAILED",
            "Elaps": {
              "Formatted": "66 sec (00:01:06)",
              "RawSec": "66"
            },
            "Total": 18,
            "Pass": 17,
            "Fail": 1
          },
          "Thor": {
            "Result": "FAILED",
            "Elaps": {
              "Formatted": "59 sec (00:00:59)",
              "RawSec": "59"
            },
            "Total": 15,
            "Pass": 13,
            "Fail": 2
          },
          "Roxie": {
            "Result": "FAILED",
            "Elaps": {
              "Formatted": "129 sec (00:02:09)",
              "RawSec": "129"
            },
            "Total": 31,
            "Pass": 20,
            "Fail": 11
          }
        }
      },
      {
        "CollectTimings": {
          "Result": "Done",
          "Elaps": {
            "Formatted": "36 sec (00:00:36).",
            "RawSec": "36"
          }
        }
      },
      {
        "CollectPODLogs": {
          "Result": "Done",
          "Elaps": {
            "Formatted": "267 sec (00:04:27).",
            "RawSec": "267"
          }
        }
      },
      {
        "DestroyAKS": {
          "Result": "Done (retCode: 0)",
          "NumberOfResources": 20,
          "Elaps": {
            "Formatted": "513 sec (00:08:33)",
            "RawSec": "513"
          }
        }
      },
      {
        "DestroyStorage": {
          "Result": "",
          "NumberOfResources": 0,
          "Elaps": {
            "Formatted": "",
            "RawSec": ""
          }
        }
      },
      {
        "DestroyVirtualNetwork": {
          "Result": "",
          "NumberOfResources": 0,
          "Elaps": {
            "Formatted": "",
            "RawSec": ""
          }
        }
      },
      {
        "RunLogProcessor": {
          "Result": "Done",
          "Elaps": {
            "Formatted": "4 sec (00:00:04).",
            "RawSec": "4"
          }
        }
      }
    ],
    "Errors": [
      {
        "HthorRegress": [
          "[Failure]   3. Fail cryptoplugin_pke_lfn.ecl - W20250128-112126 (6 sec)"
        ]
      },
      {
        "ThorRegress": [
          "[Failure]   2. Fail cryptoplugin_pke_lfn.ecl - W20250128-112224 (6 sec)",
          "[Failure]   3. Fail external.ecl - W20250128-112232 (6 sec)"
        ]
      },
      {
        "RoxieRegress": [
          "[Failure]   2. Fail cryptoplugin_pke_lfn.ecl - W20250128-112324 (7 sec)",
          "[Failure]   3. Fail external.ecl - W20250128-112333 (8 sec)",
          "[Failure]   7. Fail javalibrary.ecl - W20250128-112349 (7 sec)",
          "[Failure]   9. Fail library2.ecl - W20250128-112356 (6 sec)",
          "[Failure]  10. Fail library2a.ecl - W20250128-112400 (6 sec)",
          "[Failure]  11. Fail library3.ecl - W20250128-112404 (6 sec)",
          "[Failure]  12. Fail library4.ecl - W20250128-112407 (6 sec)",
          "[Failure]  13. Fail library5.ecl - W20250128-112412 (7 sec)",
          "[Failure]  14. Fail library6.ecl - W20250128-112415 (7 sec)",
          "[Failure]  15. Fail library7.ecl - W20250128-112420 (7 sec)",
          "[Failure]  17. Fail libraryjava.ecl - W20250128-112428 (7 sec)"
        ]
      }
    ]
  }
}
