{
  "OBTResult": {
    "Env": {
      "BuildSystem": "Ubuntu_22_04_5_LTS",
      "Hardware": "CPU/Cores: 8, RAM: 16 GB",
      "IPAddress": "192.168.1.54"
    },
    "Remote": {
      "System": "AKS",
      "VmSize": "Standard_D16s_v4",
      "Hardware": "CPU/Cores: 16, RAM: 64 GB",
      "HthorConfig": {
        "Replicas": "3",
        "MaxActive": "4",
        "UseChildProcesses": "true",
        "AllowedPipePrograms": "*"
      },
      "ThorConfig": {
        "NumWorkers": "2",
        "MaxJobs": "4",
        "MaxGraph": "2",
        "MultiJobLinger": "true",
        "LingerPeriod": "200",
        "AllowedPipePrograms": "*"
      },
      "RoxieWorkunitConfig": {
        "Replicas": "1",
        "MaxActive": "20",
        "UseChildProcesses": "true",
        "AllowedPipePrograms": "*"
      }
    },
    "BuildSet": {
      "Branch": "community_9.8.48-rc2",
      "BranchDate": "N/A",
      "BranchSHA": "N/A",
      "BuildType": "Release",
      "Target": "K8s"
    },
    "Exclusion": {
      "Build": "N/A",
      "Documentation": "N/A",
      "Unittest": "N/A",
      "MLtest": "N/A",
      "Regression": "--ef pipefail.ecl -e embedded-r,embedded-js,3rdpartyservice,mongodb,spray"
    },
    "Tasks": [
      {
        "UpdateHelmRepo": {
          "Result": "Done",
          "Elaps": {
            "Formatted": "5 sec (00:00:05)",
            "RawSec": "5"
          }
        }
      },
      {
        "UpgradeTerraform": {
          "Result": "Done",
          "Version": "Terraform v1.10.4",
          "Elaps": {
            "Formatted": "46 sec (00:00:46)",
            "RawSec": "46"
          }
        }
      },
      {
        "CreateVirtualNetwork": {
          "Result": "Done (retCode: 0)",
          "NumberOfResources": 11,
          "Elaps": {
            "Formatted": "120 sec (00:02:00)",
            "RawSec": "120"
          }
        }
      },
      {
        "CreateStorage": {
          "Result": "Done (retCode: 0)",
          "NumberOfResources": 16,
          "Elaps": {
            "Formatted": "114 sec (00:01:54)",
            "RawSec": "114"
          }
        }
      },
      {
        "CreateAKS": {
          "Result": "Done",
          "NumberOfResources": 20,
          "Elaps": {
            "Formatted": "479 sec (00:07:59)",
            "RawSec": "479"
          }
        }
      },
      {
        "ECLWatchAnnotation": {
          "Result": "Done",
          "Elaps": {
            "Formatted": "69 sec (00:01:09)",
            "RawSec": "69"
          }
        }
      },
      {
        "Setup": {
          "Result": "PASSED",
          "hthor": {
            "Elaps": {
              "Formatted": "0 sec (00:00:00)",
              "RawSec": "0"
            },
            "Total": 0,
            "Pass": 0,
            "Fail": 0,
            "Result": "N/A"
          },
          "thor": {
            "Elaps": {
              "Formatted": "114 sec (00:01:54)",
              "RawSec": "114"
            },
            "Total": 9,
            "Pass": 9,
            "Fail": 0,
            "Result": "PASSED"
          },
          "roxie": {
            "Elaps": {
              "Formatted": "116 sec (00:01:56)",
              "RawSec": "116"
            },
            "Total": 24,
            "Pass": 24,
            "Fail": 0,
            "Result": "PASSED"
          }
        }
      },
      {
        "PublishQueries": {
          "Result": "Done",
          "Total": 0,
          "Elaps": {
            "Formatted": "0 sec (00:00:00)",
            "RawSec": "0"
          }
        }
      },
      {
        "Regress": {
          "Result": "FAILED",
          "Hthor": {
            "Result": "FAILED",
            "Elaps": {
              "Formatted": "4193 sec (01:09:53)",
              "RawSec": "4193"
            },
            "Total": 1050,
            "Pass": 1049,
            "Fail": 1
          },
          "Thor": {
            "Result": "FAILED",
            "Elaps": {
              "Formatted": "3832 sec (01:03:52)",
              "RawSec": "3832"
            },
            "Total": 937,
            "Pass": 935,
            "Fail": 2
          },
          "Roxie": {
            "Result": "FAILED",
            "Elaps": {
              "Formatted": "5005 sec (01:23:25)",
              "RawSec": "5005"
            },
            "Total": 1124,
            "Pass": 1069,
            "Fail": 55
          }
        }
      },
      {
        "CollectTimings": {
          "Result": "Done",
          "Elaps": {
            "Formatted": "1027 sec (00:17:07).",
            "RawSec": "1027"
          }
        }
      },
      {
        "CollectPODLogs": {
          "Result": "Done",
          "Elaps": {
            "Formatted": "323 sec (00:05:23).",
            "RawSec": "323"
          }
        }
      },
      {
        "DestroyAKS": {
          "Result": "Done (retCode: 0)",
          "NumberOfResources": 20,
          "Elaps": {
            "Formatted": "477 sec (00:07:57)",
            "RawSec": "477"
          }
        }
      },
      {
        "DestroyStorage": {
          "Result": "Done (retCode: 0)",
          "NumberOfResources": 16,
          "Elaps": {
            "Formatted": "131 sec (00:02:11)",
            "RawSec": "131"
          }
        }
      },
      {
        "DestroyVirtualNetwork": {
          "Result": "Done (retCode: 0)",
          "NumberOfResources": 11,
          "Elaps": {
            "Formatted": "156 sec (00:02:36)",
            "RawSec": "156"
          }
        }
      },
      {
        "RunLogProcessor": {
          "Result": "Done",
          "Elaps": {
            "Formatted": "2 sec (00:00:02).",
            "RawSec": "2"
          }
        }
      }
    ],
    "Errors": [
      {
        "HthorRegress": [
          "[Failure] 140. Fail cryptoplugin_pke_lfn.ecl - W20250114-103340 (6 sec)"
        ]
      },
      {
        "ThorRegress": [
          "[Failure] 137. Fail cryptoplugin_pke_lfn.ecl - W20250114-114222 (6 sec)",
          "[Failure] 257. Fail external.ecl - W20250114-114902 (6 sec)"
        ]
      },
      {
        "RoxieRegress": [
          "[Failure] 151. Fail cryptoplugin_pke_lfn.ecl - W20250114-125035 (7 sec)",
          "[Failure] 284. Fail external.ecl - W20250114-125904-1 (7 sec)",
          "[Failure] 286. Fail externalplane.ecl - W20250114-125912 (7 sec)",
          "[Failure] 388. Fail indexmerge.ecl ( version: multiPart=false ) - W20250114-130617 (7 sec)",
          "[Failure] 502. Fail keyed_fetch.ecl ( version: multiPart=true, useLocal=true ) - W20250114-131455-2 (7 sec)",
          "[Failure] 574. Fail mergechild.ecl ( version: multiPart=false ) - W20250114-131957 (7 sec)",
          "[Failure] 669. Fail pullindex2.ecl ( version: multiPart=false ) - W20250114-132631 (7 sec)",
          "[Failure] 726. Fail rewrite.ecl - W20250114-133028 (7 sec)",
          "[Failure] 756. Fail serial5a.ecl - W20250114-133333 (8 sec)",
          "[Failure] 757. Fail serial5b.ecl - W20250114-133338 (7 sec)",
          "[Failure] 758. Fail serial5c.ecl - W20250114-133341 (8 sec)",
          "[Failure] 759. Fail serial6a.ecl - W20250114-133346 (7 sec)",
          "[Failure] 760. Fail serial6b.ecl - W20250114-133350 (7 sec)",
          "[Failure] 761. Fail serial6d.ecl - W20250114-133355 (8 sec)",
          "[Failure] 762. Fail serial7a.ecl - W20250114-133358 (7 sec)",
          "[Failure] 763. Fail serial7b.ecl - W20250114-133404 (7 sec)",
          "[Failure] 764. Fail serial7c.ecl - W20250114-133407 (7 sec)",
          "[Failure] 765. Fail serial7d.ecl - W20250114-133412 (7 sec)",
          "[Failure] 767. Fail serial8b.ecl - W20250114-133421 (7 sec)",
          "[Failure] 872. Fail steplimit1.ecl ( version: multiPart=false ) - W20250114-134126 (7 sec)",
          "[Failure] 874. Fail steplimit2.ecl ( version: multiPart=false ) - W20250114-134134-4 (7 sec)",
          "[Failure] 883. Fail stepping2.ecl ( version: multiPart=false ) - W20250114-134213 (7 sec)",
          "[Failure] 885. Fail stepping2.ecl ( version: multiPart=false, useTranslation=true ) - W20250114-134222 (7 sec)",
          "[Failure] 894. Fail stepping7.ecl ( version: multiPart=false ) - W20250114-134253 (7 sec)",
          "[Failure] 896. Fail stepping7a.ecl ( version: multiPart=false ) - W20250114-134301 (7 sec)",
          "[Failure] 898. Fail stepping7b.ecl ( version: multiPart=false ) - W20250114-134310-4 (7 sec)",
          "[Failure] 900. Fail stepping7c.ecl ( version: multiPart=false ) - W20250114-134318-1 (7 sec)",
          "[Failure] 902. Fail stepping7d.ecl ( version: multiPart=false ) - W20250114-134326 (7 sec)",
          "[Failure] 904. Fail stepping7e.ecl ( version: multiPart=false ) - W20250114-134335 (7 sec)",
          "[Failure] 906. Fail stepping7f.ecl ( version: multiPart=false ) - W20250114-134343 (7 sec)",
          "[Failure] 908. Fail stepping7g.ecl ( version: multiPart=false ) - W20250114-134351-5 (7 sec)",
          "[Failure] 910. Fail stepping7h.ecl ( version: multiPart=false ) - W20250114-134400 (7 sec)",
          "[Failure] 912. Fail stepping8.ecl ( version: multiPart=false ) - W20250114-134412 (7 sec)",
          "[Failure] 914. Fail stepping8a.ecl ( version: multiPart=false ) - W20250114-134420 (7 sec)",
          "[Failure] 916. Fail stepping8b.ecl ( version: multiPart=false ) - W20250114-134429 (7 sec)",
          "[Failure] 918. Fail stepping9a.ecl ( version: multiPart=false ) - W20250114-134437 (7 sec)",
          "[Failure] 920. Fail stepping9b.ecl ( version: multiPart=false ) - W20250114-134445 (7 sec)",
          "[Failure] 929. Fail stresstext.ecl ( version: multiPart=false ) - W20250114-134518 (10 sec)",
          "[Failure] 931. Fail stresstext.ecl ( version: multiPart=false, variant='default' ) - W20250114-134529 (11 sec)",
          "[Failure] 932. Fail stresstext.ecl ( version: multiPart=false, variant='inplace' ) - W20250114-134542 (11 sec)",
          "[Failure] 933. Fail stresstext.ecl ( version: multiPart=false, variant='inplace_row' ) - W20250114-134544 (11 sec)",
          "[Failure] 934. Fail stresstext.ecl ( version: multiPart=false, variant='inplace_lzw' ) - W20250114-134553 (11 sec)",
          "[Failure] 935. Fail stresstext.ecl ( version: multiPart=false, variant='inplace_lz4hc' ) - W20250114-134556 (11 sec)",
          "[Failure] 980. Fail textsearch4.ecl ( version: multiPart=false ) - W20250114-135215 (15 sec)",
          "[Failure] 1029. Fail verifytextindex.ecl ( version: multiPart=false, variant='default' ) - W20250114-135559 (7 sec)",
          "[Failure] 1030. Fail verifytextindex.ecl ( version: multiPart=false, variant='inplace' ) - W20250114-135605 (7 sec)",
          "[Failure] 1031. Fail verifytextindex.ecl ( version: multiPart=false, variant='inplace_row' ) - W20250114-135608 (7 sec)",
          "[Failure] 1032. Fail verifytextindex.ecl ( version: multiPart=false, variant='inplace_lzw' ) - W20250114-135613 (7 sec)",
          "[Failure] 1033. Fail verifytextindex.ecl ( version: multiPart=false, variant='inplace_lz4hc' ) - W20250114-135615 (7 sec)",
          "[Failure] 1081. Fail workflow_9a.ecl ( version: parallel=true ) - W20250114-135931 (8 sec)",
          "[Failure] 1080. Fail workflow_9a.ecl ( version: parallel=false ) - W20250114-135931-3 (8 sec)",
          "[Failure] 1082. Fail workflow_9b.ecl ( version: parallel=false ) - W20250114-135941 (8 sec)",
          "[Failure] 1083. Fail workflow_9b.ecl ( version: parallel=true ) - W20250114-135941-2 (8 sec)",
          "[Failure] 1085. Fail workflow_9c.ecl ( version: parallel=true ) - W20250114-135950-1 (16 sec)",
          "[Failure] 1084. Fail workflow_9c.ecl ( version: parallel=false ) - W20250114-135950 (17 sec)"
        ]
      }
    ]
  }
}
