{
  "OBTResult": {
    "Env": {
      "BuildSystem": "Ubuntu_22_04_5_LTS",
      "Hardware": "vCPU: 8, RAM: 16 GB",
      "IPAddress": "192.168.1.54"
    },
    "Remote": {
      "System": "Minikube",
      "Hardware": "CPU/Cores: 16, RAM: 64 GB",
      "HthorConfig": {
        "Replicas": "3",
        "MaxActive": "4",
        "UseChildProcesses": "true",
        "AllowedPipePrograms": "*"
      },
      "ThorConfig": {
        "NumWorkers": "2",
        "MaxJobs": "4",
        "MaxGraph": "2",
        "MultiJobLinger": "true",
        "LingerPeriod": "200",
        "AllowedPipePrograms": "*"
      },
      "RoxieWorkunitConfig": {
        "Replicas": "1",
        "MaxActive": "20",
        "UseChildProcesses": "true",
        "AllowedPipePrograms": "*"
      }
    },
    "BuildSet": {
      "Branch": "community_9.8.46-1 Gold",
      "BranchDate": "N/A",
      "BranchSHA": "N/A",
      "BuildType": "Release",
      "Target": "K8s"
    },
    "Exclusion": {
      "Build": "N/A",
      "Documentation": "N/A",
      "Unittest": "N/A",
      "MLtest": "N/A",
      "Regression": "--ef pipefail.ecl -e embedded-r,embedded-js,3rdpartyservice,mongodb,spray"
    },
    "Tasks": [
      {
        "UpdateHelmRepo": {
          "Result": "Done",
          "Elaps": {
            "Formatted": "3 sec (00:00:03)",
            "RawSec": "3"
          }
        }
      },
      {
        "CheckLocalPlatform": {
          "Result": "Done",
          "Version": "9.8.1-closedown0Debug",
          "Elaps": {
            "Formatted": "0 sec (00:00:00)",
            "RawSec": "0"
          }
        }
      },
      {
        "StartMinikube": {
          "Result": "Done",
          "Elaps": {
            "Formatted": "84 sec (00:01:24)",
            "RawSec": "84"
          }
        }
      },
      {
        "DeployHPCC": {
          "Result": "Done",
          "Elaps": {
            "Formatted": "336 sec (00:05:36)",
            "RawSec": "336"
          }
        }
      },
      {
        "WaitForPODs": {
          "Result": "Done",
          "NumberOfPODs": 29,
          "Elaps": {
            "Formatted": "140 sec (00:02:20)",
            "RawSec": "140"
          }
        }
      },
      {
        "ECLWatchAnnotation": {
          "Result": "",
          "Elaps": {
            "Formatted": "50 sec (00:00:50)",
            "RawSec": "50"
          }
        }
      },
      {
        "Setup": {
          "Result": "PASSED",
          "hthor": {
            "Elaps": {
              "Formatted": "0 sec (00:00:00)",
              "RawSec": "0"
            },
            "Total": 0,
            "Pass": 0,
            "Fail": 0,
            "Result": "N/A"
          },
          "thor": {
            "Elaps": {
              "Formatted": "359 sec (00:05:59)",
              "RawSec": "359"
            },
            "Total": 9,
            "Pass": 9,
            "Fail": 0,
            "Result": "PASSED"
          },
          "roxie": {
            "Elaps": {
              "Formatted": "418 sec (00:06:58)",
              "RawSec": "418"
            },
            "Total": 24,
            "Pass": 24,
            "Fail": 0,
            "Result": "PASSED"
          }
        }
      },
      {
        " PublishQueries": {
          "Result": "Done",
          "Total": 0,
          "Elaps": {
            "Formatted": "0 sec (00:00:00)",
            "RawSec": "0"
          }
        }
      },
      {
        "Regress": {
          "Result": "FAILED",
          "Hthor": {
            "Result": "FAILED",
            "Elaps": {
              "Formatted": "108 sec (00:01:48)",
              "RawSec": "108"
            },
            "Total": 16,
            "Pass": 14,
            "Fail": 2
          },
          "Thor": {
            "Result": "FAILED",
            "Elaps": {
              "Formatted": "146 sec (00:02:26)",
              "RawSec": "146"
            },
            "Total": 15,
            "Pass": 12,
            "Fail": 3
          },
          "Roxie": {
            "Result": "FAILED",
            "Elaps": {
              "Formatted": "165 sec (00:02:45)",
              "RawSec": "165"
            },
            "Total": 20,
            "Pass": 12,
            "Fail": 8
          }
        }
      },
      {
        "CollectTimings": {
          "Result": "Done",
          "Elaps": {
            "Formatted": "11 sec (00:00:11).",
            "RawSec": "11"
          }
        }
      },
      {
        "CollectPODLogs": {
          "Result": "Done",
          "Elaps": {
            "Formatted": "179 sec (00:02:59).",
            "RawSec": "179"
          }
        }
      },
      {
        "UninstallPODs": {
          "Result": "Done",
          "Elaps": {
            "Formatted": "457 sec (00:07:37)",
            "RawSec": "457"
          }
        }
      },
      {
        "StopMinikube": {
          "Result": "Done",
          "Elaps": {
            "Formatted": "20 sec (00:00:20).",
            "RawSec": "20"
          }
        }
      },
      {
        "RunLogProcessor": {
          "Result": "Done",
          "Elaps": {
            "Formatted": "0 sec (00:00:00).",
            "RawSec": "0"
          }
        }
      }
    ],
    "Errors": [
      {
        "HthorRegress": [
          "[Failure]   3. Fail cryptoplugin_pke_lfn.ecl - W20250109-174846 (11 sec)",
          "[Failure]  15. Fail soapcall.ecl - W20250109-174957 (16 sec)"
        ]
      },
      {
        "ThorRegress": [
          "[Failure]   2. Fail cryptoplugin_pke_lfn.ecl - W20250109-175019 (42 sec)",
          "[Failure]   3. Fail external.ecl - W20250109-175101 (12 sec)",
          "[Failure]  14. Fail soapcall.ecl - W20250109-175229 (12 sec)"
        ]
      },
      {
        "RoxieRegress": [
          "[Failure]   2. Fail cryptoplugin_pke_lfn.ecl - W20250109-175245 (16 sec)",
          "[Failure]   3. Fail external.ecl - W20250109-175302 (14 sec)",
          "[Failure]   4. Fail httpcall_jsonpost.ecl - W20250109-175310 (16 sec)",
          "[Failure]   6. Fail httpcall_xmlpost.ecl - W20250109-175327 (16 sec)",
          "[Failure]  19. Fail soapcall.ecl - W20250109-175500 (18 sec)"
        ]
      }
    ]
  }
}
