{
  "OBTResult": {
    "Env": {
      "BuildSystem": "Ubuntu_22_04_5_LTS",
      "Hardware": "CPU/Cores: 8, RAM: 16 GB",
      "IPAddress": "192.168.1.54"
    },
    "Remote": {
      "System": "AKS",
      "VmSize": "Standard_D16s_v4",
      "Hardware": "CPU/Cores: 16, RAM: 64 GB",
      "HthorConfig": {
        "Replicas": "3",
        "MaxActive": "4",
        "UseChildProcesses": "true",
        "AllowedPipePrograms": "*"
      },
      "ThorConfig": {
        "NumWorkers": "2",
        "MaxJobs": "4",
        "MaxGraph": "2",
        "MultiJobLinger": "true",
        "LingerPeriod": "200",
        "AllowedPipePrograms": "*"
      },
      "RoxieWorkunitConfig": {
        "Replicas": "1",
        "MaxActive": "20",
        "UseChildProcesses": "true",
        "AllowedPipePrograms": "*"
      }
    },
    "BuildSet": {
      "Branch": "community_9.10.0-rc4",
      "BranchDate": "N/A",
      "BranchSHA": "N/A",
      "BuildType": "Release",
      "Target": "K8s"
    },
    "Exclusion": {
      "Build": "N/A",
      "Documentation": "N/A",
      "Unittest": "N/A",
      "MLtest": "N/A",
      "Regression": "--ef pipefail.ecl -e embedded-r,embedded-js,3rdpartyservice,mongodb,spray"
    },
    "Tasks": [
      {
        "UpdateHelmRepo": {
          "Result": "Done",
          "Elaps": {
            "Formatted": "3 sec (00:00:03)",
            "RawSec": "3"
          }
        }
      },
      {
        "UpgradeTerraform": {
          "Result": "Done",
          "Version": "Terraform v1.10.5",
          "Elaps": {
            "Formatted": "11 sec (00:00:11)",
            "RawSec": "11"
          }
        }
      },
      {
        "CreateVirtualNetwork": {
          "Result": "Done (retCode: 0)",
          "NumberOfResources": 11,
          "Elaps": {
            "Formatted": "92 sec (00:01:32)",
            "RawSec": "92"
          }
        }
      },
      {
        "CreateStorage": {
          "Result": "Done (retCode: 0)",
          "NumberOfResources": 16,
          "Elaps": {
            "Formatted": "96 sec (00:01:36)",
            "RawSec": "96"
          }
        }
      },
      {
        "CreateAKS": {
          "Result": "Failed",
          "NumberOfResources": 0,
          "Elaps": {
            "Formatted": "1620 sec (00:27:00)",
            "RawSec": "1620"
          }
        }
      },
      {
        "ECLWatchAnnotation": {
          "Result": "Skipped based on error in deploy AKS.",
          "Elaps": {
            "Formatted": "",
            "RawSec": ""
          }
        }
      },
      {
        "Setup": {
          "Result": "Skipped based on error in deploy AKS.",
          "hthor": {
            "Elaps": {
              "Formatted": "0 sec (00:00:00)",
              "RawSec": "0"
            },
            "Total": 0,
            "Pass": 0,
            "Fail": 0,
            "Result": "N/A"
          },
          "thor": {
            "Elaps": {
              "Formatted": "",
              "RawSec": ""
            },
            "Total": 0,
            "Pass": 0,
            "Fail": 0,
            "Result": ""
          },
          "roxie": {
            "Elaps": {
              "Formatted": "",
              "RawSec": ""
            },
            "Total": 0,
            "Pass": 0,
            "Fail": 0,
            "Result": ""
          }
        }
      },
      {
        "PublishQueries": {
          "Result": "Skipped based on error in deploy AKS.",
          "Total": 0,
          "Elaps": {
            "Formatted": "",
            "RawSec": ""
          }
        }
      },
      {
        "Regress": {
          "Result": "Skipped based on error in deploy AKS.",
          "Hthor": {
            "Result": "",
            "Elaps": {
              "Formatted": "",
              "RawSec": ""
            },
            "Total": 0,
            "Pass": 0,
            "Fail": 0
          },
          "Thor": {
            "Result": "",
            "Elaps": {
              "Formatted": "",
              "RawSec": ""
            },
            "Total": 0,
            "Pass": 0,
            "Fail": 0
          },
          "Roxie": {
            "Result": "",
            "Elaps": {
              "Formatted": "",
              "RawSec": ""
            },
            "Total": 0,
            "Pass": 0,
            "Fail": 0
          }
        }
      },
      {
        "CollectTimings": {
          "Result": "",
          "Elaps": {
            "Formatted": "",
            "RawSec": ""
          }
        }
      },
      {
        "CollectPODLogs": {
          "Result": "Done",
          "Elaps": {
            "Formatted": "12 sec (00:00:12).",
            "RawSec": "12"
          }
        }
      },
      {
        "DestroyAKS": {
          "Result": "Done (retCode: 0)",
          "NumberOfResources": 17,
          "Elaps": {
            "Formatted": "532 sec (00:08:52)",
            "RawSec": "532"
          }
        }
      },
      {
        "DestroyStorage": {
          "Result": "Done (retCode: 0)",
          "NumberOfResources": 16,
          "Elaps": {
            "Formatted": "125 sec (00:02:05)",
            "RawSec": "125"
          }
        }
      },
      {
        "DestroyVirtualNetwork": {
          "Result": "Done (retCode: 0)",
          "NumberOfResources": 11,
          "Elaps": {
            "Formatted": "153 sec (00:02:33)",
            "RawSec": "153"
          }
        }
      },
      {
        "RunLogProcessor": {
          "Result": "",
          "Elaps": {
            "Formatted": "",
            "RawSec": ""
          }
        }
      }
    ],
    "Errors": []
  }
}
