{
  "OBTResult": {
    "Env": {
      "BuildSystem": "Ubuntu_22_04_5_LTS",
      "Hardware": "CPU/Cores: 8, RAM: 16 GB",
      "IPAddress": "192.168.1.54"
    },
    "Remote": {
      "System": "AKS",
      "VmSize": "Standard_D16s_v4",
      "Hardware": "CPU/Cores: 16, RAM: 64 GB",
      "HthorConfig": {
        "Replicas": "3",
        "MaxActive": "4",
        "UseChildProcesses": "true",
        "AllowedPipePrograms": "*"
      },
      "ThorConfig": {
        "NumWorkers": "2",
        "MaxJobs": "4",
        "MaxGraph": "2",
        "MultiJobLinger": "true",
        "LingerPeriod": "200",
        "AllowedPipePrograms": "*"
      },
      "RoxieWorkunitConfig": {
        "Replicas": "1",
        "MaxActive": "20",
        "UseChildProcesses": "true",
        "AllowedPipePrograms": "*"
      }
    },
    "BuildSet": {
      "Branch": "community_9.8.48-rc2",
      "BranchDate": "N/A",
      "BranchSHA": "N/A",
      "BuildType": "Release",
      "Target": "K8s"
    },
    "Exclusion": {
      "Build": "N/A",
      "Documentation": "N/A",
      "Unittest": "N/A",
      "MLtest": "N/A",
      "Regression": "--ef pipefail.ecl -e embedded-r,embedded-js,3rdpartyservice,mongodb,spray"
    },
    "Tasks": [
      {
        "UpdateHelmRepo": {
          "Result": "Done",
          "Elaps": {
            "Formatted": "2 sec (00:00:02)",
            "RawSec": "2"
          }
        }
      },
      {
        "UpgradeTerraform": {
          "Result": "Done",
          "Version": "Terraform v1.10.5",
          "Elaps": {
            "Formatted": "11 sec (00:00:11)",
            "RawSec": "11"
          }
        }
      },
      {
        "CreateVirtualNetwork": {
          "Result": "Resource already deployed.",
          "NumberOfResources": 0,
          "Elaps": {
            "Formatted": "",
            "RawSec": ""
          }
        }
      },
      {
        "CreateStorage": {
          "Result": "Resource already deployed.",
          "NumberOfResources": 0,
          "Elaps": {
            "Formatted": "",
            "RawSec": ""
          }
        }
      },
      {
        "CreateAKS": {
          "Result": "Done",
          "NumberOfResources": 20,
          "Elaps": {
            "Formatted": "505 sec (00:08:25)",
            "RawSec": "505"
          }
        }
      },
      {
        "ECLWatchAnnotation": {
          "Result": "Done",
          "Elaps": {
            "Formatted": "66 sec (00:01:06)",
            "RawSec": "66"
          }
        }
      },
      {
        "Setup": {
          "Result": "FAILED",
          "hthor": {
            "Elaps": {
              "Formatted": "0 sec (00:00:00)",
              "RawSec": "0"
            },
            "Total": 0,
            "Pass": 0,
            "Fail": 0,
            "Result": "N/A"
          },
          "thor": {
            "Elaps": {
              "Formatted": "66 sec (00:01:06)",
              "RawSec": "66"
            },
            "Total": 9,
            "Pass": 8,
            "Fail": 1,
            "Result": "FAILED"
          },
          "roxie": {
            "Elaps": {
              "Formatted": "120 sec (00:02:00)",
              "RawSec": "120"
            },
            "Total": 24,
            "Pass": 24,
            "Fail": 0,
            "Result": "PASSED"
          }
        }
      },
      {
        "PublishQueries": {
          "Result": "Skipped based on setup error",
          "Total": 0,
          "Elaps": {
            "Formatted": "0 sec (00:00:00)",
            "RawSec": "0"
          }
        }
      },
      {
        "Regress": {
          "Result": "Skipped based on setup error",
          "Hthor": {
            "Result": "",
            "Elaps": {
              "Formatted": "",
              "RawSec": ""
            },
            "Total": 0,
            "Pass": 0,
            "Fail": 0
          },
          "Thor": {
            "Result": "",
            "Elaps": {
              "Formatted": "",
              "RawSec": ""
            },
            "Total": 0,
            "Pass": 0,
            "Fail": 0
          },
          "Roxie": {
            "Result": "",
            "Elaps": {
              "Formatted": "",
              "RawSec": ""
            },
            "Total": 0,
            "Pass": 0,
            "Fail": 0
          }
        }
      },
      {
        "CollectTimings": {
          "Result": "Done",
          "Elaps": {
            "Formatted": "45 sec (00:00:45).",
            "RawSec": "45"
          }
        }
      },
      {
        "CollectPODLogs": {
          "Result": "Done",
          "Elaps": {
            "Formatted": "293 sec (00:04:53).",
            "RawSec": "293"
          }
        }
      },
      {
        "DestroyAKS": {
          "Result": "Done (retCode: 0)",
          "NumberOfResources": 20,
          "Elaps": {
            "Formatted": "585 sec (00:09:45)",
            "RawSec": "585"
          }
        }
      },
      {
        "DestroyStorage": {
          "Result": "Skip destroying resource.",
          "NumberOfResources": 0,
          "Elaps": {
            "Formatted": "",
            "RawSec": ""
          }
        }
      },
      {
        "DestroyVirtualNetwork": {
          "Result": "Skip destroying resource.",
          "NumberOfResources": 0,
          "Elaps": {
            "Formatted": "",
            "RawSec": ""
          }
        }
      },
      {
        "RunLogProcessor": {
          "Result": "Done",
          "Elaps": {
            "Formatted": "0 sec (00:00:00).",
            "RawSec": "0"
          }
        }
      }
    ],
    "Errors": [
      {
        "ThorSetup": [
          "[Failure]   6. Fail setupsearchindex.ecl - W20250128-120516 (39 sec)"
        ]
      }
    ]
  }
}
