{
  "OBTResult": {
    "Env": {
      "BuildSystem": "Ubuntu_22_04_5_LTS",
      "Hardware": "vCPU: 8, RAM: 16 GB",
      "IPAddress": "192.168.1.54"
    },
    "Remote": {
      "System": "Minikube",
      "Hardware": "CPU/Cores: 16, RAM: 64 GB",
      "HthorConfig": {
        "Replicas": "3",
        "MaxActive": "4",
        "UseChildProcesses": "true",
        "AllowedPipePrograms": "*"
      },
      "ThorConfig": {
        "NumWorkers": "2",
        "MaxJobs": "4",
        "MaxGraph": "2",
        "MultiJobLinger": "true",
        "LingerPeriod": "200",
        "AllowedPipePrograms": "*"
      },
      "RoxieWorkunitConfig": {
        "Replicas": "1",
        "MaxActive": "20",
        "UseChildProcesses": "true",
        "AllowedPipePrograms": "*"
      }
    },
    "BuildSet": {
      "Branch": "community_9.8.48-rc1",
      "BranchDate": "N/A",
      "BranchSHA": "N/A",
      "BuildType": "Release",
      "Target": "K8s"
    },
    "Exclusion": {
      "Build": "N/A",
      "Documentation": "N/A",
      "Unittest": "N/A",
      "MLtest": "N/A",
      "Regression": "--ef pipefail.ecl -e embedded-r,embedded-js,3rdpartyservice,mongodb,spray"
    },
    "Tasks": [
      {
        "UpdateHelmRepo": {
          "Result": "Done",
          "Elaps": {
            "Formatted": "7 sec (00:00:07)",
            "RawSec": "7"
          }
        }
      },
      {
        "CheckLocalPlatform": {
          "Result": "Done",
          "Version": "9.8.1-closedown0Debug",
          "Elaps": {
            "Formatted": "1 sec (00:00:01)",
            "RawSec": "1"
          }
        }
      },
      {
        "StartMinikube": {
          "Result": "Done",
          "Elaps": {
            "Formatted": "79 sec (00:01:19)",
            "RawSec": "79"
          }
        }
      },
      {
        "DeployHPCC": {
          "Result": "Done",
          "Elaps": {
            "Formatted": "341 sec (00:05:41)",
            "RawSec": "341"
          }
        }
      },
      {
        "WaitForPODs": {
          "Result": "Done",
          "NumberOfPODs": 29,
          "Elaps": {
            "Formatted": "139 sec (00:02:19)",
            "RawSec": "139"
          }
        }
      },
      {
        "ECLWatchAnnotation": {
          "Result": "",
          "Elaps": {
            "Formatted": "50 sec (00:00:50)",
            "RawSec": "50"
          }
        }
      },
      {
        "Setup": {
          "Result": "PASSED",
          "hthor": {
            "Elaps": {
              "Formatted": "0 sec (00:00:00)",
              "RawSec": "0"
            },
            "Total": 0,
            "Pass": 0,
            "Fail": 0,
            "Result": "N/A"
          },
          "thor": {
            "Elaps": {
              "Formatted": "334 sec (00:05:34)",
              "RawSec": "334"
            },
            "Total": 9,
            "Pass": 9,
            "Fail": 0,
            "Result": "PASSED"
          },
          "roxie": {
            "Elaps": {
              "Formatted": "426 sec (00:07:06)",
              "RawSec": "426"
            },
            "Total": 24,
            "Pass": 24,
            "Fail": 0,
            "Result": "PASSED"
          }
        }
      },
      {
        " PublishQueries": {
          "Result": "Done",
          "Total": 0,
          "Elaps": {
            "Formatted": "0 sec (00:00:00)",
            "RawSec": "0"
          }
        }
      },
      {
        "Regress": {
          "Result": "FAILED",
          "Hthor": {
            "Result": "FAILED",
            "Elaps": {
              "Formatted": "106 sec (00:01:46)",
              "RawSec": "106"
            },
            "Total": 16,
            "Pass": 14,
            "Fail": 2
          },
          "Thor": {
            "Result": "FAILED",
            "Elaps": {
              "Formatted": "142 sec (00:02:22)",
              "RawSec": "142"
            },
            "Total": 15,
            "Pass": 12,
            "Fail": 3
          },
          "Roxie": {
            "Result": "FAILED",
            "Elaps": {
              "Formatted": "166 sec (00:02:46)",
              "RawSec": "166"
            },
            "Total": 20,
            "Pass": 17,
            "Fail": 3
          }
        }
      },
      {
        "CollectTimings": {
          "Result": "Done",
          "Elaps": {
            "Formatted": "6 sec (00:00:06).",
            "RawSec": "6"
          }
        }
      },
      {
        "CollectPODLogs": {
          "Result": "Done",
          "Elaps": {
            "Formatted": "176 sec (00:02:56).",
            "RawSec": "176"
          }
        }
      },
      {
        "UninstallPODs": {
          "Result": "Done",
          "Elaps": {
            "Formatted": "461 sec (00:07:41)",
            "RawSec": "461"
          }
        }
      },
      {
        "StopMinikube": {
          "Result": "Done",
          "Elaps": {
            "Formatted": "20 sec (00:00:20).",
            "RawSec": "20"
          }
        }
      },
      {
        "RunLogProcessor": {
          "Result": "Done",
          "Elaps": {
            "Formatted": "0 sec (00:00:00).",
            "RawSec": "0"
          }
        }
      }
    ],
    "Errors": [
      {
        "HthorRegress": [
          "[Failure]   3. Fail cryptoplugin_pke_lfn.ecl - W20250109-213115 (11 sec)",
          "[Failure]  13. Fail pipe8.ecl - W20250109-213211 (13 sec)"
        ]
      },
      {
        "ThorRegress": [
          "[Failure]   2. Fail cryptoplugin_pke_lfn.ecl - W20250109-213243 (40 sec)",
          "[Failure]   3. Fail external.ecl - W20250109-213323 (12 sec)",
          "[Failure]  12. Fail pipe8.ecl - W20250109-213425 (14 sec)"
        ]
      },
      {
        "RoxieRegress": [
          "[Failure]   2. Fail cryptoplugin_pke_lfn.ecl - W20250109-213505 (14 sec)",
          "[Failure]   3. Fail external.ecl - W20250109-213520 (14 sec)",
          "[Failure]  14. Fail pipe8.ecl - W20250109-213650 (17 sec)"
        ]
      }
    ]
  }
}
