{
  "OBTResult": {
    "Env": {
      "BuildSystem": "Ubuntu_22_04_5_LTS",
      "Hardware": "CPU/Cores: 8, RAM: 16 GB",
      "IPAddress": "192.168.1.54"
    },
    "Remote": {
      "System": "AKS",
      "VmSize": "Standard_D16s_v4",
      "Hardware": "CPU/Cores: 16, RAM: 64 GB",
      "HthorConfig": {
        "Replicas": "3",
        "MaxActive": "4",
        "UseChildProcesses": "true",
        "AllowedPipePrograms": "*"
      },
      "ThorConfig": {
        "NumWorkers": "2",
        "MaxJobs": "4",
        "MaxGraph": "2",
        "MultiJobLinger": "true",
        "LingerPeriod": "200",
        "AllowedPipePrograms": "*"
      },
      "RoxieWorkunitConfig": {
        "Replicas": "1",
        "MaxActive": "20",
        "UseChildProcesses": "true",
        "AllowedPipePrograms": "*"
      }
    },
    "BuildSet": {
      "Branch": "community_9.10.2-rc1",
      "BranchDate": "N/A",
      "BranchSHA": "N/A",
      "BuildType": "Release",
      "Target": "K8s"
    },
    "Exclusion": {
      "Build": "N/A",
      "Documentation": "N/A",
      "Unittest": "N/A",
      "MLtest": "N/A",
      "Regression": "--ef pipefail.ecl -e embedded-r,embedded-js,3rdpartyservice,mongodb,spray"
    },
    "Tasks": [
      {
        "UpdateHelmRepo": {
          "Result": "Done",
          "Elaps": {
            "Formatted": "5 sec (00:00:05)",
            "RawSec": "5"
          }
        }
      },
      {
        "UpgradeTerraform": {
          "Result": "Done",
          "Version": "Terraform v1.10.5",
          "Elaps": {
            "Formatted": "93 sec (00:01:33)",
            "RawSec": "93"
          }
        }
      },
      {
        "CreateVirtualNetwork": {
          "Result": "Done (retCode: 0)",
          "NumberOfResources": 11,
          "Elaps": {
            "Formatted": "143 sec (00:02:23)",
            "RawSec": "143"
          }
        }
      },
      {
        "CreateStorage": {
          "Result": "Done (retCode: 0)",
          "NumberOfResources": 16,
          "Elaps": {
            "Formatted": "109 sec (00:01:49)",
            "RawSec": "109"
          }
        }
      },
      {
        "CreateAKS": {
          "Result": "Done",
          "NumberOfResources": 20,
          "Elaps": {
            "Formatted": "521 sec (00:08:41)",
            "RawSec": "521"
          }
        }
      },
      {
        "ECLWatchAnnotation": {
          "Result": "Done",
          "Elaps": {
            "Formatted": "72 sec (00:01:12)",
            "RawSec": "72"
          }
        }
      },
      {
        "Setup": {
          "Result": "PASSED",
          "hthor": {
            "Elaps": {
              "Formatted": "0 sec (00:00:00)",
              "RawSec": "0"
            },
            "Total": 0,
            "Pass": 0,
            "Fail": 0,
            "Result": "N/A"
          },
          "thor": {
            "Elaps": {
              "Formatted": "87 sec (00:01:27)",
              "RawSec": "87"
            },
            "Total": 9,
            "Pass": 9,
            "Fail": 0,
            "Result": "PASSED"
          },
          "roxie": {
            "Elaps": {
              "Formatted": "115 sec (00:01:55)",
              "RawSec": "115"
            },
            "Total": 24,
            "Pass": 24,
            "Fail": 0,
            "Result": "PASSED"
          }
        }
      },
      {
        "PublishQueries": {
          "Result": "Done",
          "Total": 0,
          "Elaps": {
            "Formatted": "0 sec (00:00:00)",
            "RawSec": "0"
          }
        }
      },
      {
        "Regress": {
          "Result": "FAILED",
          "Hthor": {
            "Result": "FAILED",
            "Elaps": {
              "Formatted": "4194 sec (01:09:54)",
              "RawSec": "4194"
            },
            "Total": 1070,
            "Pass": 1069,
            "Fail": 1
          },
          "Thor": {
            "Result": "FAILED",
            "Elaps": {
              "Formatted": "3724 sec (01:02:04)",
              "RawSec": "3724"
            },
            "Total": 945,
            "Pass": 943,
            "Fail": 2
          },
          "Roxie": {
            "Result": "FAILED",
            "Elaps": {
              "Formatted": "4993 sec (01:23:13)",
              "RawSec": "4993"
            },
            "Total": 1141,
            "Pass": 1099,
            "Fail": 42
          }
        }
      },
      {
        "CollectTimings": {
          "Result": "Done",
          "Elaps": {
            "Formatted": "1017 sec (00:16:57).",
            "RawSec": "1017"
          }
        }
      },
      {
        "CollectPODLogs": {
          "Result": "Done",
          "Elaps": {
            "Formatted": "359 sec (00:05:59).",
            "RawSec": "359"
          }
        }
      },
      {
        "DestroyAKS": {
          "Result": "Done (retCode: 0)",
          "NumberOfResources": 20,
          "Elaps": {
            "Formatted": "532 sec (00:08:52)",
            "RawSec": "532"
          }
        }
      },
      {
        "DestroyStorage": {
          "Result": "Done (retCode: 0)",
          "NumberOfResources": 16,
          "Elaps": {
            "Formatted": "125 sec (00:02:05)",
            "RawSec": "125"
          }
        }
      },
      {
        "DestroyVirtualNetwork": {
          "Result": "Done (retCode: 0)",
          "NumberOfResources": 11,
          "Elaps": {
            "Formatted": "148 sec (00:02:28)",
            "RawSec": "148"
          }
        }
      },
      {
        "RunLogProcessor": {
          "Result": "Done",
          "Elaps": {
            "Formatted": "0 sec (00:00:00).",
            "RawSec": "0"
          }
        }
      }
    ],
    "Errors": [
      {
        "HthorRegress": [
          "[Failure] 140. Fail cryptoplugin_pke_lfn.ecl - W20250131-104021 (6 sec)"
        ]
      },
      {
        "ThorRegress": [
          "[Failure] 137. Fail cryptoplugin_pke_lfn.ecl - W20250131-114924-4 (6 sec)",
          "[Failure] 258. Fail external.ecl - W20250131-115605 (6 sec)"
        ]
      },
      {
        "RoxieRegress": [
          "[Failure] 151. Fail cryptoplugin_pke_lfn.ecl - W20250131-125536-3 (7 sec)",
          "[Failure] 285. Fail external.ecl - W20250131-130401 (7 sec)",
          "[Failure] 287. Fail externalplane.ecl - W20250131-130409 (7 sec)",
          "[Failure] 389. Fail indexmerge.ecl ( version: multiPart=false ) - W20250131-131102 (8 sec)",
          "[Failure] 575. Fail mergechild.ecl ( version: multiPart=false ) - W20250131-132422 (7 sec)",
          "[Failure] 671. Fail pullindex2.ecl ( version: multiPart=false ) - W20250131-133050 (7 sec)",
          "[Failure] 729. Fail rewrite.ecl - W20250131-133446 (7 sec)",
          "[Failure] 880. Fail steplimit1.ecl ( version: multiPart=false ) - W20250131-134534-2 (7 sec)",
          "[Failure] 882. Fail steplimit2.ecl ( version: multiPart=false ) - W20250131-134543 (7 sec)",
          "[Failure] 902. Fail stepping7.ecl ( version: multiPart=false ) - W20250131-134701 (7 sec)",
          "[Failure] 904. Fail stepping7a.ecl ( version: multiPart=false ) - W20250131-134709 (7 sec)",
          "[Failure] 906. Fail stepping7b.ecl ( version: multiPart=false ) - W20250131-134718 (7 sec)",
          "[Failure] 908. Fail stepping7c.ecl ( version: multiPart=false ) - W20250131-134726 (7 sec)",
          "[Failure] 910. Fail stepping7d.ecl ( version: multiPart=false ) - W20250131-134735 (7 sec)",
          "[Failure] 912. Fail stepping7e.ecl ( version: multiPart=false ) - W20250131-134743-4 (7 sec)",
          "[Failure] 914. Fail stepping7f.ecl ( version: multiPart=false ) - W20250131-134752 (7 sec)",
          "[Failure] 916. Fail stepping7g.ecl ( version: multiPart=false ) - W20250131-134800 (7 sec)",
          "[Failure] 918. Fail stepping7h.ecl ( version: multiPart=false ) - W20250131-134809 (7 sec)",
          "[Failure] 920. Fail stepping8.ecl ( version: multiPart=false ) - W20250131-134817 (7 sec)",
          "[Failure] 922. Fail stepping8a.ecl ( version: multiPart=false ) - W20250131-134826 (7 sec)",
          "[Failure] 924. Fail stepping8b.ecl ( version: multiPart=false ) - W20250131-134834 (7 sec)",
          "[Failure] 926. Fail stepping9a.ecl ( version: multiPart=false ) - W20250131-134843-1 (7 sec)",
          "[Failure] 928. Fail stepping9b.ecl ( version: multiPart=false ) - W20250131-134851-3 (7 sec)",
          "[Failure] 937. Fail stresstext.ecl ( version: multiPart=false ) - W20250131-134922-4 (10 sec)",
          "[Failure] 939. Fail stresstext.ecl ( version: multiPart=false, variant='default' ) - W20250131-134934 (10 sec)",
          "[Failure] 940. Fail stresstext.ecl ( version: multiPart=false, variant='inplace' ) - W20250131-134944 (10 sec)",
          "[Failure] 941. Fail stresstext.ecl ( version: multiPart=false, variant='inplace_row' ) - W20250131-134945 (10 sec)",
          "[Failure] 942. Fail stresstext.ecl ( version: multiPart=false, variant='inplace_lzw' ) - W20250131-134957 (11 sec)",
          "[Failure] 943. Fail stresstext.ecl ( version: multiPart=false, variant='inplace_lz4hc' ) - W20250131-134957-5 (11 sec)",
          "[Failure] 944. Fail stresstext_if.ecl ( version: multiPart=false ) - W20250131-135009 (8 sec)",
          "[Failure] 997. Fail textsearch4.ecl ( version: multiPart=false ) - W20250131-135659 (15 sec)",
          "[Failure] 1047. Fail verifytextindex.ecl ( version: multiPart=false, variant='inplace' ) - W20250131-140048-5 (7 sec)",
          "[Failure] 1046. Fail verifytextindex.ecl ( version: multiPart=false, variant='default' ) - W20250131-140048 (8 sec)",
          "[Failure] 1048. Fail verifytextindex.ecl ( version: multiPart=false, variant='inplace_row' ) - W20250131-140057 (8 sec)",
          "[Failure] 1049. Fail verifytextindex.ecl ( version: multiPart=false, variant='inplace_lzw' ) - W20250131-140057-5 (8 sec)",
          "[Failure] 1050. Fail verifytextindex.ecl ( version: multiPart=false, variant='inplace_lz4hc' ) - W20250131-140106 (8 sec)",
          "[Failure] 1097. Fail workflow_9a.ecl ( version: parallel=false ) - W20250131-140417 (8 sec)",
          "[Failure] 1098. Fail workflow_9a.ecl ( version: parallel=true ) - W20250131-140417-2 (8 sec)",
          "[Failure] 1099. Fail workflow_9b.ecl ( version: parallel=false ) - W20250131-140427 (8 sec)",
          "[Failure] 1100. Fail workflow_9b.ecl ( version: parallel=true ) - W20250131-140427-5 (8 sec)",
          "[Failure] 1101. Fail workflow_9c.ecl ( version: parallel=false ) - W20250131-140437-3 (32 sec)",
          "[Failure] 1102. Fail workflow_9c.ecl ( version: parallel=true ) - W20250131-140437 (33 sec)"
        ]
      }
    ]
  }
}
