{
  "OBTResult": {
    "Env": {
      "BuildSystem": "Ubuntu_22_04_5_LTS",
      "Hardware": "CPU/Cores: 8, RAM: 16 GB",
      "IPAddress": "192.168.1.54"
    },
    "Remote": {
      "System": "AKS",
      "VmSize": "Standard_D16s_v4",
      "Hardware": "CPU/Cores: 16, RAM: 64 GB",
      "HthorConfig": {
        "Replicas": "3",
        "MaxActive": "4",
        "UseChildProcesses": "true",
        "AllowedPipePrograms": "*"
      },
      "ThorConfig": {
        "NumWorkers": "2",
        "MaxJobs": "4",
        "MaxGraph": "2",
        "MultiJobLinger": "true",
        "LingerPeriod": "200",
        "AllowedPipePrograms": "*"
      },
      "RoxieWorkunitConfig": {
        "Replicas": "1",
        "MaxActive": "20",
        "UseChildProcesses": "true",
        "AllowedPipePrograms": "*"
      }
    },
    "BuildSet": {
      "Branch": "community_9.8.48-rc2",
      "BranchDate": "N/A",
      "BranchSHA": "N/A",
      "BuildType": "Release",
      "Target": "K8s"
    },
    "Exclusion": {
      "Build": "N/A",
      "Documentation": "N/A",
      "Unittest": "N/A",
      "MLtest": "N/A",
      "Regression": "--ef pipefail.ecl -e embedded-r,embedded-js,3rdpartyservice,mongodb,spray"
    },
    "Tasks": [
      {
        "UpdateHelmRepo": {
          "Result": "Done",
          "Elaps": {
            "Formatted": "3 sec (00:00:03)",
            "RawSec": "3"
          }
        }
      },
      {
        "UpgradeTerraform": {
          "Result": "Done",
          "Version": "Terraform v1.10.5",
          "Elaps": {
            "Formatted": "11 sec (00:00:11)",
            "RawSec": "11"
          }
        }
      },
      {
        "CreateVirtualNetwork": {
          "Result": "Done (retCode: 0)",
          "NumberOfResources": 11,
          "Elaps": {
            "Formatted": "85 sec (00:01:25)",
            "RawSec": "85"
          }
        }
      },
      {
        "CreateStorage": {
          "Result": "Done (retCode: 0)",
          "NumberOfResources": 16,
          "Elaps": {
            "Formatted": "91 sec (00:01:31)",
            "RawSec": "91"
          }
        }
      },
      {
        "CreateAKS": {
          "Result": "Done",
          "NumberOfResources": 20,
          "Elaps": {
            "Formatted": "470 sec (00:07:50)",
            "RawSec": "470"
          }
        }
      },
      {
        "ECLWatchAnnotation": {
          "Result": "Done",
          "Elaps": {
            "Formatted": "66 sec (00:01:06)",
            "RawSec": "66"
          }
        }
      },
      {
        "Setup": {
          "Result": "PASSED",
          "hthor": {
            "Elaps": {
              "Formatted": "0 sec (00:00:00)",
              "RawSec": "0"
            },
            "Total": 0,
            "Pass": 0,
            "Fail": 0,
            "Result": "N/A"
          },
          "thor": {
            "Elaps": {
              "Formatted": "62 sec (00:01:02)",
              "RawSec": "62"
            },
            "Total": 9,
            "Pass": 9,
            "Fail": 0,
            "Result": "PASSED"
          },
          "roxie": {
            "Elaps": {
              "Formatted": "114 sec (00:01:54)",
              "RawSec": "114"
            },
            "Total": 24,
            "Pass": 24,
            "Fail": 0,
            "Result": "PASSED"
          }
        }
      },
      {
        "PublishQueries": {
          "Result": "Done",
          "Total": 0,
          "Elaps": {
            "Formatted": "0 sec (00:00:00)",
            "RawSec": "0"
          }
        }
      },
      {
        "Regress": {
          "Result": "FAILED",
          "Hthor": {
            "Result": "FAILED",
            "Elaps": {
              "Formatted": "65 sec (00:01:05)",
              "RawSec": "65"
            },
            "Total": 18,
            "Pass": 17,
            "Fail": 1
          },
          "Thor": {
            "Result": "FAILED",
            "Elaps": {
              "Formatted": "58 sec (00:00:58)",
              "RawSec": "58"
            },
            "Total": 15,
            "Pass": 13,
            "Fail": 2
          },
          "Roxie": {
            "Result": "FAILED",
            "Elaps": {
              "Formatted": "127 sec (00:02:07)",
              "RawSec": "127"
            },
            "Total": 31,
            "Pass": 20,
            "Fail": 11
          }
        }
      },
      {
        "CollectTimings": {
          "Result": "Done",
          "Elaps": {
            "Formatted": "43 sec (00:00:43).",
            "RawSec": "43"
          }
        }
      },
      {
        "CollectPODLogs": {
          "Result": "Done",
          "Elaps": {
            "Formatted": "268 sec (00:04:28).",
            "RawSec": "268"
          }
        }
      },
      {
        "DestroyAKS": {
          "Result": "Done (retCode: 0)",
          "NumberOfResources": 20,
          "Elaps": {
            "Formatted": "505 sec (00:08:25)",
            "RawSec": "505"
          }
        }
      },
      {
        "DestroyStorage": {
          "Result": "Done (retCode: 0)",
          "NumberOfResources": 16,
          "Elaps": {
            "Formatted": "126 sec (00:02:06)",
            "RawSec": "126"
          }
        }
      },
      {
        "DestroyVirtualNetwork": {
          "Result": "Done (retCode: 0)",
          "NumberOfResources": 11,
          "Elaps": {
            "Formatted": "150 sec (00:02:30)",
            "RawSec": "150"
          }
        }
      },
      {
        "RunLogProcessor": {
          "Result": "Done",
          "Elaps": {
            "Formatted": "1 sec (00:00:01).",
            "RawSec": "1"
          }
        }
      }
    ],
    "Errors": [
      {
        "HthorRegress": [
          "[Failure]   3. Fail cryptoplugin_pke_lfn.ecl - W20250128-131308 (6 sec)"
        ]
      },
      {
        "ThorRegress": [
          "[Failure]   2. Fail cryptoplugin_pke_lfn.ecl - W20250128-131405 (6 sec)",
          "[Failure]   3. Fail external.ecl - W20250128-131413 (6 sec)"
        ]
      },
      {
        "RoxieRegress": [
          "[Failure]   2. Fail cryptoplugin_pke_lfn.ecl - W20250128-131504 (7 sec)",
          "[Failure]   3. Fail external.ecl - W20250128-131513 (7 sec)",
          "[Failure]   7. Fail javalibrary.ecl - W20250128-131528 (6 sec)",
          "[Failure]   9. Fail library2.ecl - W20250128-131536 (7 sec)",
          "[Failure]  10. Fail library2a.ecl - W20250128-131539 (6 sec)",
          "[Failure]  11. Fail library3.ecl - W20250128-131544 (6 sec)",
          "[Failure]  12. Fail library4.ecl - W20250128-131546 (6 sec)",
          "[Failure]  13. Fail library5.ecl - W20250128-131551 (7 sec)",
          "[Failure]  14. Fail library6.ecl - W20250128-131554 (7 sec)",
          "[Failure]  15. Fail library7.ecl - W20250128-131600 (7 sec)",
          "[Failure]  17. Fail libraryjava.ecl - W20250128-131608 (7 sec)"
        ]
      }
    ]
  }
}
