{
    "OBTResult": {
        "Env": {
            "BuildSystem": "CentOS_Linux_7",
            "Hardware": "CPU/Cores: 16, RAM: 30 GB",
            "IPAddress": "10.20.0.182 (OBT-AWS01)"
        },
        "BuildSet": {
            "Branch": "master",
            "BranchDate": "Tue Jun 24 16:38:55 2025 +0100",
            "BranchSHA": "E78E4266",
            "BuildType": "RelWithDebInfo",
            "Target": "BM/VM"
        },
        "Exclusion": {},
        "ThorConfig": {
            "Slaves": "4",
            "Channels": "1"
        },
        "Tasks": [
            {
                "Setup": {
                    "Result": "PASSED",
                    "thor": {
                        "Total": "3",
                        "Pass": "3",
                        "Fail": "0",
                        "Result": "PASSED"
                    },
                    "roxie": {
                        "Total": "5",
                        "Pass": "5",
                        "Fail": "0",
                        "Result": "PASSED"
                    }
                },
                "Performance": {
                    "Result": "FAILED",
                    "thor": {
                        "Total": "319",
                        "Pass": "316",
                        "Fail": "3",
                        "Result": "FAILED"
                    }
                }
            }
        ],
        "Errors": [
            {
                "thor": {
                    "02bl_sortvariable": {
                        "TestId": 80,
                        "Wuid": "W20250625-050710",
                        "Problem": "Aborted ",
                        "Code": "-2",
                        "Msg": " reason: Timeout and retry count exhausted! "
                    },
                    "02bm_sortlarge": {
                        "TestId": 81,
                        "Wuid": "W20250625-052711",
                        "Problem": "Aborted ",
                        "Code": "-2",
                        "Msg": " reason: Timeout and retry count exhausted! "
                    },
                    "02cd_multisort16": {
                        "TestId": 85,
                        "Wuid": "W20250625-054906",
                        "Problem": "Exception",
                        "Code": "5734",
                        "Msg": "System error: 5734: Graph graph1[1], sort[17]: Graph graph1[1], sort[17]: CSortMaster::ConnectSlaves: Could not connect to 10:20:0:182:20159, Master exception - caused by (5734, Graph graph1[1], sort[17]: CSortMaster::ConnectSlaves: Could not connect to 10:20:0:182:20159)"
                    }
                }
            }
        ]
    }
}