{
    "OBTResult": {
        "Env": {
            "BuildSystem": "CentOS_Linux_7",
            "Hardware": "CPU/Cores: 16, RAM: 30 GB",
            "IPAddress": "10.20.0.45 (OBT-AWS02)"
        },
        "BuildSet": {
            "Branch": "candidate-9.12.x",
            "BranchDate": "Fri Jun 13 15:28:50 2025 +0100",
            "BranchSHA": "659fdfab2d45cd24ba816fc485cb70530c73e048",
            "BuildType": "RelWithDebInfo",
            "Target": "BM/VM"
        },
        "Exclusion": {
            "Build": "MAKE_CASSANDRAEMBED, COUCHBASEEMBED, USE_AZURE, USE_AWS",
            "Unittest": "JlibReaderWriterTestTiming, AtomicTimingTest, AtomicTimingStressTest, RWLockStressTest",
            "MLtest": "ClassicTestModified.ecl, SVCTest.ecl",
            "Regression": "embedded-r, embedded-js, 3rdpartyservice, mongodb, python2"
        },
        "ThorConfig": {
            "Slaves": "4",
            "Channels": "1"
        },
        "Tasks": [
            {
                "Build": {
                    "Result": "PASSED",
                    "CMake": {
                        "Formatted": "12 sec (00:00:12)",
                        "RawSec": "12"
                    },
                    "Build": {
                        "Formatted": "668 sec (00:11:08)",
                        "RawSec": "668"
                    },
                    "Package": {
                        "Formatted": "393 sec (00:06:33)",
                        "RawSec": "393"
                    },
                    "Altogether": {
                        "Formatted": "1073 sec (00:17:53)",
                        "RawSec": "1073"
                    }
                }
            },
            {
                "Install": {
                    "Elaps": "No data"
                }
            },
            {
                "Unittests": {
                    "Result": "PASSED",
                    "Elaps": {
                        "Formatted": "3542 sec (00:59:02)",
                        "RawSec": "3542"
                    },
                    "Total": 444,
                    "Pass": 444,
                    "Fail": 0,
                    "Error": 0,
                    "Timeout": 0
                }
            },
            {
                "Wutooltests": {
                    "Result": "PASSED",
                    "Elaps": {
                        "Formatted": "1 sec (00:00:01)",
                        "RawSec": "1"
                    },
                    "Total": 19,
                    "Pass": 19,
                    "Fail": 0,
                    "Error": 0,
                    "Timeout": 0
                }
            },
            {
                "MLtests": {
                    "Result": "PASSED",
                    "DBSCAN": {
                        "Elaps": {
                            "Formatted": "11 sec  (00:00:11)",
                            "RawSec": "11"
                        },
                        "Total": 2,
                        "Pass": 2,
                        "Fail": 0,
                        "Result": "PASSED"
                    },
                    "GLM": {
                        "Elaps": {
                            "Formatted": "66 sec  (00:01:06)",
                            "RawSec": "66"
                        },
                        "Total": 7,
                        "Pass": 7,
                        "Fail": 0,
                        "Result": "PASSED"
                    },
                    "GNN": {
                        "Elaps": {
                            "Formatted": "70 sec  (00:01:10)",
                            "RawSec": "70"
                        },
                        "Total": 4,
                        "Pass": 4,
                        "Fail": 0,
                        "Result": "PASSED"
                    },
                    "KMeans": {
                        "Elaps": {
                            "Formatted": "5 sec  (00:00:05)",
                            "RawSec": "5"
                        },
                        "Total": 1,
                        "Pass": 1,
                        "Fail": 0,
                        "Result": "PASSED"
                    },
                    "LearningTrees": {
                        "Elaps": {
                            "Formatted": "143 sec  (00:02:23)",
                            "RawSec": "143"
                        },
                        "Total": 3,
                        "Pass": 3,
                        "Fail": 0,
                        "Result": "PASSED"
                    },
                    "PBblas": {
                        "Elaps": {
                            "Formatted": "15 sec  (00:00:15)",
                            "RawSec": "15"
                        },
                        "Total": 2,
                        "Pass": 2,
                        "Fail": 0,
                        "Result": "PASSED"
                    },
                    "SupportVectorMachines": {
                        "Elaps": {
                            "Formatted": "15 sec  (00:00:15)",
                            "RawSec": "15"
                        },
                        "Total": 1,
                        "Pass": 1,
                        "Fail": 0,
                        "Result": "PASSED"
                    },
                    "TextVectors": {
                        "Elaps": {
                            "Formatted": "13 sec  (00:00:13)",
                            "RawSec": "13"
                        },
                        "Total": 5,
                        "Pass": 5,
                        "Fail": 0,
                        "Result": "PASSED"
                    }
                }
            },
            {
                "Setup": {
                    "Result": "PASSED",
                    "hthor": {
                        "Elaps": {
                            "Formatted": "41 sec  (00:00:41)",
                            "RawSec": "41"
                        },
                        "Total": 9,
                        "Pass": 9,
                        "Fail": 0,
                        "Result": "PASSED"
                    },
                    "thor": {
                        "Elaps": {
                            "Formatted": "25 sec  (00:00:25)",
                            "RawSec": "25"
                        },
                        "Total": 9,
                        "Pass": 9,
                        "Fail": 0,
                        "Result": "PASSED"
                    },
                    "roxie": {
                        "Elaps": {
                            "Formatted": "39 sec  (00:00:39)",
                            "RawSec": "39"
                        },
                        "Total": 24,
                        "Pass": 24,
                        "Fail": 0,
                        "Result": "PASSED"
                    }
                }
            },
            {
                "Regress": {
                    "Result": "PASSED",
                    "Hthor": {
                        "Result": "PASSED",
                        "Elaps": {
                            "Formatted": "455 sec  (00:07:35)",
                            "RawSec": "455"
                        },
                        "Total": 1077,
                        "Pass": 1077,
                        "Fail": 0
                    },
                    "Thor": {
                        "Result": "PASSED",
                        "Elaps": {
                            "Formatted": "775 sec  (00:12:55)",
                            "RawSec": "775"
                        },
                        "Total": 956,
                        "Pass": 956,
                        "Fail": 0
                    },
                    "Roxie": {
                        "Result": "PASSED",
                        "Elaps": {
                            "Formatted": "594 sec  (00:09:54)",
                            "RawSec": "594"
                        },
                        "Total": 1171,
                        "Pass": 1171,
                        "Fail": 0
                    }
                }
            },
            {
                "Uninstall": {
                    "Elaps": "No data"
                }
            }
        ],
        "Errors": []
    }
}