{
    "OBTResult": {
        "Env": {
            "BuildSystem": "Rocky_Linux_8_9",
            "Hardware": "CPU/Cores: 8, RAM: 15 GB",
            "IPAddress": "10.22.254.98 (OBT-AWS04)"
        },
        "BuildSet": {
            "Branch": "master",
            "BranchDate": "Thu Jun 19 16:45:37 2025 +0100",
            "BranchSHA": "24f3e02fb84e8d59e08a9a33c13a7292580aa515",
            "BuildType": "RelWithDebInfo",
            "Target": "BM/VM"
        },
        "Exclusion": {
            "Build": "MAKE_CASSANDRAEMBED, COUCHBASEEMBED, USE_AZURE, USE_AWS, WASMEMBED",
            "Documentation": "not built",
            "Unittest": "JlibReaderWriterTestTiming, AtomicTimingTest, AtomicTimingStressTest",
            "MLtest": "ClassicTestModified.ecl, SVCTest.ecl",
            "Regression": "embedded, 3rdparty, python2, wasmembed*"
        },
        "ThorConfig": {
            "Slaves": "4",
            "Channels": "1"
        },
        "Tasks": [
            {
                "Build": {
                    "Result": "PASSED",
                    "CMake": {
                        "Formatted": "2080 sec (00:34:40)",
                        "RawSec": "2080"
                    },
                    "Build": {
                        "Formatted": "829 sec (00:13:49)",
                        "RawSec": "829"
                    },
                    "Package": {
                        "Formatted": "218 sec (00:03:38)",
                        "RawSec": "218"
                    },
                    "Altogether": {
                        "Formatted": "3127 sec (00:52:07)",
                        "RawSec": "3127"
                    }
                }
            },
            {
                "Install": {
                    "Elaps": "No data"
                }
            },
            {
                "Unittests": {
                    "Result": "PASSED",
                    "Elaps": {
                        "Formatted": "3100 sec (00:51:40)",
                        "RawSec": "3100"
                    },
                    "Total": 446,
                    "Pass": 446,
                    "Fail": 0,
                    "Error": 0,
                    "Timeout": 0
                }
            },
            {
                "Wutooltests": {
                    "Result": "PASSED",
                    "Elaps": {
                        "Formatted": "1 sec (00:00:01)",
                        "RawSec": "1"
                    },
                    "Total": 19,
                    "Pass": 19,
                    "Fail": 0,
                    "Error": 0,
                    "Timeout": 0
                }
            },
            {
                "MLtests": {
                    "Result": "PASSED",
                    "DBSCAN": {
                        "Elaps": {
                            "Formatted": "9 sec  (00:00:09)",
                            "RawSec": "9"
                        },
                        "Total": 2,
                        "Pass": 2,
                        "Fail": 0,
                        "Result": "PASSED"
                    },
                    "GLM": {
                        "Elaps": {
                            "Formatted": "50 sec  (00:00:50)",
                            "RawSec": "50"
                        },
                        "Total": 7,
                        "Pass": 7,
                        "Fail": 0,
                        "Result": "PASSED"
                    },
                    "GNN": {
                        "Elaps": {
                            "Formatted": "68 sec  (00:01:08)",
                            "RawSec": "68"
                        },
                        "Total": 4,
                        "Pass": 4,
                        "Fail": 0,
                        "Result": "PASSED"
                    },
                    "KMeans": {
                        "Elaps": {
                            "Formatted": "4 sec  (00:00:04)",
                            "RawSec": "4"
                        },
                        "Total": 1,
                        "Pass": 1,
                        "Fail": 0,
                        "Result": "PASSED"
                    },
                    "LearningTrees": {
                        "Elaps": {
                            "Formatted": "164 sec  (00:02:44)",
                            "RawSec": "164"
                        },
                        "Total": 3,
                        "Pass": 3,
                        "Fail": 0,
                        "Result": "PASSED"
                    },
                    "PBblas": {
                        "Elaps": {
                            "Formatted": "12 sec  (00:00:12)",
                            "RawSec": "12"
                        },
                        "Total": 2,
                        "Pass": 2,
                        "Fail": 0,
                        "Result": "PASSED"
                    },
                    "SupportVectorMachines": {
                        "Elaps": {
                            "Formatted": "14 sec  (00:00:14)",
                            "RawSec": "14"
                        },
                        "Total": 1,
                        "Pass": 1,
                        "Fail": 0,
                        "Result": "PASSED"
                    },
                    "TextVectors": {
                        "Elaps": {
                            "Formatted": "10 sec  (00:00:10)",
                            "RawSec": "10"
                        },
                        "Total": 5,
                        "Pass": 5,
                        "Fail": 0,
                        "Result": "PASSED"
                    }
                }
            },
            {
                "Setup": {
                    "Result": "PASSED",
                    "hthor": {
                        "Elaps": {
                            "Formatted": "40 sec  (00:00:40)",
                            "RawSec": "40"
                        },
                        "Total": 9,
                        "Pass": 9,
                        "Fail": 0,
                        "Result": "PASSED"
                    },
                    "thor": {
                        "Elaps": {
                            "Formatted": "24 sec  (00:00:24)",
                            "RawSec": "24"
                        },
                        "Total": 9,
                        "Pass": 9,
                        "Fail": 0,
                        "Result": "PASSED"
                    },
                    "roxie": {
                        "Elaps": {
                            "Formatted": "39 sec  (00:00:39)",
                            "RawSec": "39"
                        },
                        "Total": 24,
                        "Pass": 24,
                        "Fail": 0,
                        "Result": "PASSED"
                    }
                }
            },
            {
                "Regress": {
                    "Result": "PASSED",
                    "Hthor": {
                        "Result": "PASSED",
                        "Elaps": {
                            "Formatted": "510 sec  (00:08:30)",
                            "RawSec": "510"
                        },
                        "Total": 1038,
                        "Pass": 1038,
                        "Fail": 0
                    },
                    "Thor": {
                        "Result": "PASSED",
                        "Elaps": {
                            "Formatted": "835 sec  (00:13:55)",
                            "RawSec": "835"
                        },
                        "Total": 921,
                        "Pass": 921,
                        "Fail": 0
                    },
                    "Roxie": {
                        "Result": "PASSED",
                        "Elaps": {
                            "Formatted": "656 sec  (00:10:56)",
                            "RawSec": "656"
                        },
                        "Total": 1130,
                        "Pass": 1130,
                        "Fail": 0
                    }
                }
            },
            {
                "Uninstall": {
                    "Elaps": "No data"
                }
            }
        ],
        "Errors": []
    }
}