{
    "OBTResult": {
        "Env": {
            "BuildSystem": "Ubuntu_22_04_5_LTS",
            "Hardware": "CPU/Cores: 8, RAM: 23 GB",
            "IPAddress": "127.0.1.1 (OBT-BM01)"
        },
        "BuildSet": {
            "Branch": "master",
            "BranchDate": "Thu May 29 17:12:43 2025 +0100",
            "BranchSHA": "F8DC7317",
            "BuildType": "RelWithDebInfo",
            "Target": "BM/VM"
        },
        "Exclusion": {},
        "ThorConfig": {
            "Slaves": "4",
            "Channels": "1"
        },
        "Tasks": [
            {
                "Setup": {
                    "Result": "PASSED",
                    "thor": {
                        "Total": "3",
                        "Pass": "3",
                        "Fail": "0",
                        "Result": "PASSED"
                    },
                    "roxie": {
                        "Total": "5",
                        "Pass": "5",
                        "Fail": "0",
                        "Result": "PASSED"
                    }
                },
                "Performance": {
                    "Result": "FAILED",
                    "thor": {
                        "Total": "319",
                        "Pass": "313",
                        "Fail": "6",
                        "Result": "FAILED"
                    }
                }
            }
        ],
        "Errors": [
            {
                "thor": {
                    "02cd_multisort16": {
                        "TestId": 85,
                        "Wuid": "W20250602-112234",
                        "Problem": "Exception",
                        "Code": "5734",
                        "Msg": "System error: 5734: Graph graph1[1], sort[15]: Graph graph1[1], sort[15]: CSortMaster::ConnectSlaves: Could not connect to 192:168:1:59:20121, Master exception - caused by (5734, Graph graph1[1], sort[15]: CSortMaster::ConnectSlaves: Could not connect to 192:168:1:59:20121)"
                    },
                    "03ca_multidistribute4": {
                        "TestId": 109,
                        "Wuid": "W20250602-113643",
                        "Problem": "Exception",
                        "Code": "5836",
                        "Msg": "System error: 5836: 5836, 5836, WORKER #3 [192:168:1:59:20140]: [5836: Row leaks detected]  : Error in jobDone : CJobManager::executeGraph"
                    },
                    "15bb_parallelsoapcallidx(persistConnection=false)": {
                        "TestId": 311,
                        "Wuid": "W20250602-154348",
                        "Problem": "Exception",
                        "Code": "4294967295",
                        "Msg": "System error: -1: Graph graph1[1], SOAP_datasetdataset[3]: WORKER #2 [192:168:1:59:20120]: &lt;Error&gt;&lt;text&gt;socket&amp;#32;not&amp;#32;opened&lt;/text&gt;&lt;url&gt;http://::9876/&lt;/url&gt;&lt;/Error&gt;,  - caused by (-1, &lt;Error&gt;&lt;text&gt;socket&amp;#32;not&amp;#32;opened&lt;/text&gt;&lt;url&gt;http://::9876/&lt;/url&gt;&lt;/Error&gt;)"
                    },
                    "15bb_parallelsoapcallidx(persistConnection=true)": {
                        "TestId": 312,
                        "Wuid": "W20250602-154352",
                        "Problem": "Exception",
                        "Code": "4294967295",
                        "Msg": "System error: -1: Graph graph1[1], SOAP_datasetdataset[3]: WORKER #3 [192:168:1:59:20140]: &lt;Error&gt;&lt;text&gt;socket&amp;#32;not&amp;#32;opened&lt;/text&gt;&lt;url&gt;http://::9876/&lt;/url&gt;&lt;/Error&gt;,  - caused by (-1, &lt;Error&gt;&lt;text&gt;socket&amp;#32;not&amp;#32;opened&lt;/text&gt;&lt;url&gt;http://::9876/&lt;/url&gt;&lt;/Error&gt;)"
                    },
                    "15bb_parallelsoapcallidx(persistConnection=false,tls=true)": {
                        "TestId": 313,
                        "Wuid": "W20250602-154354",
                        "Problem": "Exception",
                        "Code": "5",
                        "Msg": "System error: 5: Graph graph1[1], SOAP_datasetdataset[3]: WORKER #4 [192:168:1:59:20160]: &lt;Error&gt;&lt;text&gt;Input/output&amp;#32;error&amp;#10;SSL_read&amp;#32;error&amp;#32;5&amp;#32;(0)&amp;#32;-&amp;#32;error:00000005:lib(0)::reason(5)&lt;/text&gt;&lt;url&gt;https://::19876/&lt;/url&gt;&lt;/Error&gt;,  - caused by (5, &lt;Error&gt;&lt;text&gt;Input/output&amp;#32;error&amp;#10;SSL_read&amp;#32;error&amp;#32;5&amp;#32;(0)&amp;#32;-&amp;#32;error:00000005:lib(0)::reason(5)&lt;/text&gt;&lt;url&gt;https://::19876/&lt;/url&gt;&lt;/Error&gt;)"
                    },
                    "15bb_parallelsoapcallidx(persistConnection=true,tls=true)": {
                        "TestId": 314,
                        "Wuid": "W20250602-154356",
                        "Problem": "Exception",
                        "Code": "5",
                        "Msg": "System error: 5: Graph graph1[1], SOAP_datasetdataset[3]: WORKER #2 [192:168:1:59:20120]: &lt;Error&gt;&lt;text&gt;Input/output&amp;#32;error&amp;#10;SSL_read&amp;#32;error&amp;#32;5&amp;#32;(0)&amp;#32;-&amp;#32;error:00000005:lib(0)::reason(5)&lt;/text&gt;&lt;url&gt;https://::19876/&lt;/url&gt;&lt;/Error&gt;,  - caused by (5, &lt;Error&gt;&lt;text&gt;Input/output&amp;#32;error&amp;#10;SSL_read&amp;#32;error&amp;#32;5&amp;#32;(0)&amp;#32;-&amp;#32;error:00000005:lib(0)::reason(5)&lt;/text&gt;&lt;url&gt;https://::19876/&lt;/url&gt;&lt;/Error&gt;)"
                    }
                }
            }
        ]
    }
}