{
    "OBTResult": {
        "Env": {
            "BuildSystem": "CentOS_Linux_7",
            "Hardware": "CPU/Cores: 16, RAM: 30 GB",
            "IPAddress": "10.20.0.45 (OBT-AWS02)"
        },
        "BuildSet": {
            "Branch": "candidate-9.8.x",
            "BranchDate": "Thu May 29 17:18:17 2025 +0100",
            "BranchSHA": "be22624d9aa1b1adecc5b78e6426a3b26ffa3676",
            "BuildType": "RelWithDebInfo",
            "Target": "BM/VM"
        },
        "Exclusion": {
            "Build": "MAKE_CASSANDRAEMBED, COUCHBASEEMBED, USE_AZURE, USE_AWS",
            "Unittest": "JlibReaderWriterTestTiming, AtomicTimingTest, AtomicTimingStressTest, RWLockStressTest",
            "MLtest": "ClassicTestModified.ecl, SVCTest.ecl",
            "Regression": "embedded-r, embedded-js, 3rdpartyservice, mongodb, python2"
        },
        "ThorConfig": {
            "Slaves": "4",
            "Channels": "1"
        },
        "Tasks": [
            {
                "Build": {
                    "Result": "PASSED",
                    "CMake": {
                        "Formatted": "11 sec (00:00:11)",
                        "RawSec": "11"
                    },
                    "Build": {
                        "Formatted": "623 sec (00:10:23)",
                        "RawSec": "623"
                    },
                    "Package": {
                        "Formatted": "369 sec (00:06:09)",
                        "RawSec": "369"
                    },
                    "Altogether": {
                        "Formatted": "1003 sec (00:16:43)",
                        "RawSec": "1003"
                    }
                }
            },
            {
                "Install": {
                    "Elaps": "No data"
                }
            },
            {
                "Unittests": {
                    "Result": "FAILED",
                    "Elaps": {
                        "Formatted": "3336 sec (00:55:36)",
                        "RawSec": "3336"
                    },
                    "Total": 390,
                    "Pass": 389,
                    "Fail": 0,
                    "Error": 1,
                    "Timeout": 0
                }
            },
            {
                "Wutooltests": {
                    "Result": "PASSED",
                    "Elaps": {
                        "Formatted": "1 sec (00:00:01)",
                        "RawSec": "1"
                    },
                    "Total": 19,
                    "Pass": 19,
                    "Fail": 0,
                    "Error": 0,
                    "Timeout": 0
                }
            },
            {
                "MLtests": {
                    "Result": "PASSED",
                    "DBSCAN": {
                        "Elaps": {
                            "Formatted": "10 sec  (00:00:10)",
                            "RawSec": "10"
                        },
                        "Total": 2,
                        "Pass": 2,
                        "Fail": 0,
                        "Result": "PASSED"
                    },
                    "GLM": {
                        "Elaps": {
                            "Formatted": "65 sec  (00:01:05)",
                            "RawSec": "65"
                        },
                        "Total": 7,
                        "Pass": 7,
                        "Fail": 0,
                        "Result": "PASSED"
                    },
                    "GNN": {
                        "Elaps": {
                            "Formatted": "104 sec  (00:01:44)",
                            "RawSec": "104"
                        },
                        "Total": 4,
                        "Pass": 4,
                        "Fail": 0,
                        "Result": "PASSED"
                    },
                    "KMeans": {
                        "Elaps": {
                            "Formatted": "4 sec  (00:00:04)",
                            "RawSec": "4"
                        },
                        "Total": 1,
                        "Pass": 1,
                        "Fail": 0,
                        "Result": "PASSED"
                    },
                    "LearningTrees": {
                        "Elaps": {
                            "Formatted": "136 sec  (00:02:16)",
                            "RawSec": "136"
                        },
                        "Total": 3,
                        "Pass": 3,
                        "Fail": 0,
                        "Result": "PASSED"
                    },
                    "PBblas": {
                        "Elaps": {
                            "Formatted": "14 sec  (00:00:14)",
                            "RawSec": "14"
                        },
                        "Total": 2,
                        "Pass": 2,
                        "Fail": 0,
                        "Result": "PASSED"
                    },
                    "SupportVectorMachines": {
                        "Elaps": {
                            "Formatted": "14 sec  (00:00:14)",
                            "RawSec": "14"
                        },
                        "Total": 1,
                        "Pass": 1,
                        "Fail": 0,
                        "Result": "PASSED"
                    },
                    "TextVectors": {
                        "Elaps": {
                            "Formatted": "12 sec  (00:00:12)",
                            "RawSec": "12"
                        },
                        "Total": 5,
                        "Pass": 5,
                        "Fail": 0,
                        "Result": "PASSED"
                    }
                }
            },
            {
                "Setup": {
                    "Result": "PASSED",
                    "hthor": {
                        "Elaps": {
                            "Formatted": "40 sec  (00:00:40)",
                            "RawSec": "40"
                        },
                        "Total": 9,
                        "Pass": 9,
                        "Fail": 0,
                        "Result": "PASSED"
                    },
                    "thor": {
                        "Elaps": {
                            "Formatted": "24 sec  (00:00:24)",
                            "RawSec": "24"
                        },
                        "Total": 9,
                        "Pass": 9,
                        "Fail": 0,
                        "Result": "PASSED"
                    },
                    "roxie": {
                        "Elaps": {
                            "Formatted": "39 sec  (00:00:39)",
                            "RawSec": "39"
                        },
                        "Total": 24,
                        "Pass": 24,
                        "Fail": 0,
                        "Result": "PASSED"
                    }
                }
            },
            {
                "Regress": {
                    "Result": "FAILED",
                    "Hthor": {
                        "Result": "PASSED",
                        "Elaps": {
                            "Formatted": "410 sec  (00:06:50)",
                            "RawSec": "410"
                        },
                        "Total": 1052,
                        "Pass": 1052,
                        "Fail": 0
                    },
                    "Thor": {
                        "Result": "FAILED",
                        "Elaps": {
                            "Formatted": "1538 sec  (00:25:38)",
                            "RawSec": "1538"
                        },
                        "Total": 941,
                        "Pass": 940,
                        "Fail": 1
                    },
                    "Roxie": {
                        "Result": "PASSED",
                        "Elaps": {
                            "Formatted": "555 sec  (00:09:15)",
                            "RawSec": "555"
                        },
                        "Total": 1157,
                        "Pass": 1157,
                        "Fail": 0
                    }
                }
            },
            {
                "Uninstall": {
                    "Elaps": "No data"
                }
            }
        ],
        "Errors": [
            {
                "Unittests": [
                    "Run:  1   Failures: 0   Errors: 1",
                    "1) test: JlibCompressionTestsStress::test (E)",
                    "uncaught exception of unknown type"
                ]
            },
            {
                "thor": {
                    "loopthor2": {
                        "TestId": 523,
                        "Wuid": "W20250605-123331",
                        "Problem": "Aborted ",
                        "Code": "-2",
                        "Msg": " reason: Timeout "
                    }
                }
            }
        ]
    }
}