{
    "OBTResult": {
        "Env": {
            "BuildSystem": "CentOS_Linux_7",
            "Hardware": "CPU/Cores: 16, RAM: 30 GB",
            "IPAddress": "10.20.0.182 (OBT-AWS01)"
        },
        "BuildSet": {
            "Branch": "master",
            "BranchDate": "Tue Jun 10 12:14:06 2025 +0100",
            "BranchSHA": "4DF13CE3",
            "BuildType": "RelWithDebInfo",
            "Target": "BM/VM"
        },
        "Exclusion": {},
        "ThorConfig": {
            "Slaves": "4",
            "Channels": "1"
        },
        "Tasks": [
            {
                "Setup": {
                    "Result": "PASSED",
                    "thor": {
                        "Total": "3",
                        "Pass": "3",
                        "Fail": "0",
                        "Result": "PASSED"
                    },
                    "roxie": {
                        "Total": "5",
                        "Pass": "5",
                        "Fail": "0",
                        "Result": "PASSED"
                    }
                },
                "Performance": {
                    "Result": "FAILED",
                    "thor": {
                        "Total": "319",
                        "Pass": "318",
                        "Fail": "1",
                        "Result": "FAILED"
                    }
                }
            }
        ],
        "Errors": [
            {
                "thor": {
                    "02cd_multisort16": {
                        "TestId": 85,
                        "Wuid": "W20250611-051035",
                        "Problem": "Exception",
                        "Code": "5734",
                        "Msg": "System error: 5734: Graph graph1[1], sort[15]: Graph graph1[1], sort[15]: CSortMaster::ConnectSlaves: Could not connect to 10:20:0:182:20121, Master exception - caused by (5734, Graph graph1[1], sort[15]: CSortMaster::ConnectSlaves: Could not connect to 10:20:0:182:20121)"
                    }
                }
            }
        ]
    }
}