{
    "OBTResult": {
        "Env": {
            "BuildSystem": "CentOS_Linux_7",
            "Hardware": "CPU/Cores: 16, RAM: 30 GB",
            "IPAddress": "10.20.0.45 (OBT-AWS02)"
        },
        "BuildSet": {
            "Branch": "master",
            "BranchDate": "Fri Jun 6 11:57:59 2025 +0100",
            "BranchSHA": "cdabc6838a1ef0a6b01fd2154c1645cdef420b32",
            "BuildType": "Debug",
            "Target": "BM/VM"
        },
        "Exclusion": {
            "Build": "MAKE_CASSANDRAEMBED, COUCHBASEEMBED, USE_AZURE, USE_AWS",
            "Unittest": "JlibReaderWriterTestTiming, AtomicTimingTest, AtomicTimingStressTest, RWLockStressTest",
            "MLtest": "ClassicTestModified.ecl, SVCTest.ecl",
            "Regression": "embedded-r, embedded-js, 3rdpartyservice, mongodb, python2"
        },
        "ThorConfig": {
            "Slaves": "4",
            "Channels": "1"
        },
        "Tasks": [
            {
                "Build": {
                    "Result": "PASSED",
                    "CMake": {
                        "Formatted": "12 sec (00:00:12)",
                        "RawSec": "12"
                    },
                    "Build": {
                        "Formatted": "626 sec (00:10:26)",
                        "RawSec": "626"
                    },
                    "Package": {
                        "Formatted": "419 sec (00:06:59)",
                        "RawSec": "419"
                    },
                    "Altogether": {
                        "Formatted": "1057 sec (00:17:37)",
                        "RawSec": "1057"
                    }
                }
            },
            {
                "Install": {
                    "Elaps": "No data"
                }
            },
            {
                "Unittests": {
                    "Result": "FAILED",
                    "Elaps": {
                        "Formatted": "8157 sec (02:15:57)",
                        "RawSec": "8157"
                    },
                    "Total": 442,
                    "Pass": 440,
                    "Fail": 2,
                    "Error": 0,
                    "Timeout": 0
                }
            },
            {
                "Wutooltests": {
                    "Result": "PASSED",
                    "Elaps": {
                        "Formatted": "2 sec (00:00:02)",
                        "RawSec": "2"
                    },
                    "Total": 19,
                    "Pass": 19,
                    "Fail": 0,
                    "Error": 0,
                    "Timeout": 0
                }
            },
            {
                "MLtests": {
                    "Result": "PASSED",
                    "DBSCAN": {
                        "Elaps": {
                            "Formatted": "15 sec  (00:00:15)",
                            "RawSec": "15"
                        },
                        "Total": 2,
                        "Pass": 2,
                        "Fail": 0,
                        "Result": "PASSED"
                    },
                    "GLM": {
                        "Elaps": {
                            "Formatted": "96 sec  (00:01:36)",
                            "RawSec": "96"
                        },
                        "Total": 7,
                        "Pass": 7,
                        "Fail": 0,
                        "Result": "PASSED"
                    },
                    "GNN": {
                        "Elaps": {
                            "Formatted": "72 sec  (00:01:12)",
                            "RawSec": "72"
                        },
                        "Total": 4,
                        "Pass": 4,
                        "Fail": 0,
                        "Result": "PASSED"
                    },
                    "KMeans": {
                        "Elaps": {
                            "Formatted": "6 sec  (00:00:06)",
                            "RawSec": "6"
                        },
                        "Total": 1,
                        "Pass": 1,
                        "Fail": 0,
                        "Result": "PASSED"
                    },
                    "LearningTrees": {
                        "Elaps": {
                            "Formatted": "532 sec  (00:08:52)",
                            "RawSec": "532"
                        },
                        "Total": 3,
                        "Pass": 3,
                        "Fail": 0,
                        "Result": "PASSED"
                    },
                    "PBblas": {
                        "Elaps": {
                            "Formatted": "21 sec  (00:00:21)",
                            "RawSec": "21"
                        },
                        "Total": 2,
                        "Pass": 2,
                        "Fail": 0,
                        "Result": "PASSED"
                    },
                    "SupportVectorMachines": {
                        "Elaps": {
                            "Formatted": "17 sec  (00:00:17)",
                            "RawSec": "17"
                        },
                        "Total": 1,
                        "Pass": 1,
                        "Fail": 0,
                        "Result": "PASSED"
                    },
                    "TextVectors": {
                        "Elaps": {
                            "Formatted": "17 sec  (00:00:17)",
                            "RawSec": "17"
                        },
                        "Total": 5,
                        "Pass": 5,
                        "Fail": 0,
                        "Result": "PASSED"
                    }
                }
            },
            {
                "Setup": {
                    "Result": "PASSED",
                    "hthor": {
                        "Elaps": {
                            "Formatted": "171 sec  (00:02:51)",
                            "RawSec": "171"
                        },
                        "Total": 9,
                        "Pass": 9,
                        "Fail": 0,
                        "Result": "PASSED"
                    },
                    "thor": {
                        "Elaps": {
                            "Formatted": "79 sec  (00:01:19)",
                            "RawSec": "79"
                        },
                        "Total": 9,
                        "Pass": 9,
                        "Fail": 0,
                        "Result": "PASSED"
                    },
                    "roxie": {
                        "Elaps": {
                            "Formatted": "135 sec  (00:02:15)",
                            "RawSec": "135"
                        },
                        "Total": 24,
                        "Pass": 24,
                        "Fail": 0,
                        "Result": "PASSED"
                    }
                }
            },
            {
                "Regress": {
                    "Result": "PASSED",
                    "Hthor": {
                        "Result": "PASSED",
                        "Elaps": {
                            "Formatted": "885 sec  (00:14:45)",
                            "RawSec": "885"
                        },
                        "Total": 1078,
                        "Pass": 1078,
                        "Fail": 0
                    },
                    "Thor": {
                        "Result": "PASSED",
                        "Elaps": {
                            "Formatted": "2067 sec  (00:34:27)",
                            "RawSec": "2067"
                        },
                        "Total": 957,
                        "Pass": 957,
                        "Fail": 0
                    },
                    "Roxie": {
                        "Result": "PASSED",
                        "Elaps": {
                            "Formatted": "875 sec  (00:14:35)",
                            "RawSec": "875"
                        },
                        "Total": 1172,
                        "Pass": 1172,
                        "Fail": 0
                    }
                }
            },
            {
                "Uninstall": {
                    "Elaps": "No data"
                }
            }
        ],
        "Errors": [
            {
                "Unittests": [
                    "Run:  7   Failures: 2   Errors: 0",
                    "1) test: JlibStreamStressTest::testSimpleStream (F) line: 451 /home/centos/build/CE/platform/HPCC-Platform/testing/unittests/jstreamtests.cpp",
                    "- testSimple(LZ4, Rand37, 64, 64) failed: assert(nextBlockOffset == input->tell()) failed - file: jstream.cpp, line 213",
                    "2) test: JlibStreamStressTest::testThreadedWriteStream (F) line: 451 /home/centos/build/CE/platform/HPCC-Platform/testing/unittests/jstreamtests.cpp",
                    "- testThreadedWriteStream(LZ4, Rand37, 64, 64) failed: assert(nextBlockOffset == input->tell()) failed - file: jstream.cpp, line 213"
                ]
            }
        ]
    }
}