{
    "OBTResult": {
        "Env": {
            "BuildSystem": "Ubuntu_22_04_5_LTS",
            "Hardware": "CPU/Cores: 8, RAM: 23 GB",
            "IPAddress": "127.0.1.1 (OBT-BM01)"
        },
        "BuildSet": {
            "Branch": "master",
            "BranchDate": "Tue Jun 24 16:38:55 2025 +0100",
            "BranchSHA": "E78E4266",
            "BuildType": "RelWithDebInfo",
            "Target": "BM/VM"
        },
        "Exclusion": {},
        "ThorConfig": {
            "Slaves": "4",
            "Channels": "1"
        },
        "Tasks": [
            {
                "Setup": {
                    "Result": "PASSED",
                    "thor": {
                        "Total": "3",
                        "Pass": "3",
                        "Fail": "0",
                        "Result": "PASSED"
                    },
                    "roxie": {
                        "Total": "5",
                        "Pass": "5",
                        "Fail": "0",
                        "Result": "PASSED"
                    }
                },
                "Performance": {
                    "Result": "FAILED",
                    "thor": {
                        "Total": "319",
                        "Pass": "314",
                        "Fail": "5",
                        "Result": "FAILED"
                    }
                }
            }
        ],
        "Errors": [
            {
                "thor": {
                    "02bl_sortvariable": {
                        "TestId": 80,
                        "Wuid": "W20250625-114704",
                        "Problem": "Aborted ",
                        "Code": "-2",
                        "Msg": " reason: Timeout and retry count exhausted! "
                    },
                    "02bm_sortlarge": {
                        "TestId": 81,
                        "Wuid": "W20250625-122706",
                        "Problem": "Aborted ",
                        "Code": "-2",
                        "Msg": " reason: Timeout and retry count exhausted! "
                    },
                    "04aa_join1": {
                        "TestId": 112,
                        "Wuid": "W20250625-132606",
                        "Problem": "Aborted ",
                        "Code": "-2",
                        "Msg": " reason: Timeout and retry count exhausted! "
                    },
                    "04ab_join1u": {
                        "TestId": 113,
                        "Wuid": "W20250625-140608",
                        "Problem": "Aborted ",
                        "Code": "-2",
                        "Msg": " reason: Timeout and retry count exhausted! "
                    },
                    "02cd_multisort16": {
                        "TestId": 85,
                        "Wuid": "W20250625-130941",
                        "Problem": "Exception",
                        "Code": "5734",
                        "Msg": "System error: 5734: Graph graph1[1], sort[17]: Graph graph1[1], sort[17]: CSortMaster::ConnectSlaves: Could not connect to 192:168:1:59:20119, Master exception - caused by (5734, Graph graph1[1], sort[17]: CSortMaster::ConnectSlaves: Could not connect to 192:168:1:59:20119)"
                    }
                }
            }
        ]
    }
}