{
    "OBTResult": {
        "Env": {
            "BuildSystem" : "Ubuntu_22_04_5_LTS",
            "Hardware": "CPU/Cores: 8, RAM: 16 GB",
            "IPAddress": "192.168.1.54"
        },
         "Remote" : {
            "System" : "AKS",
            "VmSize" : "Standard_D16s_v4",
            "Hardware": "CPU/Cores: 16, RAM: 64 GB",
            "HthorConfig": {
                "Replicas": "3",
                "MaxActive": "4",
                "UseChildProcesses" : "true",
                "AllowedPipePrograms" : "*"
            },
            "ThorConfig":{
                "NumWorkers": "2",
                "MaxJobs": "4",
                "MaxGraph" : "2",
                "MultiJobLinger" : "true",
                "LingerPeriod" : "200",
                "AllowedPipePrograms" : "*"
            },
            "RoxieWorkunitConfig": {
                "Replicas": "1",
                "MaxActive":"20",
                "UseChildProcesses" : "true",
                "AllowedPipePrograms" : "*"
            }
        },
        "BuildSet": {
            "Branch": "community_9.12.14-rc1",
            "BranchDate": "N/A",
            "BranchSHA": "N/A",
            "BuildType": "Release",
            "Target": "K8s"
        },
        "Exclusion": {
            "Build": "N/A",
            "Documentation": "N/A",
            "Unittest": "N/A",
            "MLtest": "N/A",
            "Regression": "--ef pipefail.ecl -e embedded-r,embedded-js,3rdpartyservice,mongodb,spray,proxy"
        },
        "Tasks": [
            {
                "UpdateHelmRepo": {
                    "Result" : "Done",
                    "Elaps": {
                        "Formatted": "21 sec (00:00:21)",
                        "RawSec": "21"
                    }
                }
            },
            {
                "UpgradeTerraform": {
                    "Result" : "Done",
                    "Version" : "Terraform v1.12.2",
                    "Elaps": {
                        "Formatted": "48 sec (00:00:48)",
                        "RawSec": "48"
                    }
                }
            },
            {
                "CreateVirtualNetwork": {
                    "Result" : "Done (retCode: 0)",
                    "NumberOfResources" : 11,
                    "Elaps": {
                        "Formatted": "125 sec (00:02:05)",
                        "RawSec": "125"
                    }
                }
            },
            {
                "CreateStorage": {
                    "Result" : "Done (retCode: 0)",
                    "NumberOfResources" : 17,
                    "Elaps": {
                        "Formatted": "123 sec (00:02:03)",
                        "RawSec": "123"
                    }
                }
            },
            {
                "CreateAKS": {
                    "Result" : "Done",
                    "NumberOfResources" : 20,
                    "Elaps": {
                        "Formatted": "476 sec (00:07:56)",
                        "RawSec": "476"
                    }
                }
            },
            {
                "ECLWatchAnnotation": {
                    "Result": "Done",
                    "Elaps": {
                        "Formatted": "67 sec (00:01:07)",
                        "RawSec": "67"
                    }
                }
            },
            {
                "Setup": {
                    "Result": "PASSED",
                    "hthor": {
                        "Elaps": {
                            "Formatted": "0 sec (00:00:00)",
                            "RawSec": "0"
                        },
                        "Total": 0,
                        "Pass": 0,
                        "Fail": 0,
                        "Result": "N/A"
                    },
                    "thor": {
                        "Elaps": {
                            "Formatted": "66 sec (00:01:06)",
                            "RawSec": "66"
                        },
                        "Total": 9,
                        "Pass": 9,
                        "Fail": 0,
                        "Result": "PASSED"
                    },
                    "roxie": {
                        "Elaps": {
                            "Formatted": "178 sec (00:02:58)",
                            "RawSec": "178"
                        },
                        "Total": 24,
                        "Pass": 24,
                        "Fail": 0,
                        "Result": "PASSED"
                    }
                }
            },
            {
                "PublishQueries": {
                    "Result" : "Done",
                    "Total" : 0,
                    "Elaps": {
                        "Formatted": "0 sec (00:00:00)",
                        "RawSec": "0"
                    }
                }
            },
            {
                "Regress": {
                    "Result": "FAILED",
                    "Hthor": {
                        "Result": "FAILED",
                        "Elaps": {
                            "Formatted": "4318 sec (01:11:58)",
                            "RawSec": "4318"
                        },
                        "Total": 1075,
                        "Pass": 1074,
                        "Fail": 1
                    },
                    "Thor": {
                        "Result": "FAILED",
                        "Elaps": {
                            "Formatted": "3771 sec (01:02:51)",
                            "RawSec": "3771"
                        },
                        "Total":  953,
                        "Pass": 951,
                        "Fail": 2
                    },
                    "Roxie": {
                        "Result": "FAILED",
                        "Elaps": {
                            "Formatted": "5063 sec (01:24:23)",
                            "RawSec": "5063"
                        },
                        "Total":  1146,
                        "Pass": 1103,
                        "Fail": 43
                    }
                }
            },
            {
                "CollectTimings": {
                    "Result" : "Done",
                    "Elaps": {
                        "Formatted": "1023 sec (00:17:03).",
                        "RawSec": "1023"
                    }
                }
            },
            {
                "CollectPODLogs": {
                    "Result" : "Done",
                    "Elaps": {
                        "Formatted": "352 sec (00:05:52).",
                        "RawSec": "352"
                    }
                }
            },
            {
                "DestroyAKS": {
                    "Result" : "Done (retCode: 0)",
                    "NumberOfResources" : 20,
                    "Elaps": {
                        "Formatted": "531 sec (00:08:51)",
                        "RawSec": "531"
                    }
                }
            },
            {
                "DestroyStorage": {
                    "Result" : "Done (retCode: 0)",
                    "NumberOfResources" : 17,
                    "Elaps": {
                        "Formatted": "145 sec (00:02:25)",
                        "RawSec": "145"
                    }
                }
            },
            {
                "DestroyVirtualNetwork": {
                    "Result" : "Done (retCode: 0)",
                    "NumberOfResources" : 11,
                    "Elaps": {
                        "Formatted": "172 sec (00:02:52)",
                        "RawSec": "172"
                    }
                }
            },
            {
                "RunLogProcessor": {
                   "Result": "Done",
                    "Elaps": {
                        "Formatted": "1 sec (00:00:01).",
                        "RawSec": "1"
                    }
                }
            }
        ],
        "Errors": [
            
            
            
            {
            "HthorRegress" : [
                "[Failure] 140. Fail cryptoplugin_pke_lfn.ecl - W20250623-093543 (6 sec)"
                ]
            },
            {
            "ThorRegress" : [
                "[Failure] 137. Fail cryptoplugin_pke_lfn.ecl - W20250623-104624-5 (6 sec)",
                "[Failure] 258. Fail external.ecl - W20250623-105301 (6 sec)"
            ]
        },
            {
            "RoxieRegress" : [
                "[Failure] 151. Fail cryptoplugin_pke_lfn.ecl - W20250623-115322-2 (7 sec)",
                "[Failure] 285. Fail external.ecl - W20250623-120149 (7 sec)",
                "[Failure] 287. Fail externalplane.ecl - W20250623-120157-2 (8 sec)",
                "[Failure] 389. Fail indexmerge.ecl ( version: multiPart=false ) - W20250623-120854 (7 sec)",
                "[Failure] 575. Fail mergechild.ecl ( version: multiPart=false ) - W20250623-122220 (7 sec)",
                "[Failure] 672. Fail pullindex2.ecl ( version: multiPart=false ) - W20250623-122854 (7 sec)",
                "[Failure] 731. Fail rewrite.ecl - W20250623-123251 (8 sec)",
                "[Failure] 883. Fail steplimit1.ecl ( version: multiPart=false ) - W20250623-124434-3 (7 sec)",
                "[Failure] 885. Fail steplimit2.ecl ( version: multiPart=false ) - W20250623-124442-1 (7 sec)",
                "[Failure] 905. Fail stepping7.ecl ( version: multiPart=false ) - W20250623-124600 (7 sec)",
                "[Failure] 907. Fail stepping7a.ecl ( version: multiPart=false ) - W20250623-124608 (7 sec)",
                "[Failure] 909. Fail stepping7b.ecl ( version: multiPart=false ) - W20250623-124617 (7 sec)",
                "[Failure] 911. Fail stepping7c.ecl ( version: multiPart=false ) - W20250623-124625 (7 sec)",
                "[Failure] 913. Fail stepping7d.ecl ( version: multiPart=false ) - W20250623-124633 (7 sec)",
                "[Failure] 915. Fail stepping7e.ecl ( version: multiPart=false ) - W20250623-124641 (7 sec)",
                "[Failure] 917. Fail stepping7f.ecl ( version: multiPart=false ) - W20250623-124650 (7 sec)",
                "[Failure] 919. Fail stepping7g.ecl ( version: multiPart=false ) - W20250623-124658 (7 sec)",
                "[Failure] 921. Fail stepping7h.ecl ( version: multiPart=false ) - W20250623-124707 (7 sec)",
                "[Failure] 923. Fail stepping8.ecl ( version: multiPart=false ) - W20250623-124715 (7 sec)",
                "[Failure] 925. Fail stepping8a.ecl ( version: multiPart=false ) - W20250623-124723 (7 sec)",
                "[Failure] 927. Fail stepping8b.ecl ( version: multiPart=false ) - W20250623-124732 (7 sec)",
                "[Failure] 929. Fail stepping9a.ecl ( version: multiPart=false ) - W20250623-124740 (7 sec)",
                "[Failure] 931. Fail stepping9b.ecl ( version: multiPart=false ) - W20250623-124748 (7 sec)",
                "[Failure] 940. Fail stresstext.ecl ( version: multiPart=false ) - W20250623-124822 (10 sec)",
                "[Failure] 942. Fail stresstext.ecl ( version: multiPart=false, variant='default' ) - W20250623-124834 (12 sec)",
                "[Failure] 943. Fail stresstext.ecl ( version: multiPart=false, variant='inplace' ) - W20250623-124844 (10 sec)",
                "[Failure] 944. Fail stresstext.ecl ( version: multiPart=false, variant='inplace_row' ) - W20250623-124847 (10 sec)",
                "[Failure] 945. Fail stresstext.ecl ( version: multiPart=false, variant='inplace_lzw' ) - W20250623-124856 (10 sec)",
                "[Failure] 946. Fail stresstext.ecl ( version: multiPart=false, variant='inplace_lz4hc' ) - W20250623-124858 (10 sec)",
                "[Failure] 948. Fail stresstext_if.ecl ( version: multiPart=false ) - W20250623-124910 (7 sec)",
                "[Failure] 947. Fail stresstext.ecl ( version: multiPart=false, variant='inplace_zstd' ) - W20250623-124908 (11 sec)",
                "[Failure] 1001. Fail textsearch4.ecl ( version: multiPart=false ) - W20250623-125614 (15 sec)",
                "[Failure] 1051. Fail verifytextindex.ecl ( version: multiPart=false, variant='default' ) - W20250623-130003 (7 sec)",
                "[Failure] 1052. Fail verifytextindex.ecl ( version: multiPart=false, variant='inplace' ) - W20250623-130006 (7 sec)",
                "[Failure] 1053. Fail verifytextindex.ecl ( version: multiPart=false, variant='inplace_row' ) - W20250623-130011 (7 sec)",
                "[Failure] 1054. Fail verifytextindex.ecl ( version: multiPart=false, variant='inplace_lzw' ) - W20250623-130015 (7 sec)",
                "[Failure] 1055. Fail verifytextindex.ecl ( version: multiPart=false, variant='inplace_lz4hc' ) - W20250623-130020 (7 sec)",
                "[Failure] 1103. Fail workflow_9a.ecl ( version: parallel=true ) - W20250623-130332 (8 sec)",
                "[Failure] 1102. Fail workflow_9a.ecl ( version: parallel=false ) - W20250623-130332-3 (9 sec)",
                "[Failure] 1105. Fail workflow_9b.ecl ( version: parallel=true ) - W20250623-130342-4 (9 sec)",
                "[Failure] 1104. Fail workflow_9b.ecl ( version: parallel=false ) - W20250623-130342 (10 sec)",
                "[Failure] 1106. Fail workflow_9c.ecl ( version: parallel=false ) - W20250623-130352 (15 sec)",
                "[Failure] 1107. Fail workflow_9c.ecl ( version: parallel=true ) - W20250623-130352-1 (16 sec)"
            ]
        }
        ]
    }
}
