{
    "OBTResult": {
        "Env": {
            "BuildSystem" : "Ubuntu_22_04_5_LTS",
            "Hardware": "CPU/Cores: 8, RAM: 16 GB",
            "IPAddress": "192.168.1.54"
        },
         "Remote" : {
            "System" : "AKS",
            "VmSize" : "Standard_D16s_v4",
            "Hardware": "CPU/Cores: 16, RAM: 64 GB",
            "HthorConfig": {
                "Replicas": "3",
                "MaxActive": "4",
                "UseChildProcesses" : "true",
                "AllowedPipePrograms" : "*"
            },
            "ThorConfig":{
                "NumWorkers": "2",
                "MaxJobs": "4",
                "MaxGraph" : "2",
                "MultiJobLinger" : "true",
                "LingerPeriod" : "200",
                "AllowedPipePrograms" : "*"
            },
            "RoxieWorkunitConfig": {
                "Replicas": "1",
                "MaxActive":"20",
                "UseChildProcesses" : "true",
                "AllowedPipePrograms" : "*"
            }
        },
        "BuildSet": {
            "Branch": "community_9.14.0-rc1",
            "BranchDate": "N/A",
            "BranchSHA": "N/A",
            "BuildType": "Release",
            "Target": "K8s"
        },
        "Exclusion": {
            "Build": "N/A",
            "Documentation": "N/A",
            "Unittest": "N/A",
            "MLtest": "N/A",
            "Regression": "--ef pipefail.ecl -e embedded-r,embedded-js,3rdpartyservice,mongodb,spray,proxy"
        },
        "Tasks": [
            {
                "UpdateHelmRepo": {
                    "Result" : "Done",
                    "Elaps": {
                        "Formatted": "4 sec (00:00:04)",
                        "RawSec": "4"
                    }
                }
            },
            {
                "UpgradeTerraform": {
                    "Result" : "Done",
                    "Version" : "Terraform v1.12.2",
                    "Elaps": {
                        "Formatted": "11 sec (00:00:11)",
                        "RawSec": "11"
                    }
                }
            },
            {
                "CreateVirtualNetwork": {
                    "Result" : "Done (retCode: 0)",
                    "NumberOfResources" : 11,
                    "Elaps": {
                        "Formatted": "104 sec (00:01:44)",
                        "RawSec": "104"
                    }
                }
            },
            {
                "CreateStorage": {
                    "Result" : "Done (retCode: 0)",
                    "NumberOfResources" : 17,
                    "Elaps": {
                        "Formatted": "106 sec (00:01:46)",
                        "RawSec": "106"
                    }
                }
            },
            {
                "CreateAKS": {
                    "Result" : "Done",
                    "NumberOfResources" : 20,
                    "Elaps": {
                        "Formatted": "473 sec (00:07:53)",
                        "RawSec": "473"
                    }
                }
            },
            {
                "ECLWatchAnnotation": {
                    "Result": "Done",
                    "Elaps": {
                        "Formatted": "66 sec (00:01:06)",
                        "RawSec": "66"
                    }
                }
            },
            {
                "Setup": {
                    "Result": "PASSED",
                    "hthor": {
                        "Elaps": {
                            "Formatted": "0 sec (00:00:00)",
                            "RawSec": "0"
                        },
                        "Total": 0,
                        "Pass": 0,
                        "Fail": 0,
                        "Result": "N/A"
                    },
                    "thor": {
                        "Elaps": {
                            "Formatted": "79 sec (00:01:19)",
                            "RawSec": "79"
                        },
                        "Total": 9,
                        "Pass": 9,
                        "Fail": 0,
                        "Result": "PASSED"
                    },
                    "roxie": {
                        "Elaps": {
                            "Formatted": "128 sec (00:02:08)",
                            "RawSec": "128"
                        },
                        "Total": 24,
                        "Pass": 24,
                        "Fail": 0,
                        "Result": "PASSED"
                    }
                }
            },
            {
                "PublishQueries": {
                    "Result" : "Done",
                    "Total" : 0,
                    "Elaps": {
                        "Formatted": "0 sec (00:00:00)",
                        "RawSec": "0"
                    }
                }
            },
            {
                "Regress": {
                    "Result": "FAILED",
                    "Hthor": {
                        "Result": "FAILED",
                        "Elaps": {
                            "Formatted": "4348 sec (01:12:28)",
                            "RawSec": "4348"
                        },
                        "Total": 1075,
                        "Pass": 1074,
                        "Fail": 1
                    },
                    "Thor": {
                        "Result": "FAILED",
                        "Elaps": {
                            "Formatted": "3761 sec (01:02:41)",
                            "RawSec": "3761"
                        },
                        "Total":  953,
                        "Pass": 951,
                        "Fail": 2
                    },
                    "Roxie": {
                        "Result": "FAILED",
                        "Elaps": {
                            "Formatted": "5129 sec (01:25:29)",
                            "RawSec": "5129"
                        },
                        "Total":  1146,
                        "Pass": 1102,
                        "Fail": 44
                    }
                }
            },
            {
                "CollectTimings": {
                    "Result" : "Done",
                    "Elaps": {
                        "Formatted": "1045 sec (00:17:25).",
                        "RawSec": "1045"
                    }
                }
            },
            {
                "CollectPODLogs": {
                    "Result" : "Done",
                    "Elaps": {
                        "Formatted": "359 sec (00:05:59).",
                        "RawSec": "359"
                    }
                }
            },
            {
                "DestroyAKS": {
                    "Result" : "Done (retCode: 0)",
                    "NumberOfResources" : 20,
                    "Elaps": {
                        "Formatted": "515 sec (00:08:35)",
                        "RawSec": "515"
                    }
                }
            },
            {
                "DestroyStorage": {
                    "Result" : "Done (retCode: 0)",
                    "NumberOfResources" : 17,
                    "Elaps": {
                        "Formatted": "145 sec (00:02:25)",
                        "RawSec": "145"
                    }
                }
            },
            {
                "DestroyVirtualNetwork": {
                    "Result" : "Done (retCode: 0)",
                    "NumberOfResources" : 11,
                    "Elaps": {
                        "Formatted": "170 sec (00:02:50)",
                        "RawSec": "170"
                    }
                }
            },
            {
                "RunLogProcessor": {
                   "Result": "Done",
                    "Elaps": {
                        "Formatted": "0 sec (00:00:00).",
                        "RawSec": "0"
                    }
                }
            }
        ],
        "Errors": [
            
            
            
            {
            "HthorRegress" : [
                "[Failure] 140. Fail cryptoplugin_pke_lfn.ecl - W20250626-114220 (6 sec)"
                ]
            },
            {
            "ThorRegress" : [
                "[Failure] 137. Fail cryptoplugin_pke_lfn.ecl - W20250626-125324-5 (6 sec)",
                "[Failure] 258. Fail external.ecl - W20250626-125954 (6 sec)"
            ]
        },
            {
            "RoxieRegress" : [
                "[Failure] 151. Fail cryptoplugin_pke_lfn.ecl - W20250626-140029 (7 sec)",
                "[Failure] 285. Fail external.ecl - W20250626-140856 (7 sec)",
                "[Failure] 287. Fail externalplane.ecl - W20250626-140904 (7 sec)",
                "[Failure] 389. Fail indexmerge.ecl ( version: multiPart=false ) - W20250626-141606 (7 sec)",
                "[Failure] 575. Fail mergechild.ecl ( version: multiPart=false ) - W20250626-142938 (7 sec)",
                "[Failure] 672. Fail pullindex2.ecl ( version: multiPart=false ) - W20250626-143620 (7 sec)",
                "[Failure] 728. Fail remoteread.ecl ( version: optRemoteRead=true ) - W20250626-144004 (11 sec)",
                "[Failure] 731. Fail rewrite.ecl - W20250626-144019 (8 sec)",
                "[Failure] 883. Fail steplimit1.ecl ( version: multiPart=false ) - W20250626-145140-4 (7 sec)",
                "[Failure] 885. Fail steplimit2.ecl ( version: multiPart=false ) - W20250626-145148 (7 sec)",
                "[Failure] 905. Fail stepping7.ecl ( version: multiPart=false ) - W20250626-145308 (7 sec)",
                "[Failure] 907. Fail stepping7a.ecl ( version: multiPart=false ) - W20250626-145316 (7 sec)",
                "[Failure] 909. Fail stepping7b.ecl ( version: multiPart=false ) - W20250626-145324 (7 sec)",
                "[Failure] 911. Fail stepping7c.ecl ( version: multiPart=false ) - W20250626-145332 (7 sec)",
                "[Failure] 913. Fail stepping7d.ecl ( version: multiPart=false ) - W20250626-145341 (7 sec)",
                "[Failure] 915. Fail stepping7e.ecl ( version: multiPart=false ) - W20250626-145349 (7 sec)",
                "[Failure] 917. Fail stepping7f.ecl ( version: multiPart=false ) - W20250626-145357 (7 sec)",
                "[Failure] 919. Fail stepping7g.ecl ( version: multiPart=false ) - W20250626-145406 (7 sec)",
                "[Failure] 921. Fail stepping7h.ecl ( version: multiPart=false ) - W20250626-145414 (7 sec)",
                "[Failure] 923. Fail stepping8.ecl ( version: multiPart=false ) - W20250626-145423 (7 sec)",
                "[Failure] 925. Fail stepping8a.ecl ( version: multiPart=false ) - W20250626-145431 (7 sec)",
                "[Failure] 927. Fail stepping8b.ecl ( version: multiPart=false ) - W20250626-145439 (7 sec)",
                "[Failure] 929. Fail stepping9a.ecl ( version: multiPart=false ) - W20250626-145448 (7 sec)",
                "[Failure] 931. Fail stepping9b.ecl ( version: multiPart=false ) - W20250626-145456 (7 sec)",
                "[Failure] 940. Fail stresstext.ecl ( version: multiPart=false ) - W20250626-145528 (10 sec)",
                "[Failure] 942. Fail stresstext.ecl ( version: multiPart=false, variant='default' ) - W20250626-145539 (12 sec)",
                "[Failure] 943. Fail stresstext.ecl ( version: multiPart=false, variant='inplace' ) - W20250626-145550 (10 sec)",
                "[Failure] 944. Fail stresstext.ecl ( version: multiPart=false, variant='inplace_row' ) - W20250626-145552 (10 sec)",
                "[Failure] 945. Fail stresstext.ecl ( version: multiPart=false, variant='inplace_lzw' ) - W20250626-145602 (10 sec)",
                "[Failure] 946. Fail stresstext.ecl ( version: multiPart=false, variant='inplace_lz4hc' ) - W20250626-145604 (10 sec)",
                "[Failure] 948. Fail stresstext_if.ecl ( version: multiPart=false ) - W20250626-145615 (7 sec)",
                "[Failure] 947. Fail stresstext.ecl ( version: multiPart=false, variant='inplace_zstd' ) - W20250626-145614 (10 sec)",
                "[Failure] 1001. Fail textsearch4.ecl ( version: multiPart=false ) - W20250626-150322 (15 sec)",
                "[Failure] 1051. Fail verifytextindex.ecl ( version: multiPart=false, variant='default' ) - W20250626-150713 (7 sec)",
                "[Failure] 1052. Fail verifytextindex.ecl ( version: multiPart=false, variant='inplace' ) - W20250626-150716 (7 sec)",
                "[Failure] 1053. Fail verifytextindex.ecl ( version: multiPart=false, variant='inplace_row' ) - W20250626-150721 (7 sec)",
                "[Failure] 1054. Fail verifytextindex.ecl ( version: multiPart=false, variant='inplace_lzw' ) - W20250626-150724 (7 sec)",
                "[Failure] 1055. Fail verifytextindex.ecl ( version: multiPart=false, variant='inplace_lz4hc' ) - W20250626-150729 (7 sec)",
                "[Failure] 1102. Fail workflow_9a.ecl ( version: parallel=false ) - W20250626-151044 (8 sec)",
                "[Failure] 1103. Fail workflow_9a.ecl ( version: parallel=true ) - W20250626-151044-3 (9 sec)",
                "[Failure] 1104. Fail workflow_9b.ecl ( version: parallel=false ) - W20250626-151053 (9 sec)",
                "[Failure] 1105. Fail workflow_9b.ecl ( version: parallel=true ) - W20250626-151053-1 (9 sec)",
                "[Failure] 1106. Fail workflow_9c.ecl ( version: parallel=false ) - W20250626-151104 (68 sec)",
                "[Failure] 1107. Fail workflow_9c.ecl ( version: parallel=true ) - W20250626-151104-3 (69 sec)"
            ]
        }
        ]
    }
}
