{
    "OBTResult": {
        "Env": {
            "BuildSystem" : "Ubuntu_22_04_5_LTS",
            "Hardware": "CPU/Cores: 8, RAM: 16 GB",
            "IPAddress": "192.168.1.54"
        },
         "Remote" : {
            "System" : "AKS",
            "VmSize" : "Standard_D16s_v4",
            "Hardware": "CPU/Cores: 16, RAM: 64 GB",
            "HthorConfig": {
                "Replicas": "3",
                "MaxActive": "4",
                "UseChildProcesses" : "true",
                "AllowedPipePrograms" : "*"
            },
            "ThorConfig":{
                "NumWorkers": "2",
                "MaxJobs": "4",
                "MaxGraph" : "2",
                "MultiJobLinger" : "true",
                "LingerPeriod" : "200",
                "AllowedPipePrograms" : "*"
            },
            "RoxieWorkunitConfig": {
                "Replicas": "1",
                "MaxActive":"20",
                "UseChildProcesses" : "true",
                "AllowedPipePrograms" : "*"
            }
        },
        "BuildSet": {
            "Branch": "community_9.12.12-1 Gold",
            "BranchDate": "N/A",
            "BranchSHA": "N/A",
            "BuildType": "Release",
            "Target": "K8s"
        },
        "Exclusion": {
            "Build": "N/A",
            "Documentation": "N/A",
            "Unittest": "N/A",
            "MLtest": "N/A",
            "Regression": "--ef pipefail.ecl -e embedded-r,embedded-js,3rdpartyservice,mongodb,spray,proxy"
        },
        "Tasks": [
            {
                "UpdateHelmRepo": {
                    "Result" : "Done",
                    "Elaps": {
                        "Formatted": "6 sec (00:00:06)",
                        "RawSec": "6"
                    }
                }
            },
            {
                "UpgradeTerraform": {
                    "Result" : "Done",
                    "Version" : "Terraform v1.12.2",
                    "Elaps": {
                        "Formatted": "95 sec (00:01:35)",
                        "RawSec": "95"
                    }
                }
            },
            {
                "CreateVirtualNetwork": {
                    "Result" : "Done (retCode: 0)",
                    "NumberOfResources" : 11,
                    "Elaps": {
                        "Formatted": "141 sec (00:02:21)",
                        "RawSec": "141"
                    }
                }
            },
            {
                "CreateStorage": {
                    "Result" : "Done (retCode: 0)",
                    "NumberOfResources" : 17,
                    "Elaps": {
                        "Formatted": "196 sec (00:03:16)",
                        "RawSec": "196"
                    }
                }
            },
            {
                "CreateAKS": {
                    "Result" : "Done",
                    "NumberOfResources" : 20,
                    "Elaps": {
                        "Formatted": "515 sec (00:08:35)",
                        "RawSec": "515"
                    }
                }
            },
            {
                "ECLWatchAnnotation": {
                    "Result": "Done",
                    "Elaps": {
                        "Formatted": "66 sec (00:01:06)",
                        "RawSec": "66"
                    }
                }
            },
            {
                "Setup": {
                    "Result": "PASSED",
                    "hthor": {
                        "Elaps": {
                            "Formatted": "0 sec (00:00:00)",
                            "RawSec": "0"
                        },
                        "Total": 0,
                        "Pass": 0,
                        "Fail": 0,
                        "Result": "N/A"
                    },
                    "thor": {
                        "Elaps": {
                            "Formatted": "70 sec (00:01:10)",
                            "RawSec": "70"
                        },
                        "Total": 9,
                        "Pass": 9,
                        "Fail": 0,
                        "Result": "PASSED"
                    },
                    "roxie": {
                        "Elaps": {
                            "Formatted": "116 sec (00:01:56)",
                            "RawSec": "116"
                        },
                        "Total": 24,
                        "Pass": 24,
                        "Fail": 0,
                        "Result": "PASSED"
                    }
                }
            },
            {
                "PublishQueries": {
                    "Result" : "Done",
                    "Total" : 0,
                    "Elaps": {
                        "Formatted": "0 sec (00:00:00)",
                        "RawSec": "0"
                    }
                }
            },
            {
                "Regress": {
                    "Result": "FAILED",
                    "Hthor": {
                        "Result": "FAILED",
                        "Elaps": {
                            "Formatted": "4303 sec (01:11:43)",
                            "RawSec": "4303"
                        },
                        "Total": 1073,
                        "Pass": 1072,
                        "Fail": 1
                    },
                    "Thor": {
                        "Result": "FAILED",
                        "Elaps": {
                            "Formatted": "3764 sec (01:02:44)",
                            "RawSec": "3764"
                        },
                        "Total":  951,
                        "Pass": 949,
                        "Fail": 2
                    },
                    "Roxie": {
                        "Result": "FAILED",
                        "Elaps": {
                            "Formatted": "5066 sec (01:24:26)",
                            "RawSec": "5066"
                        },
                        "Total":  1144,
                        "Pass": 1086,
                        "Fail": 58
                    }
                }
            },
            {
                "CollectTimings": {
                    "Result" : "Done",
                    "Elaps": {
                        "Formatted": "1038 sec (00:17:18).",
                        "RawSec": "1038"
                    }
                }
            },
            {
                "CollectPODLogs": {
                    "Result" : "Done",
                    "Elaps": {
                        "Formatted": "373 sec (00:06:13).",
                        "RawSec": "373"
                    }
                }
            },
            {
                "DestroyAKS": {
                    "Result" : "Done (retCode: 0)",
                    "NumberOfResources" : 20,
                    "Elaps": {
                        "Formatted": "510 sec (00:08:30)",
                        "RawSec": "510"
                    }
                }
            },
            {
                "DestroyStorage": {
                    "Result" : "Done (retCode: 0)",
                    "NumberOfResources" : 17,
                    "Elaps": {
                        "Formatted": "144 sec (00:02:24)",
                        "RawSec": "144"
                    }
                }
            },
            {
                "DestroyVirtualNetwork": {
                    "Result" : "Done (retCode: 0)",
                    "NumberOfResources" : 11,
                    "Elaps": {
                        "Formatted": "172 sec (00:02:52)",
                        "RawSec": "172"
                    }
                }
            },
            {
                "RunLogProcessor": {
                   "Result": "Done",
                    "Elaps": {
                        "Formatted": "1 sec (00:00:01).",
                        "RawSec": "1"
                    }
                }
            }
        ],
        "Errors": [
            
            
            
            {
            "HthorRegress" : [
                "[Failure] 140. Fail cryptoplugin_pke_lfn.ecl - W20250618-093023 (6 sec)"
                ]
            },
            {
            "ThorRegress" : [
                "[Failure] 137. Fail cryptoplugin_pke_lfn.ecl - W20250618-104031-2 (6 sec)",
                "[Failure] 258. Fail external.ecl - W20250618-104715 (6 sec)"
            ]
        },
            {
            "RoxieRegress" : [
                "[Failure] 151. Fail cryptoplugin_pke_lfn.ecl - W20250618-114722 (7 sec)",
                "[Failure] 285. Fail external.ecl - W20250618-115550 (7 sec)",
                "[Failure] 287. Fail externalplane.ecl - W20250618-115559 (7 sec)",
                "[Failure] 370. Fail indexagg.ecl ( version: multiPart=false ) - W20250618-120135 (7 sec)",
                "[Failure] 374. Fail indexagg_choosen.ecl ( version: multiPart=false ) - W20250618-120151 (7 sec)",
                "[Failure] 389. Fail indexmerge.ecl ( version: multiPart=false ) - W20250618-120257 (7 sec)",
                "[Failure] 391. Fail indexread.ecl ( version: multiPart=false ) - W20250618-120306 (7 sec)",
                "[Failure] 395. Fail indexread2.ecl ( version: multiPart=false ) - W20250618-120324 (8 sec)",
                "[Failure] 399. Fail indexread3.ecl ( version: multiPart=false ) - W20250618-120341 (8 sec)",
                "[Failure] 403. Fail indexread4.ecl ( version: multiPart=false ) - W20250618-120358 (7 sec)",
                "[Failure] 408. Fail indexread6.ecl ( version: multiPart=false ) - W20250618-120421 (9 sec)",
                "[Failure] 415. Fail indexread8.ecl ( version: multiPart=false ) - W20250618-120452 (7 sec)",
                "[Failure] 419. Fail indexread_keyed.ecl ( version: multiPart=false ) - W20250618-120509-2 (7 sec)",
                "[Failure] 422. Fail indexread_keyed.ecl ( version: multiPart=false, useLocal=true, forceRemoteKeyedLookup=true, forceRemoteKeyedFetch=true ) - W20250618-120525-3 (7 sec)",
                "[Failure] 501. Fail keyed_fetch.ecl ( version: multiPart=false ) - W20250618-121129 (8 sec)",
                "[Failure] 503. Fail keyed_fetch.ecl ( version: multiPart=true, useLocal=true ) - W20250618-121139 (7 sec)",
                "[Failure] 504. Fail keyed_fetch.ecl ( version: multiPart=false, useLocal=true, forceRemoteKeyedLookup=true, forceRemoteKeyedFetch=true ) - W20250618-121146 (7 sec)",
                "[Failure] 513. Fail keyed_join2.ecl ( version: multiPart=false ) - W20250618-121230 (7 sec)",
                "[Failure] 517. Fail keyed_join2.ecl ( version: multiPart=false, useLocal=true, forceRemoteKeyedLookup=true, forceRemoteKeyedFetch=true ) - W20250618-121248 (7 sec)",
                "[Failure] 575. Fail mergechild.ecl ( version: multiPart=false ) - W20250618-121636 (7 sec)",
                "[Failure] 672. Fail pullindex2.ecl ( version: multiPart=false ) - W20250618-122317 (7 sec)",
                "[Failure] 730. Fail rewrite.ecl - W20250618-122715 (7 sec)",
                "[Failure] 882. Fail steplimit1.ecl ( version: multiPart=false ) - W20250618-123833 (7 sec)",
                "[Failure] 884. Fail steplimit2.ecl ( version: multiPart=false ) - W20250618-123841 (7 sec)",
                "[Failure] 904. Fail stepping7.ecl ( version: multiPart=false ) - W20250618-123959 (7 sec)",
                "[Failure] 906. Fail stepping7a.ecl ( version: multiPart=false ) - W20250618-124008 (7 sec)",
                "[Failure] 908. Fail stepping7b.ecl ( version: multiPart=false ) - W20250618-124016 (7 sec)",
                "[Failure] 910. Fail stepping7c.ecl ( version: multiPart=false ) - W20250618-124024 (7 sec)",
                "[Failure] 912. Fail stepping7d.ecl ( version: multiPart=false ) - W20250618-124033 (7 sec)",
                "[Failure] 914. Fail stepping7e.ecl ( version: multiPart=false ) - W20250618-124041 (7 sec)",
                "[Failure] 916. Fail stepping7f.ecl ( version: multiPart=false ) - W20250618-124050 (7 sec)",
                "[Failure] 918. Fail stepping7g.ecl ( version: multiPart=false ) - W20250618-124058-1 (7 sec)",
                "[Failure] 920. Fail stepping7h.ecl ( version: multiPart=false ) - W20250618-124107 (7 sec)",
                "[Failure] 922. Fail stepping8.ecl ( version: multiPart=false ) - W20250618-124115 (7 sec)",
                "[Failure] 924. Fail stepping8a.ecl ( version: multiPart=false ) - W20250618-124123 (7 sec)",
                "[Failure] 926. Fail stepping8b.ecl ( version: multiPart=false ) - W20250618-124132 (7 sec)",
                "[Failure] 928. Fail stepping9a.ecl ( version: multiPart=false ) - W20250618-124141 (7 sec)",
                "[Failure] 930. Fail stepping9b.ecl ( version: multiPart=false ) - W20250618-124149 (7 sec)",
                "[Failure] 932. Fail stepskip.ecl ( version: multiPart=false ) - W20250618-124157-1 (7 sec)",
                "[Failure] 939. Fail stresstext.ecl ( version: multiPart=false ) - W20250618-124221 (10 sec)",
                "[Failure] 941. Fail stresstext.ecl ( version: multiPart=false, variant='default' ) - W20250618-124232 (12 sec)",
                "[Failure] 942. Fail stresstext.ecl ( version: multiPart=false, variant='inplace' ) - W20250618-124244 (11 sec)",
                "[Failure] 943. Fail stresstext.ecl ( version: multiPart=false, variant='inplace_row' ) - W20250618-124246 (10 sec)",
                "[Failure] 944. Fail stresstext.ecl ( version: multiPart=false, variant='inplace_lzw' ) - W20250618-124256 (10 sec)",
                "[Failure] 945. Fail stresstext.ecl ( version: multiPart=false, variant='inplace_lz4hc' ) - W20250618-124257 (10 sec)",
                "[Failure] 946. Fail stresstext_if.ecl ( version: multiPart=false ) - W20250618-124307 (7 sec)",
                "[Failure] 999. Fail textsearch4.ecl ( version: multiPart=false ) - W20250618-125003 (15 sec)",
                "[Failure] 1049. Fail verifytextindex.ecl ( version: multiPart=false, variant='default' ) - W20250618-125354 (7 sec)",
                "[Failure] 1050. Fail verifytextindex.ecl ( version: multiPart=false, variant='inplace' ) - W20250618-125357 (7 sec)",
                "[Failure] 1051. Fail verifytextindex.ecl ( version: multiPart=false, variant='inplace_row' ) - W20250618-125402 (7 sec)",
                "[Failure] 1052. Fail verifytextindex.ecl ( version: multiPart=false, variant='inplace_lzw' ) - W20250618-125405 (7 sec)",
                "[Failure] 1053. Fail verifytextindex.ecl ( version: multiPart=false, variant='inplace_lz4hc' ) - W20250618-125411 (7 sec)",
                "[Failure] 1101. Fail workflow_9a.ecl ( version: parallel=true ) - W20250618-125727 (8 sec)",
                "[Failure] 1100. Fail workflow_9a.ecl ( version: parallel=false ) - W20250618-125727-1 (9 sec)",
                "[Failure] 1102. Fail workflow_9b.ecl ( version: parallel=false ) - W20250618-125737 (8 sec)",
                "[Failure] 1103. Fail workflow_9b.ecl ( version: parallel=true ) - W20250618-125737-1 (8 sec)",
                "[Failure] 1105. Fail workflow_9c.ecl ( version: parallel=true ) - W20250618-125746 (22 sec)",
                "[Failure] 1104. Fail workflow_9c.ecl ( version: parallel=false ) - W20250618-125746-3 (22 sec)"
            ]
        }
        ]
    }
}
