{
    "OBTResult": {
        "Env": {
            "BuildSystem" : "Ubuntu_22_04_5_LTS",
            "Hardware": "CPU/Cores: 8, RAM: 16 GB",
            "IPAddress": "192.168.1.54"
        },
         "Remote" : {
            "System" : "AKS",
            "VmSize" : "Standard_D16s_v4",
            "Hardware": "CPU/Cores: 16, RAM: 64 GB",
            "HthorConfig": {
                "Replicas": "3",
                "MaxActive": "4",
                "UseChildProcesses" : "true",
                "AllowedPipePrograms" : "*"
            },
            "ThorConfig":{
                "NumWorkers": "2",
                "MaxJobs": "4",
                "MaxGraph" : "2",
                "MultiJobLinger" : "true",
                "LingerPeriod" : "200",
                "AllowedPipePrograms" : "*"
            },
            "RoxieWorkunitConfig": {
                "Replicas": "1",
                "MaxActive":"20",
                "UseChildProcesses" : "true",
                "AllowedPipePrograms" : "*"
            }
        },
        "BuildSet": {
            "Branch": "community_9.14.0-rc1",
            "BranchDate": "N/A",
            "BranchSHA": "N/A",
            "BuildType": "Release",
            "Target": "K8s"
        },
        "Exclusion": {
            "Build": "N/A",
            "Documentation": "N/A",
            "Unittest": "N/A",
            "MLtest": "N/A",
            "Regression": "--ef pipefail.ecl -e embedded-r,embedded-js,3rdpartyservice,mongodb,spray,proxy"
        },
        "Tasks": [
            {
                "UpdateHelmRepo": {
                    "Result" : "Done",
                    "Elaps": {
                        "Formatted": "5 sec (00:00:05)",
                        "RawSec": "5"
                    }
                }
            },
            {
                "UpgradeTerraform": {
                    "Result" : "Done",
                    "Version" : "Terraform v1.12.2",
                    "Elaps": {
                        "Formatted": "37 sec (00:00:37)",
                        "RawSec": "37"
                    }
                }
            },
            {
                "CreateVirtualNetwork": {
                    "Result" : "Done (retCode: 0)",
                    "NumberOfResources" : 11,
                    "Elaps": {
                        "Formatted": "131 sec (00:02:11)",
                        "RawSec": "131"
                    }
                }
            },
            {
                "CreateStorage": {
                    "Result" : "Done (retCode: 0)",
                    "NumberOfResources" : 17,
                    "Elaps": {
                        "Formatted": "163 sec (00:02:43)",
                        "RawSec": "163"
                    }
                }
            },
            {
                "CreateAKS": {
                    "Result" : "Failed",
                    "NumberOfResources" : 0,
                    "Elaps": {
                        "Formatted": "1800 sec (00:30:00)",
                        "RawSec": "1800"
                    }
                }
            },
            {
                "ECLWatchAnnotation": {
                    "Result": "Skipped based on error in deploy AKS.",
                    "Elaps": {
                        "Formatted": "",
                        "RawSec": ""
                    }
                }
            },
            {
                "Setup": {
                    "Result": "Skipped based on error in deploy AKS.",
                    "hthor": {
                        "Elaps": {
                            "Formatted": "0 sec (00:00:00)",
                            "RawSec": "0"
                        },
                        "Total": 0,
                        "Pass": 0,
                        "Fail": 0,
                        "Result": "N/A"
                    },
                    "thor": {
                        "Elaps": {
                            "Formatted": "",
                            "RawSec": ""
                        },
                        "Total": 0,
                        "Pass": 0,
                        "Fail": 0,
                        "Result": ""
                    },
                    "roxie": {
                        "Elaps": {
                            "Formatted": "",
                            "RawSec": ""
                        },
                        "Total": 0,
                        "Pass": 0,
                        "Fail": 0,
                        "Result": ""
                    }
                }
            },
            {
                "PublishQueries": {
                    "Result" : "Skipped based on error in deploy AKS.",
                    "Total" : 0,
                    "Elaps": {
                        "Formatted": "",
                        "RawSec": ""
                    }
                }
            },
            {
                "Regress": {
                    "Result": "Skipped based on error in deploy AKS.",
                    "Hthor": {
                        "Result": "",
                        "Elaps": {
                            "Formatted": "",
                            "RawSec": ""
                        },
                        "Total": 0,
                        "Pass": 0,
                        "Fail": 0
                    },
                    "Thor": {
                        "Result": "",
                        "Elaps": {
                            "Formatted": "",
                            "RawSec": ""
                        },
                        "Total":  0,
                        "Pass": 0,
                        "Fail": 0
                    },
                    "Roxie": {
                        "Result": "",
                        "Elaps": {
                            "Formatted": "",
                            "RawSec": ""
                        },
                        "Total":  0,
                        "Pass": 0,
                        "Fail": 0
                    }
                }
            },
            {
                "CollectTimings": {
                    "Result" : "",
                    "Elaps": {
                        "Formatted": "",
                        "RawSec": ""
                    }
                }
            },
            {
                "CollectPODLogs": {
                    "Result" : "Done",
                    "Elaps": {
                        "Formatted": "293 sec (00:04:53).",
                        "RawSec": "293"
                    }
                }
            },
            {
                "DestroyAKS": {
                    "Result" : "Done (retCode: 0)",
                    "NumberOfResources" : 19,
                    "Elaps": {
                        "Formatted": "627 sec (00:10:27)",
                        "RawSec": "627"
                    }
                }
            },
            {
                "DestroyStorage": {
                    "Result" : "Done (retCode: 0)",
                    "NumberOfResources" : 17,
                    "Elaps": {
                        "Formatted": "152 sec (00:02:32)",
                        "RawSec": "152"
                    }
                }
            },
            {
                "DestroyVirtualNetwork": {
                    "Result" : "Done (retCode: 0)",
                    "NumberOfResources" : 11,
                    "Elaps": {
                        "Formatted": "223 sec (00:03:43)",
                        "RawSec": "223"
                    }
                }
            },
            {
                "RunLogProcessor": {
                   "Result": "Done",
                    "Elaps": {
                        "Formatted": "0 sec (00:00:00).",
                        "RawSec": "0"
                    }
                }
            }
        ],
        "Errors": [
            
            
            
            
            
            
        ]
    }
}
