{
    "OBTResult": {
        "Env": {
            "BuildSystem" : "Ubuntu_22_04_5_LTS",
            "Hardware": "CPU/Cores: 8, RAM: 16 GB",
            "IPAddress": "192.168.1.54"
        },
         "Remote" : {
            "System" : "AKS",
            "VmSize" : "Standard_D16s_v4",
            "Hardware": "CPU/Cores: 16, RAM: 64 GB",
            "HthorConfig": {
                "Replicas": "3",
                "MaxActive": "4",
                "UseChildProcesses" : "true",
                "AllowedPipePrograms" : "*"
            },
            "ThorConfig":{
                "NumWorkers": "2",
                "MaxJobs": "4",
                "MaxGraph" : "2",
                "MultiJobLinger" : "true",
                "LingerPeriod" : "200",
                "AllowedPipePrograms" : "*"
            },
            "RoxieWorkunitConfig": {
                "Replicas": "1",
                "MaxActive":"20",
                "UseChildProcesses" : "true",
                "AllowedPipePrograms" : "*"
            }
        },
        "BuildSet": {
            "Branch": "community_9.14.0-rc1",
            "BranchDate": "N/A",
            "BranchSHA": "N/A",
            "BuildType": "Release",
            "Target": "K8s"
        },
        "Exclusion": {
            "Build": "N/A",
            "Documentation": "N/A",
            "Unittest": "N/A",
            "MLtest": "N/A",
            "Regression": "--ef pipefail.ecl -e embedded-r,embedded-js,3rdpartyservice,mongodb,spray,proxy"
        },
        "Tasks": [
            {
                "UpdateHelmRepo": {
                    "Result" : "Done",
                    "Elaps": {
                        "Formatted": "5 sec (00:00:05)",
                        "RawSec": "5"
                    }
                }
            },
            {
                "UpgradeTerraform": {
                    "Result" : "Done",
                    "Version" : "Terraform v1.12.2",
                    "Elaps": {
                        "Formatted": "112 sec (00:01:52)",
                        "RawSec": "112"
                    }
                }
            },
            {
                "CreateVirtualNetwork": {
                    "Result" : "Done (retCode: 0)",
                    "NumberOfResources" : 11,
                    "Elaps": {
                        "Formatted": "176 sec (00:02:56)",
                        "RawSec": "176"
                    }
                }
            },
            {
                "CreateStorage": {
                    "Result" : "Done (retCode: 0)",
                    "NumberOfResources" : 17,
                    "Elaps": {
                        "Formatted": "127 sec (00:02:07)",
                        "RawSec": "127"
                    }
                }
            },
            {
                "CreateAKS": {
                    "Result" : "Done",
                    "NumberOfResources" : 20,
                    "Elaps": {
                        "Formatted": "532 sec (00:08:52)",
                        "RawSec": "532"
                    }
                }
            },
            {
                "ECLWatchAnnotation": {
                    "Result": "Done",
                    "Elaps": {
                        "Formatted": "75 sec (00:01:15)",
                        "RawSec": "75"
                    }
                }
            },
            {
                "Setup": {
                    "Result": "PASSED",
                    "hthor": {
                        "Elaps": {
                            "Formatted": "0 sec (00:00:00)",
                            "RawSec": "0"
                        },
                        "Total": 0,
                        "Pass": 0,
                        "Fail": 0,
                        "Result": "N/A"
                    },
                    "thor": {
                        "Elaps": {
                            "Formatted": "71 sec (00:01:11)",
                            "RawSec": "71"
                        },
                        "Total": 9,
                        "Pass": 9,
                        "Fail": 0,
                        "Result": "PASSED"
                    },
                    "roxie": {
                        "Elaps": {
                            "Formatted": "126 sec (00:02:06)",
                            "RawSec": "126"
                        },
                        "Total": 24,
                        "Pass": 24,
                        "Fail": 0,
                        "Result": "PASSED"
                    }
                }
            },
            {
                "PublishQueries": {
                    "Result" : "Done",
                    "Total" : 0,
                    "Elaps": {
                        "Formatted": "0 sec (00:00:00)",
                        "RawSec": "0"
                    }
                }
            },
            {
                "Regress": {
                    "Result": "FAILED",
                    "Hthor": {
                        "Result": "FAILED",
                        "Elaps": {
                            "Formatted": "4465 sec (01:14:25)",
                            "RawSec": "4465"
                        },
                        "Total": 1075,
                        "Pass": 1074,
                        "Fail": 1
                    },
                    "Thor": {
                        "Result": "FAILED",
                        "Elaps": {
                            "Formatted": "3888 sec (01:04:48)",
                            "RawSec": "3888"
                        },
                        "Total":  953,
                        "Pass": 951,
                        "Fail": 2
                    },
                    "Roxie": {
                        "Result": "FAILED",
                        "Elaps": {
                            "Formatted": "5185 sec (01:26:25)",
                            "RawSec": "5185"
                        },
                        "Total":  1146,
                        "Pass": 1103,
                        "Fail": 43
                    }
                }
            },
            {
                "CollectTimings": {
                    "Result" : "Done",
                    "Elaps": {
                        "Formatted": "1075 sec (00:17:55).",
                        "RawSec": "1075"
                    }
                }
            },
            {
                "CollectPODLogs": {
                    "Result" : "Done",
                    "Elaps": {
                        "Formatted": "364 sec (00:06:04).",
                        "RawSec": "364"
                    }
                }
            },
            {
                "DestroyAKS": {
                    "Result" : "Done (retCode: 0)",
                    "NumberOfResources" : 20,
                    "Elaps": {
                        "Formatted": "503 sec (00:08:23)",
                        "RawSec": "503"
                    }
                }
            },
            {
                "DestroyStorage": {
                    "Result" : "Done (retCode: 0)",
                    "NumberOfResources" : 17,
                    "Elaps": {
                        "Formatted": "144 sec (00:02:24)",
                        "RawSec": "144"
                    }
                }
            },
            {
                "DestroyVirtualNetwork": {
                    "Result" : "Done (retCode: 0)",
                    "NumberOfResources" : 11,
                    "Elaps": {
                        "Formatted": "172 sec (00:02:52)",
                        "RawSec": "172"
                    }
                }
            },
            {
                "RunLogProcessor": {
                   "Result": "Done",
                    "Elaps": {
                        "Formatted": "0 sec (00:00:00).",
                        "RawSec": "0"
                    }
                }
            }
        ],
        "Errors": [
            
            
            
            {
            "HthorRegress" : [
                "[Failure] 140. Fail cryptoplugin_pke_lfn.ecl - W20250625-094026 (6 sec)"
                ]
            },
            {
            "ThorRegress" : [
                "[Failure] 137. Fail cryptoplugin_pke_lfn.ecl - W20250625-105339 (6 sec)",
                "[Failure] 258. Fail external.ecl - W20250625-110040 (11 sec)"
            ]
        },
            {
            "RoxieRegress" : [
                "[Failure] 151. Fail cryptoplugin_pke_lfn.ecl - W20250625-120247 (7 sec)",
                "[Failure] 285. Fail external.ecl - W20250625-121125 (7 sec)",
                "[Failure] 287. Fail externalplane.ecl - W20250625-121133 (7 sec)",
                "[Failure] 389. Fail indexmerge.ecl ( version: multiPart=false ) - W20250625-121841 (7 sec)",
                "[Failure] 575. Fail mergechild.ecl ( version: multiPart=false ) - W20250625-123219 (7 sec)",
                "[Failure] 672. Fail pullindex2.ecl ( version: multiPart=false ) - W20250625-123900 (7 sec)",
                "[Failure] 731. Fail rewrite.ecl - W20250625-124302 (9 sec)",
                "[Failure] 883. Fail steplimit1.ecl ( version: multiPart=false ) - W20250625-125436 (7 sec)",
                "[Failure] 885. Fail steplimit2.ecl ( version: multiPart=false ) - W20250625-125444 (7 sec)",
                "[Failure] 905. Fail stepping7.ecl ( version: multiPart=false ) - W20250625-125604 (7 sec)",
                "[Failure] 907. Fail stepping7a.ecl ( version: multiPart=false ) - W20250625-125612 (7 sec)",
                "[Failure] 909. Fail stepping7b.ecl ( version: multiPart=false ) - W20250625-125621 (7 sec)",
                "[Failure] 911. Fail stepping7c.ecl ( version: multiPart=false ) - W20250625-125629 (7 sec)",
                "[Failure] 913. Fail stepping7d.ecl ( version: multiPart=false ) - W20250625-125637 (7 sec)",
                "[Failure] 915. Fail stepping7e.ecl ( version: multiPart=false ) - W20250625-125646 (7 sec)",
                "[Failure] 917. Fail stepping7f.ecl ( version: multiPart=false ) - W20250625-125655 (7 sec)",
                "[Failure] 919. Fail stepping7g.ecl ( version: multiPart=false ) - W20250625-125703 (7 sec)",
                "[Failure] 921. Fail stepping7h.ecl ( version: multiPart=false ) - W20250625-125712 (7 sec)",
                "[Failure] 923. Fail stepping8.ecl ( version: multiPart=false ) - W20250625-125720 (7 sec)",
                "[Failure] 925. Fail stepping8a.ecl ( version: multiPart=false ) - W20250625-125728 (7 sec)",
                "[Failure] 927. Fail stepping8b.ecl ( version: multiPart=false ) - W20250625-125737 (7 sec)",
                "[Failure] 929. Fail stepping9a.ecl ( version: multiPart=false ) - W20250625-125746 (7 sec)",
                "[Failure] 931. Fail stepping9b.ecl ( version: multiPart=false ) - W20250625-125754-5 (7 sec)",
                "[Failure] 940. Fail stresstext.ecl ( version: multiPart=false ) - W20250625-125826-1 (10 sec)",
                "[Failure] 942. Fail stresstext.ecl ( version: multiPart=false, variant='default' ) - W20250625-125838 (12 sec)",
                "[Failure] 943. Fail stresstext.ecl ( version: multiPart=false, variant='inplace' ) - W20250625-125849 (10 sec)",
                "[Failure] 944. Fail stresstext.ecl ( version: multiPart=false, variant='inplace_row' ) - W20250625-125851 (10 sec)",
                "[Failure] 945. Fail stresstext.ecl ( version: multiPart=false, variant='inplace_lzw' ) - W20250625-125902 (10 sec)",
                "[Failure] 946. Fail stresstext.ecl ( version: multiPart=false, variant='inplace_lz4hc' ) - W20250625-125903 (10 sec)",
                "[Failure] 948. Fail stresstext_if.ecl ( version: multiPart=false ) - W20250625-125914 (7 sec)",
                "[Failure] 947. Fail stresstext.ecl ( version: multiPart=false, variant='inplace_zstd' ) - W20250625-125914-3 (11 sec)",
                "[Failure] 1001. Fail textsearch4.ecl ( version: multiPart=false ) - W20250625-130624 (15 sec)",
                "[Failure] 1051. Fail verifytextindex.ecl ( version: multiPart=false, variant='default' ) - W20250625-131020 (7 sec)",
                "[Failure] 1052. Fail verifytextindex.ecl ( version: multiPart=false, variant='inplace' ) - W20250625-131021 (7 sec)",
                "[Failure] 1053. Fail verifytextindex.ecl ( version: multiPart=false, variant='inplace_row' ) - W20250625-131029 (8 sec)",
                "[Failure] 1054. Fail verifytextindex.ecl ( version: multiPart=false, variant='inplace_lzw' ) - W20250625-131029-4 (8 sec)",
                "[Failure] 1055. Fail verifytextindex.ecl ( version: multiPart=false, variant='inplace_lz4hc' ) - W20250625-131038 (8 sec)",
                "[Failure] 1102. Fail workflow_9a.ecl ( version: parallel=false ) - W20250625-131353 (8 sec)",
                "[Failure] 1103. Fail workflow_9a.ecl ( version: parallel=true ) - W20250625-131353-1 (9 sec)",
                "[Failure] 1104. Fail workflow_9b.ecl ( version: parallel=false ) - W20250625-131403-5 (9 sec)",
                "[Failure] 1105. Fail workflow_9b.ecl ( version: parallel=true ) - W20250625-131403 (10 sec)",
                "[Failure] 1106. Fail workflow_9c.ecl ( version: parallel=false ) - W20250625-131414 (58 sec)",
                "[Failure] 1107. Fail workflow_9c.ecl ( version: parallel=true ) - W20250625-131414-3 (59 sec)"
            ]
        }
        ]
    }
}
