{
  "OBTResult": {
    "Env": {
      "BuildSystem": "CentOS_Linux_7",
      "Hardware": "vCPU: 8, RAM: 16 GB",
      "IPAddress": "10.20.0.45"
    },
    "Remote": {
      "System": "Minikube",
      "Hardware": "CPU/Cores: 16, RAM: 64 GB",
      "HthorConfig": {
        "Replicas": "3",
        "MaxActive": "4",
        "UseChildProcesses": "true",
        "AllowedPipePrograms": "*"
      },
      "ThorConfig": {
        "NumWorkers": "2",
        "MaxJobs": "4",
        "MaxGraph": "2",
        "MultiJobLinger": "true",
        "LingerPeriod": "200",
        "AllowedPipePrograms": "*"
      },
      "RoxieWorkunitConfig": {
        "Replicas": "1",
        "MaxActive": "20",
        "UseChildProcesses": "true",
        "AllowedPipePrograms": "*"
      }
    },
    "BuildSet": {
      "Branch": "community_9.12.10-rc1",
      "BranchDate": "N/A",
      "BranchSHA": "N/A",
      "BuildType": "Release",
      "Target": "K8s"
    },
    "Exclusion": {
      "Build": "N/A",
      "Documentation": "N/A",
      "Unittest": "N/A",
      "MLtest": "N/A",
      "Regression": "--ef pipefail.ecl -e embedded-r,embedded-js,3rdpartyservice,mongodb,spray,proxy"
    },
    "Tasks": [
      {
        "UpdateHelmRepo": {
          "Result": "Done",
          "Elaps": {
            "Formatted": "0 sec 0 sec (00:00:00)",
            "RawSec": "0"
          }
        }
      },
      {
        "CheckLocalPlatform": {
          "Result": "Done",
          "Version": "",
          "Elaps": {
            "Formatted": "41 sec 41 sec (00:00:41)",
            "RawSec": "41"
          }
        }
      },
      {
        "StartMinikube": {
          "Result": "Done",
          "Elaps": {
            "Formatted": "32 sec 32 sec (00:00:32)",
            "RawSec": "32"
          }
        }
      },
      {
        "DeployHPCC": {
          "Result": "Done",
          "Elaps": {
            "Formatted": "1 sec 1 sec (00:00:01)",
            "RawSec": "1"
          }
        }
      },
      {
        "WaitForPODs": {
          "Result": "Done",
          "NumberOfPODs": 54,
          "Elaps": {
            "Formatted": "212 sec 212 sec (00:03:32)",
            "RawSec": "212"
          }
        }
      },
      {
        "ECLWatchAnnotation": {
          "Result": "",
          "Elaps": {
            "Formatted": "39 sec 39 sec (00:00:39)",
            "RawSec": "39"
          }
        }
      },
      {
        "Setup": {
          "Result": "PASSED",
          "hthor": {
            "Elaps": {
              "Formatted": "0 sec (00:00:00)",
              "RawSec": "0"
            },
            "Total": 0,
            "Pass": 0,
            "Fail": 0,
            "Result": "N/A"
          },
          "thor": {
            "Elaps": {
              "Formatted": "104 sec (00:01:44)",
              "RawSec": "104"
            },
            "Total": 9,
            "Pass": 9,
            "Fail": 0,
            "Result": "PASSED"
          },
          "roxie": {
            "Elaps": {
              "Formatted": "77 sec (00:01:17)",
              "RawSec": "77"
            },
            "Total": 24,
            "Pass": 24,
            "Fail": 0,
            "Result": "PASSED"
          }
        }
      },
      {
        " PublishQueries": {
          "Result": "Done",
          "Total": 0,
          "Elaps": {
            "Formatted": "0 sec 0 sec (00:00:00)",
            "RawSec": "0"
          }
        }
      },
      {
        "Regress": {
          "Result": "FAILED",
          "Hthor": {
            "Result": "FAILED",
            "Elaps": {
              "Formatted": "2035 sec (00:33:55)",
              "RawSec": "2035"
            },
            "Total": 1073,
            "Pass": 1072,
            "Fail": 1
          },
          "Thor": {
            "Result": "FAILED",
            "Elaps": {
              "Formatted": "2109 sec (00:35:09)",
              "RawSec": "2109"
            },
            "Total": 951,
            "Pass": 949,
            "Fail": 2
          },
          "Roxie": {
            "Result": "FAILED",
            "Elaps": {
              "Formatted": "2863 sec (00:47:43)",
              "RawSec": "2863"
            },
            "Total": 1144,
            "Pass": 1136,
            "Fail": 8
          }
        }
      },
      {
        "CollectTimings": {
          "Result": "Done",
          "Elaps": {
            "Formatted": "23 sec 23 sec (00:00:23).",
            "RawSec": "23"
          }
        }
      },
      {
        "CollectPODLogs": {
          "Result": "Done",
          "Elaps": {
            "Formatted": "25 sec 25 sec (00:00:25).",
            "RawSec": "25"
          }
        }
      },
      {
        "UninstallPODs": {
          "Result": "Done",
          "Elaps": {
            "Formatted": "101 sec 101 sec (00:01:41)",
            "RawSec": "101"
          }
        }
      },
      {
        "StopMinikube": {
          "Result": "Done",
          "Elaps": {
            "Formatted": "12 sec 12 sec (00:00:12).",
            "RawSec": "12"
          }
        }
      },
      {
        "RunLogProcessor": {
          "Result": "Done",
          "Elaps": {
            "Formatted": "0 sec 0 sec (00:00:00).",
            "RawSec": "0"
          }
        }
      }
    ],
    "Errors": [
      {
        "HthorRegress": [
          "[Failure] 140. Fail cryptoplugin_pke_lfn.ecl - W20250606-155806-5 (1 sec)"
        ]
      },
      {
        "ThorRegress": [
          "[Failure] 137. Fail cryptoplugin_pke_lfn.ecl - W20250606-163125 (2 sec)",
          "[Failure] 258. Fail external.ecl - W20250606-163401 (2 sec)"
        ]
      },
      {
        "RoxieRegress": [
          "[Failure] 151. Fail cryptoplugin_pke_lfn.ecl - W20250606-170929 (3 sec)",
          "[Failure] 285. Fail external.ecl - W20250606-171327 (3 sec)",
          "[Failure] 287. Fail externalplane.ecl - W20250606-171331 (3 sec)",
          "[Failure] 730. Fail rewrite.ecl - W20250606-172914 (3 sec)",
          "[Failure] 1102. Fail workflow_9b.ecl ( version: parallel=false ) - W20250606-174945 (3 sec)",
          "[Failure] 1103. Fail workflow_9b.ecl ( version: parallel=true ) - W20250606-174947 (3 sec)",
          "[Failure] 1105. Fail workflow_9c.ecl ( version: parallel=true ) - W20250606-174950 (11 sec)",
          "[Failure] 1104. Fail workflow_9c.ecl ( version: parallel=false ) - W20250606-174949 (16 sec)"
        ]
      }
    ]
  }
}
